PartID,PartDescription,PartBinAddress,PartBarCode,Product Class,Current Stock,On Order,Jun-23,Jul-23,Aug-23,Sep-23,Oct-23,Nov-23,Dec-23,Jan-24,Feb-24,Mar-24,Apr-24,May-24,Jun-24,Jul-24,Aug-24,Sep-24,Oct-24,Nov-24,Dec-24,Jan-25,Feb-25,Mar-25,Apr-25,May-25,Jun-25,Jul-25,Aug-25,Sep-25,Oct-25,Nov-25,Dec-25,Jan-26,Feb-26,Mar-26,Apr-26,May-26
AAMHO1060,Odyssey 3.5L FCAB-Lower USA on,15-B-5-3,9346140026106,07 Not Classed,29,0,,,,,,,,,,,,,,,,,,,,,,,,,,,,,,,,,,,,
AG-0210,Absorber Grommet 10x16.0x25mm,31-B-1-11,0,07 Not Classed,567,0,0,0,0,0,0,0,0,0,0,0,0,0,0,0,0,0,0,0,0,0,0,0,0,0,0,0,0,0,0,0,0,0,10,0,0,0
AG-0289,Absorber bush 16x18x30mm,31-B-1-11,0,07 Not Classed,649,0,0,0,0,0,0,0,0,0,0,0,0,0,0,0,10,0,0,0,0,0,0,0,0,10,0,0,0,10,0,0,0,0,0,0,0,3
AG-0290,Grommet  10x15.5x29.5mm,31-B-1-12,0,07 Not Classed,185,0,10,0,10,0,0,0,0,0,0,0,0,0,0,0,0,0,0,0,0,0,0,0,0,-18,0,0,0,0,0,0,0,0,10,0,0,0
AG-0755,Toyota grommet 11 x 25,31-B-1-11,0,07 Not Classed,519,0,,,,,,,,,,,,,,,,,,,,,,,,,,,,,,,,,,,,
AG-3139,Absorber bush 12x18x30mm,31-B-1-11,0,07 Not Classed,139,0,0,0,10,0,0,0,0,0,0,0,0,0,0,0,0,0,0,0,0,0,0,0,0,0,0,0,0,0,0,0,0,0,0,0,0,0
AG-3500,Absorber bush 18.8x37x22mm,31-B-1-12,0,07 Not Classed,219,0,0,0,10,10,0,0,0,0,0,0,0,10,0,0,0,0,0,0,0,0,0,0,0,10,0,0,0,0,0,0,0,0,10,0,0,0
AH-511,"Ecvan,Maz E Ser 84-  A/hose",28-A-1-1,9346140000007,03 Silver,48,0,0,4,2,3,1,2,3,2,8,0,2,0,2,2,5,0,1,2,0,8,2,1,3,1,2,1,0,2,2,0,1,2,2,4,5,2
AH-513(NIL),Mazda B2200 85-96 Air C/Hose,27-B-1-4,9346140000021,07 Not Classed,0,,,,,,,,,,,,,,,,,,,,,,,,,,,,,,,,,,,,,
AH-514,"Hiace YH#5 84-89, Liteace A/H",28-A-2-1,9346140000038,04 Bronze,18,0,0,1,0,0,1,-1,1,3,0,0,2,0,0,0,0,0,0,1,0,1,3,1,0,1,1,0,0,0,0,1,0,0,0,1,0,0
AH-515,Landcruiser FJ70 89-92 A/hose,28-A-3-1,9346140000045,04 Bronze,27,0,1,2,2,0,0,0,0,3,1,2,1,0,0,1,0,0,1,0,0,1,0,4,3,1,2,0,0,0,0,1,0,2,0,2,2,0
AH-517,Tarago YR22 2.0L 85-98 A/Hose,28-A-4-1,9346140000069,04 Bronze,20,0,0,1,0,0,0,0,0,1,3,0,0,1,2,2,2,1,0,1,1,1,3,0,1,1,1,0,0,1,1,3,0,3,0,1,0,0
AH-518,"Dyna,Coaster WU90 YR30 83-92",28-A-5-1,9346140000076,04 Bronze,10,0,0,0,0,0,0,0,0,0,0,0,0,0,0,0,0,0,0,0,0,0,0,0,0,1,0,0,0,1,0,0,0,0,0,0,0,0
AH-519,Cressida MX73 85-88 Air C/Hose,28-A-5-1,9346140000083,04 Bronze,12,0,1,0,0,0,0,0,0,0,0,0,0,0,0,0,0,0,0,1,0,0,0,0,0,0,0,0,0,0,0,0,0,0,0,0,0,0
AH-520,"Express SF,SH 2.0,2.5TD A/H",28-A-5-1,9346140000090,05 No Sales FY25,0,,0,1,1,0,1,0,0,0,1,0,0,0,1,0,0,0,0,0,0,0,0,0,0,0,0,1,1,0,0,0,0,1,0,0,0,0
AH-521,Pajero L300 2.5 4WD Air C/hose,28-A-6-1,9346140000106,05 No Sales FY25,26,0,0,0,0,0,0,0,0,0,0,0,0,0,0,0,0,0,0,0,0,0,0,0,0,0,0,0,0,0,0,0,0,0,0,0,0,0
AH-522,L300 2WD 88-99  Air C.Hose,28-A-6-1,9346140000113,07 Not Classed,11,0,,,,,,,,,,,,,,,,,,,,,,,,,,,,,,,,,,,,
AH-525,Toyota AE100-102 94-98 Air C.H,28-A-7-1,9346140000144,04 Bronze,12,0,0,0,2,-1,0,0,0,0,0,0,0,0,0,0,0,1,0,0,0,0,0,0,0,0,0,0,0,0,0,0,0,0,0,0,0,0
AH-526,Toyota AE111-112 98-00 Air C.H,28-A-8-1,9346140000151,04 Bronze,9,0,0,0,0,0,0,0,1,0,0,2,0,0,1,0,0,0,0,1,0,0,1,0,0,0,1,0,0,0,0,0,0,0,0,0,0,1
AH-527,Celica ST162 85-89 3SFEAir Hos,27-B-2-4,9346140000168,04 Bronze,22,0,1,0,1,0,1,0,0,1,0,0,0,0,0,0,0,0,0,0,0,0,0,3,0,2,0,0,0,0,1,0,0,2,0,0,0,0
AH-528,Lndcser HZJ70-79 90-97 A/Hose,28-A-9-1,9346140000175,03 Silver,84,0,3,6,14,19,0,3,6,9,19,10,1,9,3,2,6,1,5,3,1,10,1,5,5,4,1,1,2,10,2,11,5,4,3,3,2,5
AH-529,Lndcrzer LJ79 85-92 Air C.Hose,28-A-11-1,9346140000182,07 Not Classed,24,0,,,,,,,,,,,,,,,,,,,,,,,,,,,,,,,,,,,,
AH-530,"Landcruiser HJ47,60 80-90 A/H",28-A-12-1,9346140000199,04 Bronze,30,0,2,1,1,1,0,2,1,1,1,0,0,1,0,1,2,0,2,0,2,1,1,2,1,0,0,0,0,0,1,2,0,0,1,0,0,0
AH-531,Landcruiser HJ75 4.0L 85-90 AH,28-A-14-1,9346140000205,04 Bronze,18,0,0,0,1,0,0,0,2,1,1,0,0,2,2,0,0,1,0,0,0,1,0,1,0,0,0,0,0,0,0,0,0,0,0,1,1,0
AH-532,"Camry SDV10,SXV10 93-98 A/Hose",28-A-15-1,9346140000212,04 Bronze,47,0,0,2,6,0,2,2,1,5,1,1,0,0,0,0,1,2,0,0,2,1,1,1,2,0,1,0,2,1,0,0,0,3,1,1,0,1
AH-533,"Hilux LN50,LH50 84-89 Air C.Ho",28-A-16-1,9346140000229,04 Bronze,50,0,1,3,0,0,0,1,0,0,0,1,0,0,1,0,1,2,1,0,1,0,1,1,0,0,0,0,0,0,0,0,0,0,0,0,0,0
AH-534,Hiace LH112 89-00 Air C.Hose,28-A-1-2,9346140000236,03 Silver,81,0,2,2,1,0,-1,-1,1,3,1,0,2,1,2,11,2,1,4,1,2,0,2,0,1,2,1,4,4,0,0,1,0,1,0,3,2,2
AH-535,"Hilux LN147,167,172 3.0L AHose",28-A-2-2,9346140000243,02 Gold,304,0,4,23,5,15,8,12,22,8,27,10,5,6,5,2,13,5,6,5,3,16,14,9,6,14,12,11,2,14,12,4,3,7,14,11,8,5
AH-536,"Tarago TCR10,20 2.4L Air Hose",28-A-4-2,9346140000250,04 Bronze,26,0,0,0,0,1,0,3,1,2,0,1,0,1,1,2,1,3,0,0,0,1,0,1,0,1,3,0,1,1,1,0,0,1,0,5,1,0
AH-537,"Econovan, Maxi Diesel Air hose",28-A-5-2,9346140000267,05 No Sales FY25,18,0,0,0,0,0,0,0,0,0,0,0,0,0,0,0,0,0,0,0,0,0,0,0,0,0,0,0,0,0,0,0,0,0,0,0,0,0
AH-538,Ford Courier PD 2.5L Air hose,28-A-6-2,9346140000274,04 Bronze,78,0,0,0,2,1,-1,-1,0,1,1,0,1,0,0,1,1,1,2,0,2,0,2,1,0,0,2,3,1,0,-1,0,2,0,0,2,1,1
AH-539,"323, Asti,Las 1.6,1.8L 95-96 H",28-A-7-2,9346140000281,03 Silver,214,0,2,4,2,2,5,2,11,1,0,3,1,1,1,2,1,4,4,0,2,7,0,0,1,0,1,1,0,2,0,1,0,2,1,2,0,0
AH-541,Tarago 83-89 Carbie Air c/hose,28-A-9-2,9346140000304,04 Bronze,159,0,0,0,1,0,0,0,0,0,0,0,0,0,0,0,0,0,0,0,1,0,0,0,0,0,0,0,1,0,0,-1,0,0,0,0,0,0
AH-542,Camry SV21 2.0L Air c/hose,28-A-10-2,9346140000311,07 Not Classed,39,0,,,,,,,,,,,,,,,,,,,,,,,,,,,,,,,,,,,,
AH-543,Camry DVD10 3.0L Air c/hose,28-A-10-2,9346140000328,04 Bronze,95,0,0,2,1,0,-1,-1,0,1,0,0,0,0,1,0,0,0,1,0,1,1,0,1,1,0,0,0,0,0,0,1,0,0,1,0,0,0
AH-544,Mazda T3000 84-89 Air c/hose,16-B-1-1,9346140000335,05 No Sales FY25,7,0,0,0,1,0,0,0,0,0,0,0,0,0,0,0,0,0,0,0,0,0,0,0,0,0,0,0,0,0,0,0,0,0,0,0,0,0
AH-547,"Hilux LN106/7/11 2L,3L A/Hose",28-A-12-2,9346140000366,03 Silver,126,0,2,20,13,8,6,2,5,10,17,2,4,5,1,5,7,5,7,0,0,23,2,7,3,7,2,4,5,2,2,3,6,6,1,3,3,1
AH-548,Hiace LH113 89-95 Air c/hose,28-A-14-2,9346140000373,05 No Sales FY25,202,0,0,0,0,0,-1,-1,0,0,0,0,0,0,0,0,0,0,0,0,0,0,0,0,0,0,0,0,0,0,0,0,0,0,0,0,0,0
AH-550,Hiace RZH112 95-05 EFI A/Hose,28-A-15-2,9346140000397,03 Silver,86,0,1,4,3,2,5,3,1,4,3,0,3,0,4,4,6,1,1,-1,4,3,-1,1,0,1,1,1,0,2,3,1,5,3,1,0,0,2
AH-552,Hiace 2RZ 2.4L 89-00 Carby A/H,28-A-1-3,9346140000410,03 Silver,15,0,0,1,0,1,0,0,0,1,3,0,3,0,0,2,1,2,1,0,3,3,2,3,3,3,2,2,3,1,1,1,1,0,1,2,0,0
AH-552H,Hiace 2RZ 2.4 89-00 HeavyDuty,28-A-2-3,9346140018446,04 Bronze,8,0,1,0,2,0,0,0,1,0,1,0,0,0,0,0,2,0,0,0,0,0,0,0,0,0,0,0,2,0,1,0,0,0,0,0,0,0
AH-553S,"Swift RS415,SX4 16L Air C/Hose",28-A-2-3,9346140041116,03 Silver,16,50,0,0,0,0,0,0,0,0,0,0,0,0,0,0,2,2,2,1,0,1,2,2,2,1,2,2,1,2,4,1,0,5,3,2,4,3
AH-556,"Hiace RCH12,22 2.4L 98-05 A/H",28-A-3-3,9346140000458,04 Bronze,14,0,0,0,0,0,-1,-1,0,0,0,0,0,0,0,0,0,0,0,0,0,0,0,2,0,0,0,0,1,0,1,-1,0,0,0,1,0,0
AH-559,"4 Runner VZN130, Hilux A/hose",28-A-4-3,9346140000489,04 Bronze,81,0,0,0,0,0,0,-1,0,2,0,1,1,0,0,0,0,1,0,0,1,1,0,0,0,0,0,1,0,0,0,0,0,2,0,1,2,0
AH-560,"Corolla ZZE122, 1ZZFE A/hose",28-A-5-3,9346140000496,04 Bronze,29,0,-1,0,0,1,-1,-1,2,1,1,0,0,0,1,0,0,0,1,0,0,0,0,2,-1,-1,1,0,0,0,0,0,0,0,0,0,0,0
AH-562,"Hilux KDN151,166 3.0L A/hose",28-A-5-3,9346140000519,07 Not Classed,31,0,,,,,,,,,,,,,,,,,,,,,,,,,,,,,,,,,,,,
AH-563,Universal Air hose 65x65x270,28-A-6-3,9346140000526,04 Bronze,79,0,1,0,0,0,0,0,0,0,0,0,0,0,0,0,0,0,0,0,1,0,0,0,0,0,0,0,0,0,0,0,0,0,0,0,0,0
AH-564,Celica ST184 89-94 Air hose,28-A-7-3,9346140000533,04 Bronze,59,0,2,0,2,1,1,0,1,1,0,2,0,1,1,2,0,1,0,0,0,1,0,0,1,0,0,2,1,0,0,0,0,0,2,0,5,0
AH-565,"Hilux KUN15,25,35 2.5TD A/hose",28-A-7-3,9346140000540,05 No Sales FY25,22,0,0,0,0,0,-1,-1,0,0,0,0,0,0,0,0,0,0,0,0,0,0,0,0,0,0,0,0,0,0,0,0,0,0,0,0,0,0
AH-566,323 Protege 1.6 98-03 Air Hose,28-A-9-3,9346140000557,02 Gold,169,0,8,8,8,13,11,13,20,9,18,11,5,5,6,8,1,15,5,2,1,50,4,2,7,11,5,4,11,4,7,3,2,5,7,3,6,1
AH-567,Hilux Surf LN105 2.8L 88-97,28-A-11-3,9346140000564,04 Bronze,30,0,0,2,0,0,-1,-1,1,0,0,0,1,0,0,0,1,0,0,0,1,0,0,0,0,0,0,0,0,0,0,0,1,0,0,0,0,0
AH-568,Camry SXV20 2.2 97-02 A/Hose,28-A-12-3,9346140000571,04 Bronze,11,0,1,0,3,1,1,3,1,2,2,2,2,2,1,0,4,0,1,0,2,0,2,0,0,1,1,0,0,0,0,0,0,1,0,2,1,2
AH-569,Landcruiser FZJ80 95-98 A/Hose,28-A-13-3,9346140000588,03 Silver,73,0,3,15,5,13,4,0,10,4,7,6,5,13,8,5,2,1,9,1,4,11,3,11,2,2,1,2,3,4,7,0,7,1,7,5,7,4
AH-570,"Camry ACV30,31 2.0,2.4L A/Hose",28-A-1-4,9346140000595,04 Bronze,26,0,0,0,0,0,0,0,0,0,0,0,0,0,0,0,0,0,0,0,0,0,0,0,0,0,0,0,0,0,0,0,0,0,0,0,0,0
AH-571,"Falcon EL-EF, AU Air hose",28-A-15-3,9346140000601,02 Gold,202,0,6,12,9,16,13,14,15,12,18,5,4,13,12,9,17,1,12,4,0,40,0,1,11,8,19,2,9,3,16,1,1,12,2,5,5,7
AH-572,Econovan JH 97-04 Air hose,28-A-2-4,9346140000618,04 Bronze,20,0,0,0,0,0,-1,0,0,0,0,0,0,0,1,-1,0,0,1,0,0,0,1,0,3,-1,0,1,0,0,1,0,-1,0,0,0,0,0
AH-573,Econovan JH 97-04 Air hose,28-A-3-4,9346140000625,05 No Sales FY25,54,0,0,0,0,0,0,1,0,0,0,0,0,0,0,0,0,0,0,0,0,0,0,0,0,0,0,0,0,0,0,0,0,0,0,0,0,0
AH-574,"323, Laser 90-94 SOHC",28-A-4-4,9346140000632,05 No Sales FY25,31,0,0,0,0,0,0,1,0,0,0,0,0,0,0,0,0,0,0,0,0,0,0,0,0,0,0,0,0,0,0,0,0,0,0,0,0,0
AH-575,"323,Laser 1.6,1.8L 95-98 Ahose",28-A-5-4,9346140000649,05 No Sales FY25,37,0,0,0,0,0,0,0,0,0,1,0,0,0,0,0,0,0,0,0,0,0,0,0,0,0,0,0,0,0,0,0,0,0,0,0,0,0
AH-576,"323,Laser 1.8,2.0L 99-03 Ahose",28-A-6-4,9346140000656,01 Platinum,125,0,4,33,27,23,22,22,15,30,16,19,9,13,6,12,13,5,22,1,5,28,13,15,6,9,17,9,11,17,5,5,13,7,5,12,9,12
AH-577,"626,Tel AX-AY 2.0 93-97 A/hose",28-A-8-4,9346140000663,04 Bronze,25,0,0,0,0,0,0,0,0,0,0,1,0,0,0,0,0,0,1,0,0,0,0,0,0,0,0,0,0,0,0,0,0,0,0,0,0,0
AH-578,Nissan N14 1.6L 91-95 A/hose,28-A-9-4,9346140000670,04 Bronze,29,0,0,0,0,0,0,0,0,0,0,0,0,1,-1,0,0,0,1,0,0,0,0,0,0,0,0,0,0,0,0,1,0,0,0,0,0,0
AH-579,Nissan N16 00-on Air C/hose,28-A-10-4,9346140000687,04 Bronze,9,0,0,0,2,3,0,1,1,0,1,2,2,3,2,0,0,0,0,0,0,0,0,0,0,1,-1,0,0,0,2,0,0,0,1,1,1,0
AH-580,Maxima A32 95-99 Air hose,28-A-11-4,9346140000694,04 Bronze,30,0,0,0,0,0,0,0,0,1,0,0,2,0,0,0,0,0,0,2,0,0,0,0,0,0,0,0,0,0,0,0,0,1,0,0,0,1
AH-583,"Paseo,Tercel 1.3,1.5L A/hose",28-A-12-4,9346140000724,04 Bronze,18,0,1,-1,0,0,0,0,2,0,1,0,1,1,0,0,0,0,1,0,0,1,0,2,0,2,0,1,0,2,2,2,-1,1,3,-1,0,0
AH-584,Corona 2.0L 88-92 Air hose,27-B-1-4,9346140000731,04 Bronze,1,0,0,0,0,0,0,0,0,0,0,1,0,0,0,0,0,0,0,-1,0,0,0,0,0,0,0,0,0,0,0,0,0,0,0,0,0,0
AH-585,Corona 2.0L 97-00 Air hose,27-B-1-4,9346140000748,05 No Sales FY25,0,,0,0,0,0,0,0,0,0,0,0,1,-1,0,0,0,0,0,0,0,0,0,0,0,0,0,0,0,0,0,0,0,0,0,0,0,0
AH-586,Camry 3.0L V6 97-02 Air hose,28-A-13-4,9346140000755,02 Gold,86,0,8,1,5,9,10,12,1,5,17,7,14,9,1,13,12,11,10,4,1,7,7,10,3,3,10,10,11,1,8,8,6,4,2,3,8,5
AH-587,Camry ACV31 2.0L 02-06 A/Hose,28-A-15-4,9346140000762,07 Not Classed,19,0,,,,,,,,,,,,,,,,,,,,,,,,,,,,,,,,,,,,
AH-588,Camry 3.0L V6 02-05 Air hose,28-A-16-4,9346140000779,04 Bronze,35,0,-2,0,0,1,-1,2,1,4,0,0,0,0,0,0,1,1,0,0,0,0,0,0,2,1,0,0,4,0,0,0,0,0,0,0,0,0
AH-589,Mazda 6 2.3L 02-07 Air hose,28-B-1-1,9346140000786,04 Bronze,47,0,0,1,0,0,0,0,0,0,0,0,0,0,0,0,0,0,0,0,0,0,0,0,0,1,0,0,0,1,1,0,0,0,0,0,0,0
AH-590,Dyna 150 2.8L YL61 88-95 Ahose,28-B-2-1,9346140000793,05 No Sales FY25,39,0,0,0,0,0,0,0,0,0,0,0,0,0,0,0,0,0,0,0,0,0,0,0,0,0,0,0,0,0,0,0,0,0,-1,0,0,0
AH-591,Celica ST162 3SGE 85-89 A/hose,28-B-3-1,9346140000809,04 Bronze,90,0,1,1,0,0,2,0,0,2,0,1,1,0,1,0,0,1,0,1,0,1,1,0,0,1,1,0,1,0,3,0,1,1,0,1,0,0
AH-592,Eunos 30X V6 92-96 Air hose,28-B-4-1,9346140000816,04 Bronze,12,0,1,2,0,0,0,0,0,1,0,1,0,0,2,1,0,0,0,0,0,0,0,0,0,0,0,0,1,1,0,0,0,1,0,0,0,0
AH-593,"Tel AX,AY,Mazda GE V6 A/hose",28-B-5-1,9346140000823,04 Bronze,11,0,0,0,0,2,0,1,0,2,1,1,0,0,1,0,1,1,0,0,0,0,1,1,0,0,0,0,0,0,1,2,0,1,1,1,0,0
AH-594,H.Surf LN130 2.4L 89-93 A/hose,28-B-6-1,9346140000830,04 Bronze,19,0,0,1,1,1,0,0,0,0,0,0,0,1,0,0,1,0,2,0,1,1,0,0,2,0,0,1,0,0,0,0,0,0,0,1,0,2
AH-598,Ford Escape 2.3L 00-on A/hose,28-B-7-1,9346140000878,02 Gold,73,0,5,5,10,7,7,2,9,12,11,15,10,7,1,6,6,3,13,3,5,18,8,17,6,6,6,3,4,9,10,2,3,6,10,7,3,3
AH-599,Estima MCR30 V6 00-05 Air hose,28-B-9-1,9346140000885,02 Gold,174,0,9,20,8,12,12,9,6,9,22,20,14,15,5,14,8,10,3,6,9,7,13,6,8,10,10,10,6,13,6,11,6,4,33,11,15,8
AH-600,"Rod TF,D-Max 3.0TD 02-04 Ahose",28-B-11-1,9346140000892,04 Bronze,10,0,0,0,0,0,0,0,0,0,1,1,1,0,0,0,0,0,0,0,0,1,0,0,0,0,0,0,0,0,0,0,0,0,0,1,0,0
AH-601,Telstar/626 2.2L 87-94  A/hose,28-B-12-1,9346140000908,04 Bronze,40,0,1,1,2,1,0,1,1,0,1,0,0,3,0,1,1,1,0,0,0,0,0,0,0,0,1,1,0,0,2,2,-2,0,0,0,0,0
AH-602,Hilux KZN130 3.0TD 93-05 Ahose,28-B-13-1,9346140000915,04 Bronze,72,0,0,0,0,0,0,1,0,0,0,0,0,0,0,0,0,0,0,1,0,0,0,0,0,1,0,0,0,0,0,0,0,0,-1,1,0,0
AH-603,"Hilux LN140-190 2L,3L A/hose",28-B-14-1,9346140000922,07 Not Classed,28,0,,,,,,,,,,,,,,,,,,,,,,,,,,,,,,,,,,,,
AH-604,Toyota Rav4 94-00 Air hose,28-B-15-1,9346140000939,05 No Sales FY25,4,0,0,0,0,0,0,0,0,0,0,0,1,0,0,0,0,0,0,0,0,0,0,0,0,0,0,0,0,0,0,0,0,0,0,0,1,0
AH-605,"Dyna YH81,80 LY100 2L A/Hose",28-B-16-1,9346140000946,04 Bronze,20,0,0,0,0,0,0,0,0,0,0,0,0,0,0,0,0,1,1,0,0,0,0,0,0,0,0,0,0,0,0,0,1,0,0,0,0,0
AH-608,"Hilux LN40,46 79-83 Air Hose",28-B-1-2,9346140000977,04 Bronze,59,0,1,0,0,1,3,-1,0,0,2,1,1,-1,1,0,1,1,0,0,0,0,0,1,0,0,0,1,0,0,0,2,0,0,1,2,0,1
AH-609,"Hilux LN56,65 84-88 Air hose",28-B-2-2,9346140000984,04 Bronze,24,0,2,0,1,1,1,1,0,0,0,0,0,0,0,3,2,0,0,0,2,1,1,1,0,0,1,1,0,1,2,0,1,2,2,1,2,2
AH-610,"Dyna BU61,BU66 88-95 Air Hose",28-B-3-2,9346140000991,04 Bronze,25,0,0,0,0,0,0,1,0,1,0,0,1,0,0,1,1,1,1,0,1,0,1,1,1,0,0,1,0,0,1,0,0,0,0,1,1,0
AH-611,"Surf KZN185,Prado KZJ95 A/Hose",28-B-4-2,9346140001004,04 Bronze,36,0,2,6,2,2,-1,-1,0,4,9,1,0,1,0,2,1,0,1,1,0,0,0,2,1,4,0,0,4,0,1,2,6,2,1,3,1,2
AH-612,Hilux RZN149/154 2.7  97-05 Ah,28-B-5-2,9346140001011,04 Bronze,22,0,0,0,0,2,0,2,1,0,0,0,2,0,0,2,1,0,0,1,0,1,0,0,1,1,1,2,0,1,1,0,0,0,0,0,1,-1
AH-613,"323 BA,Pro 1.5,1.6L 94-99 Hose",28-B-6-2,9346140001028,05 No Sales FY25,109,0,0,0,0,0,0,0,0,0,0,0,1,0,0,0,0,0,0,0,0,0,0,0,0,0,0,0,0,1,0,0,0,0,0,0,0,0
AH-614,"Hilux LN147,167,172 5LE A/Hose",28-B-7-2,9346140001035,01 Platinum,266,0,13,17,9,21,12,18,5,10,32,9,3,22,15,9,7,8,8,7,5,25,9,13,12,11,11,5,3,5,7,2,10,10,9,6,8,12
AH-615,Prado RZJ95 2.7L 96-02 A/Hose,28-B-9-2,9346140001042,04 Bronze,55,0,0,1,1,2,0,0,0,0,1,2,1,2,-1,0,1,0,0,0,0,0,1,2,0,1,0,0,0,0,0,2,1,0,0,4,0,0
AH-616,Lndcriser HZJ80 4.2L Diesel,28-B-10-2,9346140001059,03 Silver,161,0,0,3,9,6,2,2,5,1,5,2,0,4,0,0,5,2,7,2,0,7,1,4,1,0,0,0,0,1,0,3,1,1,2,1,2,1
AH-617,Landcruiser BJ60 3.4D 81-85 AH,28-B-11-2,9346140001066,04 Bronze,26,0,0,0,0,2,0,0,0,0,0,0,0,1,1,0,0,0,2,0,0,0,0,0,0,0,0,1,0,1,0,0,0,0,0,0,0,0
AH-618,"323 BA,Las KJ 1.8L 97-98 Ahose",28-B-12-2,9346140001073,03 Silver,102,0,3,5,6,5,3,1,0,4,5,0,5,7,-1,4,5,6,1,2,1,16,0,0,2,1,0,0,1,1,1,2,0,2,1,1,3,1
AH-619,"Dyna BU 12B,14B 88-95 Air Hose",28-B-14-2,9346140001080,04 Bronze,44,0,1,0,0,0,0,0,0,0,0,0,0,0,0,0,1,0,1,1,0,0,0,0,0,0,0,1,0,0,0,0,0,0,0,0,0,0
AH-620,Ford BA/BF 02-on Air Hose,28-B-15-2,9346140001097,04 Bronze,76,0,0,0,1,1,-1,1,0,3,1,2,0,0,0,1,1,0,0,1,1,1,0,0,0,2,1,1,2,2,2,0,1,0,0,-1,2,2
AH-621,Prado VZJ95 3.4L 96-99 A/hose,28-B-1-3,9346140001103,03 Silver,51,100,1,1,5,4,3,4,4,5,3,6,5,6,7,5,6,3,4,2,6,7,1,1,6,2,8,7,3,10,5,7,3,4,2,5,4,5
AH-622,Prado GRJ120 4.0L 03-09 A/hose,28-B-16-2,9346140001110,05 No Sales FY25,5,0,0,0,0,0,0,0,0,0,0,0,0,0,0,0,0,0,0,0,0,0,0,0,0,0,0,0,0,0,0,0,0,0,0,0,0,0
AH-623,"Corolla AE91, AE92 88-93 Ahose",28-B-3-3,9346140001127,05 No Sales FY25,13,0,0,0,0,0,0,0,0,0,0,0,0,0,0,0,0,0,0,0,0,0,0,0,0,0,0,0,0,1,0,0,0,1,0,0,0,0
AH-624,Mazda 3 2.0L 04-on Air hose,28-B-4-3,9346140001134,04 Bronze,20,0,1,1,0,1,0,0,0,1,1,0,0,0,1,0,0,1,0,0,1,0,1,1,1,0,0,1,0,1,0,0,0,0,0,1,1,2
AH-625,Tribute 3.0 V6 01-06 Air Hose,28-B-4-3,9346140001141,05 No Sales FY25,13,0,0,0,1,0,-1,0,0,0,0,0,0,0,0,0,0,0,0,0,0,0,0,0,0,0,0,0,0,0,0,0,0,0,0,0,0,0
AH-626,Hilux RN85-130 22R 88-98 Ahose,28-B-5-3,9346140001158,03 Silver,13,50,1,7,8,6,1,2,0,2,6,1,2,2,0,2,0,1,0,1,1,2,2,2,2,2,6,3,4,2,3,1,6,8,5,3,2,6
AH-627,Landcruis FZJ80 1FZF 92-92 A/H,28-B-6-3,9346140001165,04 Bronze,13,0,0,0,0,0,0,0,0,0,0,0,0,0,1,-1,0,0,0,0,0,0,0,0,0,0,0,0,0,0,0,0,0,0,0,0,0,0
AH-628,Landcru. FZJ105 4.5L 98-02 A/H,28-B-6-3,9346140001172,04 Bronze,94,0,0,0,0,2,0,1,7,0,1,0,1,0,2,0,0,0,4,0,1,5,0,0,0,0,0,1,1,0,0,0,0,0,0,0,0,1
AH-628B,Landcru. FZJ105 4.5L 98-02 A/H,28-B-7-3,9346140025192,02 Gold,63,100,3,9,15,12,3,8,8,5,7,9,6,6,5,8,7,9,9,3,4,12,4,13,6,6,2,5,4,2,5,4,4,3,4,5,5,3
AH-629,"Landcr FZJ78,79 4.5L 99-07 A/H",28-B-9-3,9346140001189,04 Bronze,43,0,1,-1,0,0,0,0,0,0,0,0,0,0,1,0,0,0,0,0,1,-1,0,0,0,0,0,0,0,0,0,0,1,0,0,1,0,0
AH-630,"Hiace LH103,113,125,162,172 AH",28-B-10-3,9346140018453,04 Bronze,37,0,0,0,0,2,0,1,1,1,0,0,0,0,1,1,1,1,0,0,0,0,0,0,0,0,0,0,0,0,3,0,0,0,0,1,0,0
AH-631,Camry ACV36R 2.4L 02-06 A/Hose,28-B-11-3,9346140018460,03 Silver,23,0,1,0,2,3,1,3,2,0,3,2,2,3,0,0,1,2,4,2,3,0,0,4,2,6,2,2,3,1,0,3,3,1,0,3,1,2
AH-632,Hillux YN56-YN106 88-99 A/hose,28-B-12-3,9346140018477,04 Bronze,27,0,-1,0,1,1,1,0,0,0,0,1,0,0,0,0,1,0,0,0,0,0,0,3,0,0,1,0,0,1,1,-1,1,0,0,0,0,2
AH-634,"Dyna RU20,30 2.0L 77-84 A/hose",28-B-13-3,9346140018491,05 No Sales FY25,37,0,0,0,0,0,0,1,0,0,0,0,0,0,0,0,0,0,0,0,0,0,0,0,0,0,0,0,0,0,0,0,0,0,0,0,0,0
AH-635,Lexus GS300 3GRFE A/hose,28-B-14-3,9346140018507,04 Bronze,17,0,0,0,0,2,0,1,0,1,0,2,0,-1,0,1,1,1,1,0,-1,0,1,0,0,2,0,0,0,0,0,0,1,0,0,3,3,2
AH-636,Mazda B2500 99-08  AHose,28-B-15-3,9346140018514,05 No Sales FY25,67,0,0,0,0,0,0,0,0,0,0,0,0,0,0,0,0,0,0,0,0,0,0,0,0,0,0,0,0,0,0,0,0,0,0,0,0,0
AH-637,Patrol GU 4.5L 97-01 Air hose,28-B-16-3,9346140018521,03 Silver,143,0,4,2,2,3,1,0,0,4,3,0,0,3,2,2,2,2,0,0,1,5,1,1,1,2,0,1,0,0,1,0,2,1,0,0,1,0
AH-638,Kia Carnival V6 99-07 A/Hose,28-B-1-4,9346140018538,04 Bronze,21,0,0,0,1,1,0,-1,0,0,0,0,2,1,0,0,0,0,1,0,0,1,1,0,2,0,0,0,1,0,0,1,0,0,0,1,0,0
AH-639,"Ran/BT50 2.5,3.0TD 06-11 AHose",16-B-2-1,9346140018545,01 Platinum,338,0,12,48,26,45,27,0,0,0,67,31,22,46,32,42,56,26,45,19,14,49,20,33,24,26,26,26,37,25,36,19,48,25,15,48,34,30
AH-640,"Triton ML,MN 2.5TD 09-13 AHose",28-B-4-4,9346140018552,03 Silver,87,0,0,6,2,5,0,4,4,3,0,7,3,3,2,4,2,0,4,4,3,6,1,2,3,4,6,5,2,3,2,4,0,3,4,3,2,3
AH-641,Navara 3.0L TD 01-08 A/hose,28-B-6-4,9346140018569,04 Bronze,67,0,0,0,0,0,0,0,0,0,0,0,0,0,0,0,0,0,0,0,0,0,0,0,0,0,0,0,0,0,0,0,0,0,0,0,0,0
AH-642,"Isuzu NHR55,NKR55 84-03 Ahose",28-B-7-4,9346140018576,07 Not Classed,48,0,,,,,,,,,,,,,,,,,,,,,,,,,,,,,,,,,,,,
AH-643,Triton 3.2TD KB8 06-09 A/Hose,28-B-8-4,9346140018583,04 Bronze,41,0,0,1,2,0,0,2,0,1,1,0,1,0,1,0,0,1,0,0,0,1,0,2,0,0,1,2,1,1,1,2,1,2,1,1,2,0
AH-644,Hilux KZN165 3.0L 98-04 A/hose,16-B-3-1,9346140018590,01 Platinum,125,0,7,22,13,23,12,7,7,17,38,8,3,14,6,17,24,8,13,6,3,53,5,11,8,14,24,19,19,6,15,7,7,13,8,22,23,13
AH-645,CRV 2.0L 97-98 Air intake Hose,28-B-11-4,9346140018606,07 Not Classed,9,0,,,,,,,,,,,,,,,,,,,,,,,,,,,,,,,,,,,,
AH-646,CRV 2.0L 99-01 Air intake hose,28-B-12-4,9346140018613,04 Bronze,35,0,0,0,0,0,0,0,0,0,0,0,0,0,0,0,1,0,0,0,0,0,0,0,0,0,0,0,0,0,0,0,0,1,0,0,0,0
AH-647,"CRV 2.4,Integ 2.0 01-07 A/Hose",28-B-13-4,9346140020852,02 Gold,135,0,3,8,10,11,6,7,13,8,13,7,6,10,3,9,14,5,7,3,5,17,5,12,5,10,6,3,8,-1,7,4,5,8,6,6,3,10
AH-648,MPV 2.5L V6 99-02 Air C/Hose,28-B-15-4,9346140022979,04 Bronze,72,0,0,1,1,1,0,0,1,0,0,1,0,0,0,0,1,0,1,1,0,1,0,0,0,0,0,0,1,0,0,1,1,0,0,0,0,0
AH-649,Mazda E2200 2.2L 84-97 A/Hose,28-B-16-4,9346140023020,04 Bronze,0,20,0,1,0,0,1,1,0,0,0,0,0,0,0,0,1,0,0,0,0,1,0,0,0,0,0,0,0,0,0,0,0,0,0,0,0,0
AH-650,"Comm VT-VY,WH,WK V6 Air C/hose",16-B-4-1,9346140023556,01 Platinum,39,500,13,64,43,51,49,53,29,55,53,21,13,29,8,12,29,36,40,8,16,92,39,30,34,19,26,22,28,23,18,11,14,14,32,36,14,20
AH-651,"Hiace KDH200,TRH201 2.5L AHose",28-C-4-1,9346140027875,05 No Sales FY25,25,0,0,0,0,0,1,0,0,0,0,0,0,1,0,0,0,0,0,0,0,0,0,0,0,0,0,0,0,0,0,0,0,0,0,0,0,0
AH-652,CRV RD7 2.4L 05-07 Air Hose,28-C-5-1,9346140024850,04 Bronze,22,0,1,0,1,0,-1,-2,0,2,2,3,2,2,1,0,0,2,3,0,1,1,0,1,2,1,1,1,1,0,1,1,0,3,1,2,0,0
AH-653,Accord CP2 2.4L 08-13 Air Hose,28-C-6-1,9346140024782,04 Bronze,15,0,0,1,0,0,1,1,0,0,2,1,0,0,1,1,0,1,0,0,0,1,0,1,0,0,1,2,1,1,2,1,2,0,0,4,1,0
AH-654,Accord CP1 2.0L 08-on A/Hose,28-C-7-1,9346140024836,04 Bronze,16,0,0,0,0,0,0,0,0,0,0,0,0,0,0,0,0,0,0,0,0,0,0,1,0,0,0,0,1,-1,0,0,0,0,0,0,0,0
AH-655,Accord CG5 2.3L 98-03 Air hose,28-C-8-1,9346140024812,07 Not Classed,18,0,,,,,,,,,,,,,,,,,,,,,,,,,,,,,,,,,,,,
AH-656,Accord CM5 2.4L 03-08 A/hose,28-C-9-1,9346140024805,03 Silver,89,0,2,3,5,3,2,3,3,7,12,4,9,3,3,6,5,5,7,3,4,4,1,4,3,4,3,10,4,5,4,5,3,7,7,7,4,1
AH-657,Accord CM6 3.0L V6 03-08 AHose,28-C-11-1,9346140024843,03 Silver,131,0,4,5,9,1,4,1,6,3,9,4,2,2,5,3,1,4,6,1,3,1,2,2,0,3,2,2,2,2,7,1,4,3,2,5,4,2
AH-658,"Hilux LN147,167,172 5LE AHose",28-C-12-1,9346140023815,03 Silver,134,0,3,4,3,10,1,0,1,3,3,3,4,9,2,3,2,2,1,2,2,5,2,2,3,0,5,1,2,0,2,4,1,7,7,5,1,4
AH-659,CRV RE4 2.4L 06-15 Air Hose,28-C-13-1,9346140024799,04 Bronze,24,0,0,0,2,1,1,0,2,0,1,0,0,2,0,0,2,1,0,0,0,0,1,1,1,0,0,1,0,1,1,0,2,1,0,0,1,0
AH-660,"Pajero V63,V73 V6 00-06 A/Hose",27-B-3-4,9346140024829,04 Bronze,21,0,0,0,0,0,0,0,0,0,0,0,0,0,0,0,0,0,1,0,0,0,1,1,0,0,0,1,1,0,0,0,0,1,0,2,1,-1
AH-661,Cielo 1.5L SOHC 95-97 Air hose,28-C-14-1,9346140024867,05 No Sales FY25,10,0,0,0,0,0,0,0,0,0,0,0,0,0,1,0,0,0,0,0,0,0,0,0,0,0,0,0,0,0,0,0,0,0,0,0,0,0
AH-662,Chev Epica 2.0L 11-13 A/Hose,28-C-15-1,9346140024959,07 Not Classed,20,0,,,,,,,,,,,,,,,,,,,,,,,,,,,,,,,,,,,,
AH-663,Camry ACV40 2.4L 06-12 A/Hose,28-C-15-1,9346140027868,04 Bronze,15,0,1,0,0,0,0,0,0,0,0,0,0,0,0,0,1,0,0,0,0,0,0,0,0,0,2,0,-1,0,0,0,0,0,0,0,0,0
AH-665,Matiz II M150 1.0L 05-09 AHose,28-C-16-1,9346140024874,07 Not Classed,20,0,,,,,,,,,,,,,,,,,,,,,,,,,,,,,,,,,,,,
AH-666,"Yaris NCP90,91,93,130,131 AHos",28-C-16-1,9346140024904,04 Bronze,16,0,0,0,0,0,1,0,0,0,0,0,0,0,0,0,0,0,0,0,0,0,1,0,0,0,0,0,0,0,0,0,0,0,0,0,0,0
AH-667,"Echo NCP12,13 1.5L 99-05 AHose",28-C-1-2,9346140024911,05 No Sales FY25,19,0,0,0,0,0,0,0,0,0,0,0,0,0,0,0,0,0,0,0,0,0,0,0,0,0,0,0,0,1,-1,0,0,0,0,0,0,0
AH-668,Lanos 1.5L 97-03 SOHC A/hose,28-C-1-2,9346140024928,04 Bronze,18,0,0,0,0,0,0,0,0,0,0,0,0,0,0,0,0,0,1,0,0,0,0,0,0,0,0,0,0,0,0,0,0,0,0,0,0,0
AH-669,Barina TK 1.6L 05-11 Air Hose,28-C-2-2,9346140024935,03 Silver,111,0,2,3,6,1,4,1,8,5,1,2,3,1,4,3,0,4,3,2,2,14,2,3,1,2,2,1,2,4,3,2,0,3,2,4,3,2
AH-670,Matiz 796cc 99-04 Air C/Hose,28-C-4-2,9346140024942,07 Not Classed,20,0,,,,,,,,,,,,,,,,,,,,,,,,,,,,,,,,,,,,
AH-672,Navara D22 2.7L 98-02 Air Hose,28-C-5-2,9346140025482,04 Bronze,70,0,1,1,0,2,2,-1,2,1,2,1,2,0,1,2,3,2,0,0,1,1,2,1,0,0,0,0,1,0,1,0,2,0,1,3,0,0
AH-673,"Pajero 2.3,2.5L 83-91 Air hose",28-C-4-2,9346140025499,04 Bronze,3,0,0,0,0,0,0,0,0,0,0,1,0,0,0,1,-1,0,1,0,0,0,1,0,0,0,0,0,0,0,0,0,0,0,1,2,0,0
AH-675,"Hiace 2.7L THR221,223 Air hose",28-C-6-2,9346140027882,07 Not Classed,17,0,,,,,,,,,,,,,,,,,,,,,,,,,,,,,,,,,,,,
AH-676,"Hilux KUN16,26 3.0L Air hose",28-C-6-2,9346140027899,04 Bronze,33,0,0,0,1,2,0,0,2,0,1,0,0,1,0,0,1,1,2,0,0,0,0,0,0,0,0,0,1,1,0,1,0,0,0,0,1,0
AH-677,"Maz 3 BL 2.0,2.5L 09-14 A/Hose",28-C-7-2,9346140027905,04 Bronze,20,0,0,0,0,0,0,0,0,0,0,0,0,0,0,0,0,0,0,0,0,1,1,0,1,0,0,0,0,1,-1,0,0,0,0,0,0,0
AH-678,Navara D40 YD25DTi Air hose,26-B-1-2,9346140027912,03 Silver,41,0,0,3,5,1,1,0,0,1,0,1,3,1,2,2,1,3,1,1,0,1,1,4,2,2,0,2,2,2,1,2,2,1,4,2,2,3
AH-679,Rodeo TF 2.8TD 90-03 Air hose,28-C-9-2,9346140027929,03 Silver,114,0,7,8,4,9,-1,7,3,5,4,3,2,4,6,2,6,8,6,2,2,3,3,6,2,1,6,1,4,0,0,4,4,3,0,2,6,1
AH-680,Hilux TGN16R 2.7L 05-16 A/hose,28-C-11-2,9346140027936,05 No Sales FY25,26,0,0,0,0,2,0,0,0,0,0,0,0,0,0,0,0,0,0,0,0,0,0,0,0,0,0,0,0,0,0,0,0,0,0,0,0,0
AH-681,Celica ST204 2.2L 94-99 A/Hose,28-C-12-2,9346140027943,02 Gold,123,0,5,8,10,10,5,2,4,5,11,6,6,4,10,5,13,5,13,4,3,8,12,6,8,8,14,15,7,2,12,3,9,12,5,3,10,2
AH-682,Accord CP3 3.5 V6  08-13 Ahose,28-C-14-2,9346140027950,04 Bronze,50,0,1,0,0,2,0,-1,0,1,0,0,1,0,0,0,0,1,1,2,1,0,0,0,1,1,1,2,2,1,4,0,2,2,2,2,1,0
AH-683,Mazda CX7 2.5L 09-12 A/hose,28-C-15-2,9346140027967,07 Not Classed,29,0,,,,,,,,,,,,,,,,,,,,,,,,,,,,,,,,,,,,
AH-684,Mazda 6 GH 2.5L 08-12 A/hose,28-C-15-2,9346140027974,04 Bronze,25,0,0,0,0,0,0,0,0,0,0,0,0,0,0,0,0,0,0,0,0,0,1,0,0,0,0,0,0,0,1,0,0,0,0,0,0,0
AH-685,CRV RM4 2.4L 12-16 Air hose,28-C-15-2,9346140027981,04 Bronze,25,0,0,0,0,0,0,0,0,0,0,0,0,0,0,0,0,0,0,0,0,0,0,0,0,1,0,0,1,0,0,0,0,1,0,0,1,0
AH-686,Lexus LS400 4.0L 89-94 A/hose,28-C-16-2,9346140027998,04 Bronze,15,0,0,0,0,1,0,1,0,0,0,0,1,1,0,0,1,0,1,0,0,1,0,1,0,0,0,1,0,1,1,0,1,2,0,1,2,0
AH-687G,Matiz 796cc 99-04 Gen A/Hose,28-C-1-3,9346140028001,05 No Sales FY25,45,0,0,1,0,0,0,0,0,0,1,0,0,0,0,0,0,0,0,0,0,0,0,0,0,0,0,0,0,0,0,0,0,0,0,0,0,0
AH-688,323 BG 1.8L DOHC 89-95 A/hose,28-C-2-3,9346140028964,05 No Sales FY25,7,0,0,0,0,0,0,0,0,0,0,0,0,0,0,0,0,0,0,0,0,0,0,0,0,0,0,0,0,0,0,0,0,0,0,0,0,0
AH-689G,"Epica 2.0,2.5L 07-11 Air Hose",28-C-2-3,9346140028971,04 Bronze,5,0,1,2,0,0,0,0,0,0,0,0,0,0,0,1,0,0,0,0,1,0,0,0,0,0,0,0,0,0,0,2,0,0,0,0,1,0
AH-690,Kia Pregio 2.7L 02-06 Air hose,28-C-3-3,9346140028988,04 Bronze,13,0,0,0,1,0,0,0,0,2,0,0,0,0,0,2,0,0,0,2,0,0,0,0,0,0,0,0,0,1,0,0,1,0,0,0,0,0
AH-691B,"G.Carni VQ 3.5, 3.8L 06-15 AH",28-C-4-3,9346140036709,03 Silver,330,0,3,4,6,7,3,5,3,6,9,17,1,3,5,4,1,1,4,1,3,4,2,1,2,1,1,2,1,2,2,1,1,3,3,4,2,3
AH-692,Tiida C11 1.8L 06-13 Air Hose,28-C-6-3,9346140029008,05 No Sales FY25,19,0,0,0,0,0,0,0,1,0,0,0,0,0,0,0,0,0,0,0,0,0,0,0,0,0,0,0,0,0,0,0,0,0,0,0,0,0
AH-693,"Elgd E50,Terra R50 96-99 AHose",28-C-6-3,9346140029213,04 Bronze,69,0,0,1,0,0,0,0,0,0,1,0,1,0,0,0,1,0,0,1,0,0,0,0,0,1,0,0,0,0,1,0,1,0,1,0,1,0
AH-694,Pathfinder R50 3.3 95-00 AHose,28-C-7-3,9346140029336,03 Silver,89,0,6,10,6,7,6,9,3,6,5,8,4,4,3,2,2,2,6,0,2,9,3,0,2,2,1,2,6,3,3,3,1,3,9,4,3,3
AH-695,Impreza WRX 2.0L 94-98 A/Hose,28-C-9-3,9346140029343,04 Bronze,25,0,1,1,0,1,0,1,0,0,0,2,0,0,0,0,0,0,1,0,0,1,0,1,0,0,0,1,1,0,1,1,0,0,0,0,0,1
AH-696,Kia Rio BC 1.5L 00-05 Air hose,27-B-4-4,9346140046142,06 First Sale in FY26,44,0,0,0,0,0,0,0,0,0,0,0,0,0,0,0,0,0,0,0,0,0,0,0,0,0,0,0,3,0,1,1,0,1,0,0,0,0
AH-696G=AH-696,Kia Rio BC 1.5L 00-05 Air hose,28-B-3-2,9346140029350,04 Bronze,0,,0,0,0,0,0,0,0,0,0,0,0,0,0,0,0,0,0,0,0,0,0,0,0,0,0,0,0,0,0,0,0,0,0,0,0,0
AH-697,Terr D21 2.7L TD27 86-93 AHose,28-C-10-3,9346140029367,07 Not Classed,25,0,,,,,,,,,,,,,,,,,,,,,,,,,,,,,,,,,,,,
AH-698,"Acc LC,LS 1.5,1.6L 00-06 AHose",28-B-1-2,9346140029374,04 Bronze,27,0,0,0,2,0,0,0,0,0,0,0,0,0,0,0,1,0,0,0,0,0,0,0,0,0,0,0,0,0,0,0,0,0,0,0,0,0
AH-699,Patrol GQ 4.2L TB42E A/hose,28-C-11-3,9346140029381,03 Silver,43,100,5,2,1,2,5,4,3,1,5,2,5,1,2,2,4,4,5,0,6,5,6,3,5,3,4,7,3,4,6,3,3,2,4,2,11,3
AH-700,Patrol GU 4.8L TB48E A/Hose,28-C-13-3,9346140029398,03 Silver,1,100,1,1,0,0,2,3,0,0,1,1,2,1,1,0,1,2,1,1,0,1,4,0,5,1,5,3,5,0,1,2,2,2,3,4,3,5
AH-701,"Tar ACR30,Rav4 ACA20,21 A/Hose",28-C-14-3,9346140029404,04 Bronze,33,0,-2,0,1,0,0,0,0,1,1,0,0,0,0,0,0,1,0,1,0,0,0,1,0,1,0,0,0,0,0,1,1,0,0,0,0,0
AH-702,Maz MPV 3.0L V6 02-06 Air hose,28-C-15-3,9346140029411,04 Bronze,113,0,1,1,1,0,1,0,1,1,0,1,2,0,0,0,0,0,0,1,0,2,-1,0,0,0,0,0,0,0,0,1,0,1,0,0,0,0
AH-703,Maz B2500 2.5TD 99-06 A/Hose,28-C-16-3,9346140029428,03 Silver,35,0,3,0,1,1,1,2,1,1,0,0,0,2,3,4,1,2,0,1,3,0,0,2,-1,0,5,0,2,2,1,2,0,4,1,0,3,0
AH-704,"Acc CD5,CE1,OdyRA1 92-98 AHose",28-C-1-4,9346140031520,04 Bronze,16,0,0,0,0,0,0,0,0,0,0,0,0,0,0,0,0,0,0,0,0,0,1,0,0,1,1,0,2,0,1,0,0,0,0,1,0,0
AH-705,"BMW 330i/Ci,Z3 E46 98-07 A/H",28-C-1-4,9346140031537,04 Bronze,26,0,0,0,0,0,0,0,0,0,0,0,1,1,0,0,0,0,0,0,0,1,2,0,0,0,0,0,0,0,0,0,0,0,0,0,0,0
AH-706,BMW 525i E34 2.5L 90-96 A/H,28-C-2-4,9346140031544,04 Bronze,6,0,0,0,0,0,1,0,0,1,1,0,1,0,0,0,0,0,1,0,0,0,0,0,1,0,0,0,1,0,0,1,0,0,1,0,0,1
AH-707,Barina TM 1.6L 12-on A/Hose,28-C-2-4,9346140031551,04 Bronze,46,0,0,0,0,0,0,0,0,0,0,0,0,0,0,0,0,0,0,0,0,0,0,0,0,0,1,0,0,0,1,0,0,0,0,0,0,0
AH-708,Civic 2.0L 06-12 Resona. hose,28-C-3-4,9346140031568,04 Bronze,15,0,0,0,0,0,1,0,-1,0,0,0,0,0,0,0,0,0,0,0,0,1,0,0,0,0,0,0,0,0,0,0,1,0,0,0,0,0
AH-709,Acc/Ody V6 3.0L 97-03 Air Hose,28-C-3-4,9346140031575,04 Bronze,104,0,1,0,0,0,0,1,0,0,1,0,0,0,0,0,0,0,0,1,0,0,0,0,1,0,0,0,0,0,1,0,1,0,0,0,1,0
AH-710,Kia Spectra 1.8L 00-04 A/Hose,28-C-4-4,9346140031582,05 No Sales FY25,22,0,0,0,0,0,0,1,0,0,0,0,0,0,0,0,0,0,0,0,0,0,0,0,0,0,0,0,0,0,1,0,0,0,0,0,0,0
AH-711,Lexus ES300 3.0L 99-01 A/Hose,28-C-4-4,9346140031599,05 No Sales FY25,40,0,0,0,0,0,0,0,0,0,0,0,0,0,0,0,0,0,0,0,0,0,0,0,0,0,0,0,0,0,0,0,0,0,0,0,0,0
AH-712,PathD40/NavR51 4.0L 05-11 A/H,28-C-5-4,9346140031605,04 Bronze,2,0,2,7,2,1,2,0,0,3,0,1,0,1,0,2,1,1,1,0,0,3,3,1,1,1,2,4,0,1,0,2,-1,2,1,1,2,1
AH-712B,PathD40/NavR51 4.0L 05-11 A/H,28-C-5-4,9346140049822,06 First Sale in FY26,49,0,0,0,0,0,0,0,0,0,0,0,0,0,0,0,0,0,0,0,0,0,0,0,0,0,0,0,0,0,0,0,0,0,0,0,0,1
AH-713,Libe/Outb BH 2.5L 98-03 A/Hose,28-C-6-4,9346140031612,05 No Sales FY25,40,0,0,1,0,0,0,0,0,0,0,0,0,0,1,0,0,0,0,0,0,0,0,0,0,0,0,0,0,0,0,0,0,0,0,0,0,1
AH-714,Prado RZJ120 2.7L 03-04 A/Hose,28-C-6-4,9346140032466,04 Bronze,23,0,0,0,0,0,0,0,0,0,0,0,0,0,0,0,0,0,2,0,0,0,0,0,0,0,0,0,0,0,0,0,0,0,0,0,0,0
AH-715,Prado VZJ95 3.4L 6/99-8/00 A/H,28-C-7-4,9346140032473,03 Silver,78,0,1,2,1,0,4,2,1,2,2,2,2,2,4,5,4,7,4,1,3,5,6,3,3,3,4,3,0,0,0,0,3,0,3,1,6,0
AH-716,Prado VZJ95 3.4L 8/00-2/03 A/H,28-C-8-4,9346140032480,03 Silver,68,0,0,2,6,4,5,2,1,5,0,2,3,6,4,6,4,4,3,3,3,4,1,3,5,1,5,6,7,3,8,1,7,5,2,3,7,2
AH-717,"BMW 320i-325E,520i,525i A/Hose",27-B-6-3,9346140032497,04 Bronze,27,0,0,0,0,0,0,0,0,0,0,0,0,0,0,0,0,0,0,0,0,0,0,0,0,0,1,0,0,0,0,0,1,0,0,1,0,0
AH-718,"Volvo 240,244,245 2.3L A/Hose",28-C-9-4,9346140032503,04 Bronze,10,0,0,0,1,0,0,0,0,1,0,0,0,1,0,0,0,0,0,1,0,0,3,0,0,0,3,1,0,1,1,1,0,0,1,1,1,0
AH-719,"Vol 850,S70,V70 2.4L 75mm A/H",28-C-9-4,9346140032510,04 Bronze,39,0,0,0,0,0,0,0,0,0,0,0,1,0,0,0,0,0,0,0,0,0,0,0,0,1,0,0,0,0,0,0,0,1,0,0,0,1
AH-720,"Vol 850,S70,V70 2.4L 65mm A/H",28-A-5-1,9346140032527,04 Bronze,43,0,0,0,1,0,0,0,0,0,0,0,0,0,0,0,0,0,0,1,0,0,0,0,0,0,0,0,0,0,0,0,0,0,0,0,1,0
AH-721,Landcsr HDJ80 90-98 4.2L A/H,28-C-10-4,9346140032534,04 Bronze,22,0,0,0,1,0,0,0,1,3,0,1,1,1,0,0,0,0,1,0,1,0,0,0,0,0,1,1,0,2,0,1,1,0,1,0,0,1
AH-722,"D-Max,Rodeo RA 3.0L 03-12 A/H",27-B-7-3,9346140032541,04 Bronze,102,0,0,0,0,0,0,0,0,0,0,0,0,0,0,0,0,0,0,0,0,0,1,4,0,0,2,5,2,0,0,2,2,4,3,7,4,1
AH-723,"Rod RA,D-Max TF 06-12 Upper AH",28-C-11-4,9346140032558,04 Bronze,13,0,0,0,0,0,0,0,0,1,0,0,0,0,0,0,1,0,0,0,0,0,0,0,0,0,0,0,0,0,1,1,0,1,0,0,0,0
AH-724,"Rod RA,D-Max TF 06-12 Lower AH",28-C-11-4,9346140033944,04 Bronze,22,0,0,0,1,0,1,0,0,0,0,0,0,0,0,1,2,0,0,0,1,0,-1,0,0,0,0,0,0,0,1,1,1,0,1,4,0,0
AH-725,"Paj V46 NJ,NK,NL 2.8T 95-00 AH",28-C-12-4,9346140033951,05 No Sales FY25,25,0,0,0,0,0,0,0,0,0,0,1,0,0,0,0,0,0,0,0,0,0,0,0,0,0,0,1,0,0,0,0,0,0,0,0,0,0
AH-726,Nav D21 TD27 2.7L 88-97 A/H,28-C-12-4,9346140033968,05 No Sales FY25,30,0,0,0,0,0,0,0,0,0,0,0,1,0,0,0,0,0,0,0,0,0,0,0,0,0,0,0,1,0,0,0,0,1,0,0,0,0
AH-727,Nav D22 2.5TD 02-15 A/Hose,28-C-13-4,9346140033975,04 Bronze,28,0,0,1,0,0,0,0,0,0,0,0,0,0,1,1,0,1,2,0,0,0,0,0,0,0,0,1,0,1,0,0,0,0,1,0,0,0
AH-728,"Cam ASV50,AVV50 11-17 A/H",28-C-13-4,9346140033982,04 Bronze,28,0,0,0,0,0,0,0,0,0,0,0,0,0,0,0,1,0,0,0,1,0,-1,0,0,0,0,0,0,0,0,0,0,0,0,0,0,0
AH-729,"Hil GGN15,25 4.0L 12/06-on A/H",28-C-8-2,9346140033999,05 No Sales FY25,22,0,0,0,0,0,0,0,0,0,0,0,0,0,0,0,0,0,0,0,0,0,0,0,0,0,0,0,0,0,0,0,0,0,0,0,0,0
AH-730,Lancer CE 1.8L 96-03 Air hose,28-C-8-2,9346140034002,04 Bronze,7,0,0,0,0,0,0,0,0,0,0,0,0,0,0,0,0,0,0,0,0,1,0,1,0,0,0,1,1,0,0,1,0,0,1,0,2,1
AH-731,"Triton ML,MN 2.5TD 10-15 AHose",28-C-14-4,9346140034019,03 Silver,18,200,3,5,2,8,8,4,2,4,10,2,1,6,7,7,7,4,3,8,5,12,2,5,5,5,8,1,3,3,2,9,1,2,9,11,8,8
AH-732,Hyun H1 TQ 2.5TD 07-12 A/hose,27-A-1-1,9346140034026,04 Bronze,16,0,0,0,0,0,0,0,0,0,0,0,0,0,1,0,0,0,0,0,0,1,0,1,1,0,1,1,4,3,1,1,2,1,1,0,1,0
AH-733,Land FJ62-FJ80 4.0L 3F No.3 AH,27-A-2-1,9346140034033,04 Bronze,22,0,0,1,1,0,1,0,1,0,1,0,2,0,1,0,1,1,0,2,0,0,0,1,0,1,1,0,0,3,3,1,-1,0,2,2,2,0
AH-734,Land FJ60 4.2L 80-82 A/Hose,27-A-3-1,9346140037003,04 Bronze,32,0,1,1,0,0,0,0,1,0,1,1,1,0,0,0,2,1,0,0,0,0,1,0,0,1,0,0,0,0,0,0,0,0,0,1,0,1
AH-735,Navara D22 YD25DDTi 02-15 A/H,27-A-4-1,9346140037331,04 Bronze,31,0,0,0,0,0,0,0,0,0,0,0,0,0,0,0,0,0,0,1,0,0,0,0,0,1,0,0,-1,0,0,0,0,0,0,2,0,0
AH-736G,Nubira J100 2.0L 97-03 A/Hose,27-A-5-1,9346140037348,07 Not Classed,10,0,,,,,,,,,,,,,,,,,,,,,,,,,,,,,,,,,,,,
AH-737,"Elg E52,Mur Z51 3.5L 08-16 A/H",27-A-6-1,9346140037355,03 Silver,36,100,2,1,1,0,1,4,0,0,3,1,1,4,4,3,6,5,3,3,2,6,3,3,1,2,4,7,5,6,7,5,6,4,8,10,6,2
AH-738,X-Trail T31 2.5L 07-14 A/hose,27-A-7-1,9346140037362,06 First Sale in FY26,98,0,0,0,0,0,0,0,0,0,0,0,0,0,0,0,0,0,0,0,0,0,0,0,0,0,0,0,0,0,1,0,1,0,0,0,0,0
AH-739,Astra TR 1.6L C16SE Air hose,27-A-8-1,9346140037379,05 No Sales FY25,22,0,0,0,0,0,0,0,0,0,0,1,0,0,0,0,0,0,0,0,0,0,0,0,0,0,0,0,0,0,0,0,2,0,0,0,0,0
AH-740,Suzuki APV Outlet air hose,27-A-9-1,9346140037386,04 Bronze,27,0,0,0,0,0,0,1,0,0,1,1,0,1,0,0,0,1,4,0,1,2,0,1,0,0,0,4,0,1,2,0,1,1,0,1,0,0
AH-741,i30 1.6TD 07-12  Air Hose,27-A-1-2,9346140044506,06 First Sale in FY26,48,0,0,0,0,0,0,0,0,0,0,0,0,0,0,0,0,0,0,0,0,0,0,0,0,0,0,0,3,4,5,3,3,1,1,0,1,2
AH-741G=AH-741,i30 1.6TD 07-12 Gen A/Hose,28-A-7-4,9346140037393,07 Not Classed,0,,,,,,,,,,,,,,,,,,,,,,,,,,,,,,,,,,,,,
AH-742G,Terra HP 3.5L V6 01-07 Gen A/H,27-A-2-2,9346140037409,06 First Sale in FY26,28,0,0,0,0,0,0,0,0,0,0,0,0,0,0,0,0,0,0,0,0,0,0,0,0,0,0,0,0,0,1,0,0,0,0,0,0,0
AH-743G,Terra 2.9TD J3 05-07 Gen A/H,27-A-3-2,9346140037416,04 Bronze,28,0,0,0,0,0,0,0,0,0,0,0,0,0,0,0,0,0,0,0,0,0,0,0,1,0,0,0,0,0,0,0,0,0,0,0,0,0
AH-744,"Santa SM,Trajet FO 2.7L V6 A/H",27-A-4-2,9346140037423,04 Bronze,19,0,0,0,0,0,0,0,0,0,0,0,0,0,0,0,0,0,0,1,1,1,0,0,1,1,0,0,0,0,1,0,0,0,0,0,0,1
AH-745,Esti MCV30-40 00-05 3.0L AHose,27-A-5-2,9346140039762,03 Silver,63,0,5,6,2,1,2,1,0,2,5,7,3,4,2,3,3,1,1,3,6,3,7,6,4,6,3,5,3,2,2,2,4,2,5,3,1,4
AH-746,X-Trail T31 2.5L 07-14 A/Hose,27-A-6-2,9346140039779,04 Bronze,18,0,0,0,0,0,0,0,0,0,0,0,0,0,0,0,0,0,0,0,0,0,1,0,1,0,0,0,0,0,1,0,0,0,1,0,0,1
AH-747,Patrol GU 3.0L ZD30 00-17 A/H,27-A-7-2,9346140039786,03 Silver,177,0,8,2,9,4,6,5,5,1,7,5,4,3,3,8,3,5,8,8,8,7,4,3,2,10,6,6,5,5,6,7,0,8,4,10,10,10
AH-748,Landcrser HZJ105 4.2D 98-07 AH,27-A-8-2,9346140039793,04 Bronze,29,0,1,0,0,0,0,1,0,0,0,0,0,0,0,0,0,0,0,0,0,0,4,0,1,1,0,0,1,0,1,0,0,0,0,0,2,0
AH-749,"i30 GD,Acc RB 1.6TD 12-15 A/H",27-A-1-3,9346140039809,04 Bronze,61,0,0,0,0,0,0,0,0,0,1,0,0,0,1,0,0,1,1,2,1,0,0,0,1,2,0,0,0,0,1,3,0,0,1,0,1,0
AH-750,Odyssey RB3 2.4L 08-14 A/hose,27-A-2-3,9346140039816,02 Gold,103,0,5,10,7,8,6,7,7,7,9,8,8,9,8,14,7,11,15,11,11,6,5,4,7,15,16,5,9,12,10,16,7,6,13,11,10,10
AH-751,B2600 2.6L 4Cyl 87-99 Air hose,27-A-3-3,9346140039823,03 Silver,87,0,0,0,0,0,0,0,0,0,0,0,0,0,2,0,0,1,4,0,3,5,5,1,3,4,4,0,0,1,1,3,2,0,2,4,2,5
AH-752,Civic FB2 1.8L12-16 A/hose,16-B-5-1,9346140044513,03 Silver,131,0,0,0,0,0,0,0,0,0,0,0,0,0,0,0,0,0,6,11,8,4,2,12,8,23,5,14,9,14,11,12,9,22,15,14,16,22
AH-753,GUN122 2.4L 15-19 AHose,27-A-5-3,9346140045176,05 No Sales FY25,30,0,0,0,0,0,0,0,0,0,0,0,0,0,0,0,0,0,0,0,0,0,0,0,0,0,0,1,-1,0,0,0,0,0,0,0,0,0
AH-754,"Color,Trail RG 2.8TD 12-20 A/H",27-A-6-3,9346140045183,06 First Sale in FY26,58,100,0,0,0,0,0,0,0,0,0,0,0,0,0,0,0,0,0,0,0,0,0,0,0,0,0,0,3,15,4,5,12,9,15,12,11,15
AH-755,Navara D22 ZD30 3.0TD 01-08,27-A-1-4,9346140045190,04 Bronze,80,0,0,0,0,0,0,0,0,0,0,0,0,0,0,0,0,0,0,0,0,0,0,1,3,5,2,4,3,7,3,3,2,4,8,2,4,5
AH-756,Land HDJ80 4.2D 90-98 AH to Tu,27-A-2-4,9346140045206,04 Bronze,26,0,0,0,0,0,0,0,0,0,0,0,0,0,0,0,0,0,0,0,0,0,0,0,1,-1,1,0,0,1,0,1,0,0,0,0,0,1
AH-757,Hilux TGN121 2.7L 15-on A/Hose,27-A-3-4,9346140045213,07 Not Classed,30,0,,,,,,,,,,,,,,,,,,,,,,,,,,,,,,,,,,,,
AH-758,Corolla ZRE172R 1.8L 13-19 AH,27-A-4-4,0,07 Not Classed,30,0,,,,,,,,,,,,,,,,,,,,,,,,,,,,,,,,,,,,
AH-759,"Acc RB,Vel FS,Rio UB 1.6L A/H",27-A-5-4,9346140045237,07 Not Classed,50,0,,,,,,,,,,,,,,,,,,,,,,,,,,,,,,,,,,,,
AH-760,"i30 GD,Acc RB 1.6TD 12-15 A/H",27-A-6-4,9346140045244,06 First Sale in FY26,98,0,0,0,0,0,0,0,0,0,0,0,0,0,0,0,0,0,0,0,0,0,0,0,0,0,0,0,0,0,1,0,0,0,0,0,0,1
AH-761,Carni VQ 2.7L V6 06-11 A/Hose,27-A-7-4,9346140045251,06 First Sale in FY26,63,0,0,0,0,0,0,0,0,0,0,0,0,0,0,0,0,0,0,0,0,0,0,0,0,0,0,0,2,2,1,2,0,0,0,3,1,1
AH-762,"Dua/Qash J10,X-Tra T31 A/Hose",27-B-1-1,9346140045596,04 Bronze,196,0,0,0,0,0,0,0,0,0,0,0,0,0,0,0,0,0,0,0,0,0,0,0,0,7,7,8,10,7,10,4,4,10,12,26,12,18
AH-763,"i30 CW, Elan 2.0L 07-12 A/Hose",16-B-6-1,9346140045800,06 First Sale in FY26,198,0,0,0,0,0,0,0,0,0,0,0,0,0,0,0,0,0,0,0,0,0,0,0,0,0,0,0,7,3,16,8,7,19,20,19,10,16
AH-764,Land FZJ75 4.5L 92-99 A/Hose,27-B-3-1,9346140046203,06 First Sale in FY26,22,0,0,0,0,0,0,0,0,0,0,0,0,0,0,0,0,0,0,0,0,0,0,0,0,0,0,0,0,0,0,2,0,0,0,1,0,0
AH-765,"X-Trail T30 2.0,2.5L 00-07 A/H",27-B-4-1,9346140046210,06 First Sale in FY26,37,0,0,0,0,0,0,0,0,0,0,0,0,0,0,0,0,0,0,0,0,0,0,0,0,0,0,0,0,0,0,0,0,1,1,1,0,0
AH-766,"Captiva CG 2.0TD,2.4L 07-11 AH",27-B-5-1,9346140046227,06 First Sale in FY26,70,0,0,0,0,0,0,0,0,0,0,0,0,0,0,0,0,0,0,0,0,0,0,0,0,0,0,0,0,3,1,2,0,1,1,1,0,0
AH-767,Accord Euro CL9 2.4L A/Hose,27-B-6-1,9346140046289,06 First Sale in FY26,142,0,0,0,0,0,0,0,0,0,0,0,0,0,0,0,0,0,0,0,0,0,0,0,0,0,0,0,8,6,12,7,1,7,10,6,13,7
AH-768,Corolla ZZE122 1.8L 01-07 A/H,27-B-7-1,9346140046364,06 First Sale in FY26,49,0,0,0,0,0,0,0,0,0,0,0,0,0,0,0,0,0,0,0,0,0,0,0,0,0,0,0,0,0,0,0,0,0,0,0,1,0
AH-769,Patrol GU 3.0TD 00-15 to AFlow,27-B-1-2,9346140046388,06 First Sale in FY26,17,50,0,0,0,0,0,0,0,0,0,0,0,0,0,0,0,0,0,0,0,0,0,0,0,0,0,0,1,1,1,2,0,2,3,5,2,3
AH-770,Odyssey RC1 2.4L 14-22 A/Hose,27-B-2-2,9346140046432,06 First Sale in FY26,97,0,0,0,0,0,0,0,0,0,0,0,0,0,0,0,0,0,0,0,0,0,0,0,0,0,0,0,1,0,4,0,4,6,7,2,0,0
AH-771,"iLoad,iMax TQ 2.4L 08-18 A/H",27-B-3-2,9346140046449,06 First Sale in FY26,90,0,0,0,0,0,0,0,0,0,0,0,0,0,0,0,0,0,0,0,0,0,0,0,0,0,0,0,0,4,4,4,2,1,2,3,2,4
AH-772,"Getz TB 1.4,1.6L 05-11 A/Hose",27-B-4-2,9346140046463,06 First Sale in FY26,49,0,0,0,0,0,0,0,0,0,0,0,0,0,0,0,0,0,0,0,0,0,0,0,0,0,0,0,0,0,0,0,0,0,0,1,0,0
AH-773,Getz TB 1.5L 02-05 A/Hose,27-B-5-2,9346140046470,07 Not Classed,30,0,,,,,,,,,,,,,,,,,,,,,,,,,,,,,,,,,,,,
AH-774,Getz TB 1.3L Air hose,27-B-6-2,9346140046487,07 Not Classed,55,0,,,,,,,,,,,,,,,,,,,,,,,,,,,,,,,,,,,,
AH-775,"Civ EP3,Inte DC5 2.0L 01-07 AH",27-B-7-2,9346140046586,06 First Sale in FY26,48,0,0,0,0,0,0,0,0,0,0,0,0,0,0,0,0,0,0,0,0,0,0,0,0,0,0,0,1,0,0,0,0,0,1,0,0,0
AH-777,Trax TJ 1.4T 14-20 Air hose,27-B-1-3,9346140046746,06 First Sale in FY26,25,0,0,0,0,0,0,0,0,0,0,0,0,0,0,0,0,0,0,0,0,0,0,0,0,0,0,0,0,0,0,1,0,1,1,1,0,1
AH-778,Sonata NF 3.3L V6 05-08 AHose,27-A-8-4,9346140046906,07 Not Classed,30,0,,,,,,,,,,,,,,,,,,,,,,,,,,,,,,,,,,,,
AH-779,ES300 MCV30 3.0Lto throttle,27-B-2-3,9346140047040,07 Not Classed,29,0,,,,,,,,,,,,,,,,,,,,,,,,,,,,,,,,,,,,
AH-782,"Patrol GQ,GU 4.2 TD42 88-03 AH",26-B-2-2,9346140047996,06 First Sale in FY26,48,0,0,0,0,0,0,0,0,0,0,0,0,0,0,0,0,0,0,0,0,0,0,0,0,0,0,0,0,0,0,0,0,0,0,0,1,0
AH-783,"Lancer CG,CH,CJ CS7A 01-07 A/H",26-B-3-2,9346140048269,06 First Sale in FY26,28,0,,,,,,,,,,,,,,,,,,,,,,,,,,,,,,,,,,,,
AH-785,"Ran PX1-3,BT50 UP,UR 2.2TD A/H",26-B-4-2,9346140048481,06 First Sale in FY26,99,0,,,,,,,,,,,,,,,,,,,,,,,,,,,,,,,,,,,,
AH-786,"Elg E50,Path R50 3.3L 95-00 AH",26-B-5-2,9346140048580,06 First Sale in FY26,47,0,0,0,0,0,0,0,0,0,0,0,0,0,0,0,0,0,0,0,0,0,0,0,0,0,0,0,0,0,0,0,0,0,0,0,0,2
AH-800,ES300 MCV30 3.0L to air filter,27-B-3-3,9346140047057,06 First Sale in FY26,26,0,0,0,0,0,0,0,0,0,0,0,0,0,0,0,0,0,0,0,0,0,0,0,0,0,0,0,0,0,0,0,0,0,0,0,2,1
AH-801,Captiva CG 2.4L LE9 12-19 AH,27-B-4-3,9346140047156,06 First Sale in FY26,28,0,0,0,0,0,0,0,0,0,0,0,0,0,0,0,0,0,0,0,0,0,0,0,0,0,0,0,0,0,0,0,0,0,1,0,1,0
AH-802,Capt CG 2.0TD 07-10 Char-Airbo,27-B-5-3,9346140047163,07 Not Classed,30,0,,,,,,,,,,,,,,,,,,,,,,,,,,,,,,,,,,,,
AH-803,Capt CG 2.0TD 07-10 Airbo-AFM,26-A-1-T,9346140047200,07 Not Classed,30,0,,,,,,,,,,,,,,,,,,,,,,,,,,,,,,,,,,,,
AH-804,Prado KZJ95 3.4L 99-03 A/Hose,26-A-2-T,9346140047224,06 First Sale in FY26,25,0,0,0,0,0,0,0,0,0,0,0,0,0,0,0,0,0,0,0,0,0,0,0,0,0,0,0,0,0,0,0,1,1,0,0,1,0
AH-805,HRV RU5 1.8L 15-21 A/H,26-A-3-T,9346140047378,06 First Sale in FY26,216,100,0,0,0,0,0,0,0,0,0,0,0,0,0,0,0,0,0,0,0,0,0,0,0,0,0,0,0,0,0,2,3,6,6,10,9,8
AH-806,"335i,435i,535i,M135i,M235i AH",26-A-4-T,9346140047422,07 Not Classed,20,0,,,,,,,,,,,,,,,,,,,,,,,,,,,,,,,,,,,,
AH-807,Path D21 3.0L V6 92-95 A/Hose,26-A-5-T,9346140047439,06 First Sale in FY26,19,0,0,0,0,0,0,0,0,0,0,0,0,0,0,0,0,0,0,0,0,0,0,0,0,0,0,0,0,0,0,2,0,0,0,0,0,2
AH-808*,Lancer A/H,26-A-6-T,9346140047446,07 Not Classed,20,0,,,,,,,,,,,,,,,,,,,,,,,,,,,,,,,,,,,,
AH-809,Land HJ61 4.0TD 12HT 86-90 AH,26-A-7-T,9346140047477,06 First Sale in FY26,44,0,0,0,0,0,0,0,0,0,0,0,0,0,0,0,0,0,0,0,0,0,0,0,0,0,0,0,0,0,0,0,1,1,1,1,0,0
AH-813,"Out ZG,ZH 2.4,3.0L 06-12 AHose",25A-2-T,9346140048047,06 First Sale in FY26,23,0,0,0,0,0,0,0,0,0,0,0,0,0,0,0,0,0,0,0,0,0,0,0,0,0,0,0,0,0,0,0,0,1,0,0,1,1
AH-814,"BMW S1,2,3,4,5,X1-X5,Z4 A/Hose",25A-2-T,9346140048054,06 First Sale in FY26,48,0,0,0,0,0,0,0,0,0,0,0,0,0,0,0,0,0,0,0,0,0,0,0,0,0,0,0,0,0,0,0,0,0,0,0,1,0
BB-7101,"Civic,CRV R/Trailing bush 80mm",15-D-1-7,9346140018934,03 Silver,68,0,15,8,13,11,6,2,2,6,8,5,14,10,10,8,0,5,10,14,4,6,5,2,4,9,6,5,2,10,18,-6,2,9,10,10,10,6
BB-7102,"AU,BA Frnt Lower control arm F",15-D-2-7,9346140018941,05 No Sales FY25,97,0,0,0,0,0,0,0,1,0,0,0,0,0,0,0,0,0,0,0,0,0,0,0,0,0,0,0,0,0,2,0,0,0,0,0,0,0
BB-7102H,"AU,BA Frnt Hydro Lower c/arm",15-D-3-7,9346140018958,04 Bronze,67,0,2,2,0,0,0,0,1,6,2,-1,2,1,2,2,0,0,1,0,0,0,8,0,0,0,2,2,0,0,0,0,0,0,2,0,0,3
BB-7103,"AU,BA Frnt Lower control arm R",15-D-4-7,9346140018965,04 Bronze,60,0,3,5,2,5,0,0,0,0,4,-2,6,-2,0,0,0,0,1,0,0,4,0,-2,0,0,0,0,0,0,2,-1,0,0,2,0,2,0
BB-7104,"626 GD,Tel AT-AV FCAB-Low Rear",15-D-5-7,9346140018972,05 No Sales FY25,0,,0,0,0,0,0,0,0,0,0,0,0,0,0,0,0,0,0,0,0,0,0,0,0,0,0,0,0,0,0,0,0,0,0,0,0,0
BB-7104D,Lancer EVO I-IX 92-07 Rear Dif,15-D-5-7,9346140047286,06 First Sale in FY26,26,0,0,0,0,0,0,0,0,0,0,0,0,0,0,0,0,0,0,0,0,0,0,0,0,0,0,0,0,0,0,2,0,0,0,0,0,2
BB-7105,"Cel RA,TA/Cor RT,XT RTAB Up/Lo",15-D-6-7,9346140018989,07 Not Classed,0,,,,,,,,,,,,,,,,,,,,,,,,,,,,,,,,,,,,,
BB-7105D,Lancer EVO I-IX 92-07 Frnt Dif,15-D-6-7,9346140047293,07 Not Classed,30,0,,,,,,,,,,,,,,,,,,,,,,,,,,,,,,,,,,,,
BB-7107,"Civ,Inte Rear Trailing B 85mm",15-D-8-7,9346140019009,04 Bronze,29,0,2,-2,2,0,-2,0,0,0,0,2,0,0,2,0,-2,2,2,2,-2,1,-1,0,2,0,2,-2,0,2,2,0,0,-2,1,2,0,0
BB-7108,Fal BF 05-on R/Diff Cntre bush,15-D-9-7,9346140019016,03 Silver,129,0,17,13,10,10,9,8,5,6,9,9,6,2,6,10,8,6,11,1,3,-4,7,6,7,6,12,9,6,2,3,5,2,7,5,7,10,2
BB-7109,Fal BA 02-05 R/Diff-Centre,15-D-10-7,9346140019023,04 Bronze,174,0,4,4,4,4,6,4,3,7,2,8,1,5,2,1,2,2,3,2,0,-4,2,2,0,2,3,1,3,0,4,4,1,3,-2,4,3,2
BB-7110,Fal BF 05-on R/Diff Side bush,15-D-11-7,9346140019030,02 Gold,127,0,7,23,22,20,22,24,6,10,18,16,13,11,12,15,39,12,16,5,10,7,19,12,15,20,25,12,15,10,12,9,6,21,12,14,18,29
BB-7111,Fal BA 02-05 R/Diff Side bush,15-D-12-7,9346140019047,03 Silver,81,0,5,18,13,10,16,11,11,9,8,14,33,14,10,16,10,15,10,0,2,-4,10,9,5,6,2,4,8,10,12,0,4,10,0,10,3,15
BB-7112,"Fal BA,BF,FG Trailing arm bush",15-D-13-7,9346140019054,03 Silver,246,0,9,4,7,14,5,4,2,4,3,6,4,2,7,7,4,11,12,4,4,0,2,8,3,2,0,3,4,16,3,9,10,2,4,7,5,4
BB-7113,Hiace Rear Diff-Front mnt bush,15-D-14-7,9346140021361,04 Bronze,79,0,7,2,2,2,4,4,0,0,0,0,0,0,0,0,1,1,0,3,0,6,0,1,0,1,2,2,2,1,2,1,0,1,4,1,0,4
BB-7114,Hiace Rear Diff-Rear mt bushes,15-D-15-7,9346140021378,04 Bronze,45,0,4,0,4,4,0,8,0,4,4,0,0,0,4,4,0,0,4,0,0,0,0,4,0,0,4,0,0,4,4,0,0,0,0,0,0,4
BB-7115,"Outla ZE,ZF 2.4 Rear Diff bush",15-D-15-8,9346140022986,03 Silver,84,0,10,2,6,2,-2,2,4,2,2,6,6,5,2,3,10,3,5,0,4,0,5,12,2,4,9,8,2,-2,8,5,2,2,0,2,5,4
BB-7116,"Outla ZE,ZF 2.4 Rear Diff Mt B",15-D-14-8,9346140022993,03 Silver,84,0,8,0,8,2,2,0,0,3,4,0,6,12,2,6,2,2,6,2,2,2,2,6,2,2,9,4,0,0,6,0,6,1,2,2,2,6
BB-7117,X-Trail 01-06 Rear Diff - Cent,15-D-13-8,9346140024140,04 Bronze,33,0,0,1,3,1,-2,4,0,0,0,1,2,0,3,0,0,0,3,2,0,1,0,1,4,0,0,1,4,2,0,0,0,0,0,4,0,0
BB-7118,XTrail T31/32 Rear Diff Front,15-D-12-8,9346140024973,04 Bronze,47,0,0,0,0,0,0,0,0,2,0,0,0,2,-2,0,0,0,4,0,0,2,2,2,0,0,2,2,0,0,0,0,0,2,0,-2,0,0
BB-7119,XTrail T31 Rear Diff Rear bush,15-D-11-8,9346140024980,04 Bronze,19,0,1,0,0,0,1,0,0,2,1,0,1,1,-2,0,0,0,1,0,0,0,1,0,0,0,2,4,1,0,0,3,-2,0,2,0,1,1
BB-7120,"Lan CJ,Outland 08-15 Diff bush",15-D-10-8,9346140024966,04 Bronze,119,0,2,4,4,4,2,3,4,0,0,4,2,4,4,2,2,6,2,0,0,0,0,0,4,3,3,2,0,2,-2,2,2,1,5,0,0,0
BB-7121K,"6 MPS,CX7 06-15 Rr Diff B/Kit",15-D-9-8,9346140025239,04 Bronze,75,0,1,1,1,0,3,6,2,0,0,3,2,1,0,1,0,0,3,0,0,0,0,1,-1,1,0,1,0,1,2,1,0,0,1,3,0,0
BB-7122K,"6 MPS,CX7 06-15 Rear Diff Kits",15-D-8-8,9346140024997,04 Bronze,40,0,2,3,5,4,6,5,4,5,5,5,7,3,3,-1,3,2,5,1,3,4,0,1,-1,2,0,4,3,2,5,5,2,0,2,0,1,4
BB-7123,Path R51 05-on Rear Diff F L/R,15-D-7-8,9346140025642,03 Silver,130,0,4,12,4,10,4,5,2,5,7,11,4,6,6,11,5,2,21,9,6,4,19,8,3,9,6,7,10,8,2,9,3,11,2,4,7,8
BB-7124,Path R51 05-on Rear Diff R L/R,15-D-6-8,9346140025659,03 Silver,86,0,2,12,10,7,6,11,2,7,8,14,3,10,8,12,11,3,22,12,4,2,7,14,8,6,8,5,10,10,2,10,6,10,10,3,7,12
BB-7125,Impreza 02-07 Rear Diff Frnt B,15-D-5-8,9346140025802,04 Bronze,22,0,0,2,0,0,0,0,0,0,0,0,2,0,0,0,0,0,0,0,0,4,2,0,2,0,0,0,0,0,0,0,0,0,0,0,0,0
BB-7126,Impreza 02-07 Rear Diff Rear B,15-D-4-8,9346140025819,04 Bronze,32,0,0,0,0,0,0,0,0,0,0,0,0,0,2,0,0,0,0,4,0,-2,0,0,2,-2,0,0,0,0,0,0,0,0,0,0,0,0
BB-7127,Subaru 03-15 Rear Diff Front B,15-D-3-8,9346140025826,03 Silver,0,50,10,6,22,11,2,14,2,8,11,10,2,18,9,13,11,9,11,4,7,12,2,3,14,10,6,14,6,15,10,12,4,13,8,7,0,2
BB-7128,Subaru 03-15 Rear Diff Rear B,15-D-2-8,9346140025833,03 Silver,257,0,14,24,17,20,9,22,0,19,14,11,14,17,27,11,10,10,27,3,9,10,6,8,9,16,10,4,18,16,14,14,12,16,15,10,16,15
BB-7129,Subaru 93-00 Rear Diff Rear B,15-D-1-8,9346140025840,04 Bronze,24,30,2,4,4,2,0,2,2,4,0,0,0,4,2,6,2,-2,2,0,2,4,2,2,2,0,0,0,2,0,0,0,0,0,0,4,0,-2
BB-7130,"350Z,Skyline 02-09 Rear Diff b",15-D-1-9,9346140029169,04 Bronze,8,0,0,0,0,1,0,0,0,0,0,0,0,0,1,0,0,0,0,0,0,1,0,0,2,0,0,0,0,0,0,0,0,0,0,0,0,0
BB-7131,Murano 08-on 3.5L Rear Diff bu,15-D-2-9,9346140029176,04 Bronze,39,0,0,0,2,0,6,0,2,2,2,0,1,0,-2,0,0,0,5,-1,2,4,0,0,0,2,2,2,2,0,0,6,-4,6,0,0,0,0
BB-7132H=BB-7134HK,BMW 3 E46 Lower Rear LH Hydro,15-D-3-9,9346140029442,07 Not Classed,0,,,,,,,,,,,,,,,,,,,,,,,,,,,,,,,,,,,,,
BB-7133H=BB-7134HK,BMW 3 E46 Lower Rear RH Hydro,15-D-4-9,9346140029459,04 Bronze,0,,0,0,0,0,0,0,0,0,0,0,0,0,0,1,0,0,0,0,0,0,0,0,0,0,0,0,0,0,0,0,0,0,0,0,0,0
BB-7134HK,BMW 3 E46 Lower Rear L/R Kit,15-D-5-9,9346140029466,04 Bronze,41,0,0,1,4,0,1,4,1,1,2,0,0,1,0,2,1,2,6,0,1,2,3,2,-1,1,2,1,0,0,3,2,3,1,2,2,2,5
BB-7135,"BMW 520i,525i,530i E34 FCAB-Fr",15-A-1-2,9346140021774,07 Not Classed,24,0,,,,,,,,,,,,,,,,,,,,,,,,,,,,,,,,,,,,
BB-7136,"BMW 316i-325i,Z3 E36 FCAB-Rear",15-A-2-2,9346140021781,04 Bronze,23,0,0,2,0,0,0,2,0,0,0,0,0,0,0,0,0,0,0,0,0,2,2,1,1,-1,0,0,0,0,0,0,0,0,0,2,0,0
BB-7137H,BMW 520i-535i E39 FCAB-Hydro F,15-A-3-2,9346140021798,05 No Sales FY25,11,0,0,0,0,0,0,0,0,0,2,0,2,0,0,0,0,0,0,0,0,0,0,0,0,0,0,0,0,2,2,0,0,0,0,2,0,0
BB-7138H,"BMW Ser3 E46,X1-3,Z4 Rear Diff",15-A-1-1,9346140021804,04 Bronze,13,0,0,0,0,0,0,0,0,2,0,0,0,1,1,0,2,-1,2,0,1,0,0,0,1,0,1,0,0,0,0,0,0,1,1,0,0,2
BB-7139H,BMW X5 E53 FCAB Hydro-Frnt L/R,15-A-2-1,9346140021811,04 Bronze,38,0,2,0,0,0,0,0,2,0,0,0,0,0,0,0,0,0,2,2,-2,0,0,0,0,0,1,-2,0,0,0,0,0,0,0,0,0,0
BB-7140,"Impr GC,GF,Libe BC-BH FCAB-RR",15-A-3-1,9346140021828,03 Silver,44,0,1,5,3,7,3,5,7,1,2,2,3,10,2,5,1,3,5,6,1,1,3,3,2,6,2,5,6,2,1,1,1,5,4,3,5,3
BB-7141,"Impr GC,GF,Libe BC-BH FCAB-RL",15-A-4-1,9346140021835,03 Silver,43,0,1,5,3,9,5,5,7,1,2,1,5,10,2,3,2,3,5,6,2,1,3,3,1,7,1,7,4,3,3,1,1,2,3,6,5,4
BB-7142,"Fore SF,SG,Outb BG-BP FCAB-RLH",15-A-5-1,9346140021842,03 Silver,30,0,5,7,2,6,2,9,0,2,2,6,2,5,5,1,2,3,6,1,1,6,3,2,2,4,3,0,6,5,3,10,1,5,5,2,5,2
BB-7143,"Fore SF,SG,Outb BG-BP FCAB-RRH",15-A-6-1,9346140021859,03 Silver,40,0,6,4,2,6,2,10,1,4,1,8,4,2,6,2,4,3,4,3,-1,7,2,2,2,4,2,2,6,5,2,10,1,3,5,2,5,2
BB-7144,"Pra GRJ,KDJ,KZJ,RZJ FCAB-Upper",15-A-4-2,9346140032985,04 Bronze,65,0,0,8,4,0,2,4,4,0,8,4,0,8,-4,0,4,0,0,0,0,0,2,0,0,0,0,0,0,0,0,0,4,4,0,0,0,0
BB-7145,"Swift EZ 1.5,1.6 FCAB-Rear L/R",15-A-5-2,9346140021866,03 Silver,201,0,26,14,10,22,4,10,12,8,18,6,34,16,22,23,8,12,15,6,6,8,14,8,3,17,10,16,16,11,12,10,2,12,15,14,8,17
BB-7146,"Swift EZ 1.5,1.6 FCAB-Front LR",15-A-6-2,9346140021873,04 Bronze,52,0,2,3,2,0,2,0,0,6,2,-2,0,0,2,6,-2,0,2,2,2,2,2,0,2,-2,2,0,0,4,2,-4,0,0,0,2,0,0
BB-7147,Liana RH416-418 FCRB-Rear L/R,15-A-7-2,9346140021880,04 Bronze,96,0,2,0,4,0,0,0,0,0,0,0,2,0,0,0,0,0,0,0,1,0,0,0,0,0,0,0,2,0,0,0,0,0,0,0,0,0
BB-7148,Liana RH416-418 FCRB-Front L/R,15-A-7-1,9346140021897,05 No Sales FY25,125,0,0,0,1,0,0,0,0,0,0,0,0,0,0,0,0,0,0,0,0,0,0,0,0,0,0,0,0,0,0,0,0,0,0,0,0,0
BB-7149,"Prado All 95,120 Ser FSA bush",15-A-8-2,9346140033333,03 Silver,82,100,8,17,11,11,10,8,4,1,2,7,8,2,7,8,9,0,12,10,2,18,6,4,6,4,0,14,10,3,4,12,3,8,12,10,4,6
BB-7150,Cam ACV/MCV36 FCAB- Rear L/R,15-A-8-1,9346140029473,02 Gold,217,200,60,23,19,45,29,27,25,27,61,27,74,45,51,36,36,39,8,26,11,10,23,9,16,44,14,26,21,26,14,10,8,33,17,21,12,35
BB-7151,Cam ACV/MCV36 FCAB-Front L/R,15-A-1-3,9346140021903,04 Bronze,53,0,2,3,3,0,4,0,0,5,2,-2,7,3,2,0,6,2,0,0,0,0,4,0,3,0,6,4,1,5,2,2,0,2,2,2,2,1
BB-7152,Cam ACV/GSV40 FCAB-L Rear L/R,15-A-2-3,9346140029480,01 Platinum,273,400,95,57,42,47,51,58,47,43,56,70,46,80,87,121,37,91,71,81,67,98,131,151,40,64,69,72,69,48,27,56,26,38,69,62,64,94
BB-7153,Cam ACV/GSV40 FCAB-Front L/R,15-A-1-4,9346140021910,04 Bronze,3,50,0,0,5,0,1,2,0,0,4,2,0,0,0,3,0,0,4,0,0,2,2,2,2,2,0,4,0,2,4,-2,4,5,2,10,3,1
BB-7154,"Aur GSV40/50,Cam ACV40 R/Trail",15-A-2-4,9346140021927,04 Bronze,68,0,2,2,0,0,4,1,0,4,4,0,1,1,6,1,2,3,0,2,0,0,4,4,4,8,0,0,0,-4,2,0,0,2,4,0,0,2
BB-7155,Cam ACV36/40 R/Trailing bush-F,15-A-3-4,9346140021934,03 Silver,21,150,4,4,6,2,6,2,4,2,1,2,3,12,0,7,9,4,0,6,2,0,-2,2,0,8,9,0,6,0,12,1,10,9,8,0,4,0
BB-7156,"Cam ACV36,MCV36 RCAB-F/Inner B",15-A-4-4,9346140021941,04 Bronze,44,0,0,0,0,0,0,0,0,0,0,0,0,0,0,0,0,0,0,0,0,0,0,4,0,0,0,0,0,0,0,-2,0,0,0,0,0,0
BB-7157,"Rav4 SXA10,11 2.0L FCAB-Rr LH",15-A-3-3,9346140021958,04 Bronze,26,0,0,1,1,0,0,3,0,0,1,1,1,1,1,0,1,1,0,3,0,0,0,0,2,0,2,1,0,4,1,0,1,1,1,0,0,1
BB-7158,"Rav4 SXA10,11 2.0L FCAB-Rr RH",15-A-4-3,9346140021965,04 Bronze,29,0,0,1,1,0,0,5,0,0,1,1,1,3,-1,0,1,1,0,0,0,0,0,0,2,0,2,1,0,4,1,0,1,1,1,0,0,1
BB-7159,"Rav4 SXA10,11 2.0L FCAB-Front",15-A-5-4,9346140021972,04 Bronze,187,0,0,2,0,0,0,2,0,0,0,0,0,0,0,0,0,2,0,4,0,0,0,0,2,0,2,0,0,4,0,0,0,0,0,0,0,0
BB-7160,Rav4 ACA20-23 FCAB- Rear lower,15-A-5-3,9346140021989,03 Silver,57,0,3,5,10,8,2,19,0,6,10,2,2,14,2,2,4,1,10,2,0,2,0,8,2,0,6,2,2,0,0,2,2,6,6,2,0,8
BB-7161,"Rav4 ACA33,Tar ACR50 FCAB-R LR",15-A-6-3,9346140021996,03 Silver,55,100,6,4,1,5,-1,17,5,2,6,4,7,6,20,10,1,2,4,2,0,4,6,2,5,10,8,15,2,10,2,4,2,2,0,15,14,4
BB-7162,"Cor ZRE152,Tar ACR50 FCAB-Frnt",15-A-6-4,9346140022009,04 Bronze,26,0,0,2,0,0,0,0,2,1,0,0,1,2,0,0,0,0,0,0,0,0,2,0,2,0,0,2,0,0,2,0,2,0,0,0,0,0
BB-7163,"Rav4 ACA33-38,GSA33 RCAB Inner",15-A-7-4,9346140022016,04 Bronze,74,0,2,0,8,0,2,5,0,6,8,0,4,-2,4,6,0,0,6,-2,0,0,6,2,0,4,4,0,2,3,8,0,5,5,3,5,4,7
BB-7164,"Rav4 ACA33-38,GSA33 RTAB-Front",15-A-7-3,9346140022023,03 Silver,92,200,10,6,13,5,6,6,7,4,10,8,12,16,6,10,18,8,4,8,2,8,8,4,8,8,2,0,4,8,11,14,12,9,7,8,6,12
BB-7165,"Rav4 ACA33-38,GSA33 RTAB-Rear",15-A-8-4,9346140022030,03 Silver,122,0,12,-2,14,4,0,4,4,4,8,0,4,6,4,8,20,4,4,8,-4,0,8,1,8,8,0,2,8,8,20,8,4,0,4,0,4,-2
BB-7166,"Rav4 ACA33-38,GSA33 RCAB-Front",15-A-8-3,9346140022047,04 Bronze,44,0,0,0,2,0,0,2,0,2,4,0,0,0,4,2,2,0,2,-2,0,0,2,0,0,2,2,0,0,0,2,0,2,0,0,0,0,2
BB-7167,Coro. AE101 FCAB-Rear inner RH,15-A-1-5,9346140022054,04 Bronze,27,0,0,0,0,0,0,0,0,0,0,0,0,0,0,0,0,0,0,0,0,0,0,0,2,-2,0,0,0,0,0,0,0,0,0,0,0,0
BB-7168,Coro. AE101 FCAB-Rear inner LH,15-A-1-6,9346140022061,04 Bronze,25,0,0,0,0,0,0,0,0,0,0,0,0,0,0,0,0,0,1,0,0,0,0,0,0,0,0,0,0,0,0,0,0,0,0,0,0,0
BB-7169,Corolla AE102-AE112 FCAB- Rear,15-A-2-5,9346140022078,03 Silver,115,100,24,11,0,10,14,10,12,6,2,23,16,14,0,8,21,8,4,6,6,0,10,6,3,8,0,4,6,4,5,4,0,4,2,0,4,8
BB-7170,Corolla AE102-AE112 FCAB-Front,15-A-2-6,9346140022085,04 Bronze,36,0,4,-2,0,0,2,0,0,1,0,0,4,-2,0,0,0,0,0,0,0,0,0,0,0,4,-2,2,0,2,3,-4,0,2,0,0,0,4
BB-7171,Getz TB 1.3-1.6L FCAB- Rear,15-A-3-5,9346140022092,02 Gold,274,200,18,24,0,12,18,14,2,0,10,24,14,35,7,18,12,20,33,4,5,7,12,20,0,10,17,10,9,4,11,12,2,8,7,8,8,0
BB-7172,"Elan XD,Getz TB, FCAB- Front",15-A-3-6,9346140022108,04 Bronze,41,0,0,4,2,6,0,2,0,0,0,0,0,4,0,0,0,6,6,4,2,2,0,4,0,6,0,0,2,0,6,-4,0,0,1,2,0,2
BB-7173,"Accent LC,Excel X3 FCAB - Rear",15-A-4-5,9346140022115,04 Bronze,28,0,4,0,0,0,0,0,0,2,0,0,2,2,0,4,0,0,2,0,0,0,0,0,0,0,0,2,0,0,0,0,0,0,0,0,2,0
BB-7174,"Accent,Excel X3 1.5 FCAB-Front",15-A-4-6,9346140022122,05 No Sales FY25,26,0,0,1,0,0,0,0,0,0,0,0,0,0,0,0,0,0,0,0,0,0,0,0,0,0,0,0,0,0,0,0,0,0,0,0,0,0
BB-7175,Hyundai/Kia FCAB - Front&Rear,15-A-5-5,9346140022139,01 Platinum,398,200,22,15,25,34,32,21,15,29,25,38,55,14,20,29,41,52,28,12,22,27,20,39,14,47,16,39,58,38,45,43,39,28,34,45,44,43
BB-7176,"Elan XD,Tibu GK FCAB-Rear L/R",15-A-5-6,9346140022146,04 Bronze,113,0,10,16,2,12,8,10,3,0,0,0,4,2,9,0,0,4,0,2,4,0,6,6,0,4,1,0,1,2,2,0,0,2,1,2,2,6
BB-7177H,Commodore VE FCAB-Upper curved,15-A-6-5,9346140030004,04 Bronze,35,0,0,2,0,0,0,2,2,2,0,0,0,1,0,0,0,0,2,0,0,0,0,0,0,0,2,2,0,0,0,2,0,0,0,0,0,2
BB-7178,Comm VE Rear Trailing arm bush,15-A-6-6,9346140030011,05 No Sales FY25,83,0,0,0,0,0,0,0,0,0,0,0,0,0,0,0,0,0,0,0,0,0,0,0,0,0,0,0,0,0,0,8,0,0,0,0,0,0
BB-7179,"240SX,Silv S14,S15 Rear Diff B",15-A-7-6,9346140030028,07 Not Classed,20,0,,,,,,,,,,,,,,,,,,,,,,,,,,,,,,,,,,,,
BB-7180,"Fies WP-WQ, Maz2 DY FCAB- Rear",15-A-7-5,9346140022153,04 Bronze,46,0,0,0,-2,0,0,2,0,1,0,0,0,0,2,0,0,0,0,0,0,1,0,0,0,1,2,0,0,0,0,0,0,0,0,0,0,0
BB-7181,"Fies WP-WQ, Maz2 DY FCAB-Front",15-A-8-6,9346140022160,06 First Sale in FY26,24,0,0,0,0,0,0,0,0,0,0,0,0,0,0,0,0,0,0,0,0,0,0,0,0,0,0,0,1,0,0,0,0,0,0,0,0,0
BB-7182,"Fies WS-WT, Maz2 DE FCAB- Rear",15-A-8-5,9346140022177,03 Silver,209,0,6,0,4,4,8,10,2,8,0,17,0,4,2,6,0,12,3,0,0,5,2,6,3,2,4,9,2,0,8,2,2,26,2,0,2,3
BB-7183,"Fies WS-WT, Maz2 DE FCAB-Front",15-A-1-8,9346140022184,04 Bronze,19,0,0,0,0,0,0,0,0,0,0,0,0,0,0,0,0,0,4,-2,0,0,0,0,0,0,0,0,0,0,4,-2,0,2,0,0,0,0
BB-7184,"Fies WS-WT,Maz2 DE R-Axle beam",15-A-1-7,9346140022191,04 Bronze,37,0,1,0,0,0,0,2,4,3,3,2,2,-2,4,0,4,1,0,0,2,2,0,2,0,2,4,4,0,3,2,-2,0,0,0,2,2,3
BB-7185,"Foc,Maz 3,Vol C30,70 FCAB-R LR",15-A-2-7,9346140022207,03 Silver,187,100,33,31,26,33,18,29,6,6,26,26,45,41,37,19,20,24,17,8,6,8,5,10,11,9,14,23,15,3,4,12,16,13,13,12,17,12
BB-7186,"Foc,Maz 3,Vol C30,70 FCAB-R LR",15-A-2-8,9346140022214,04 Bronze,17,0,4,2,2,2,2,2,1,2,0,1,0,1,3,2,4,4,2,2,0,0,0,0,2,1,0,2,2,0,0,0,0,0,2,1,0,2
BB-7187,"Foc,Maz 3,Vol C30,70 FCAB-Frnt",15-A-3-8,9346140022221,04 Bronze,86,0,2,2,0,2,0,0,1,0,1,0,2,0,2,0,4,4,2,0,0,4,0,0,0,0,4,2,0,0,1,0,2,0,4,0,4,2
BB-7188,"Foc LR,Maz BK,BL,C30,S40 RTAB",15-A-4-7,9346140022238,04 Bronze,22,0,0,4,2,2,0,2,0,2,0,0,2,0,2,6,0,1,0,0,3,2,0,2,0,0,0,2,1,2,8,2,0,2,0,0,2,4
BB-7189,"Focus,Maz3,Volvo RCAB-Upper in",15-A-4-8,9346140022245,04 Bronze,67,0,0,0,0,0,0,0,1,0,0,-2,0,0,0,0,0,4,0,0,4,0,4,2,0,6,0,0,0,0,0,0,0,0,0,0,0,4
BB-7190,"Focus,Maz3,Volvo RCAB-Low Frnt",15-A-5-8,9346140022252,03 Silver,105,0,0,8,0,4,5,8,0,2,1,0,0,2,3,13,2,8,6,0,0,4,8,1,0,4,4,0,4,0,4,4,6,0,0,0,0,8
BB-7191,Maz3 BL-BK Steering R/G bush,15-A-6-8,9346140022269,04 Bronze,30,0,0,0,2,0,2,4,0,0,0,0,2,0,0,0,0,0,0,0,2,2,0,0,0,2,0,0,0,2,0,2,0,0,0,0,0,4
BB-7192,Mazda 3 BL 09-14 FCAB-Low Rear,15-A-5-7,9346140022276,03 Silver,81,50,0,2,2,4,4,3,8,0,4,2,2,2,8,8,4,2,2,11,2,0,2,3,4,2,7,0,4,3,4,3,0,0,8,2,4,0
BB-7193,Mazda 3 BL 09-14 FCAB-Low Frnt,15-A-7-7,9346140022283,04 Bronze,16,0,0,0,0,0,0,0,0,0,0,0,0,0,0,0,0,0,0,0,2,0,0,0,0,0,0,0,0,2,2,0,0,0,0,0,0,0
BB-7194,"Maz 6 GG,GY 02-08 FCAB-U/inner",15-A-7-8,9346140022290,04 Bronze,53,0,8,-4,2,4,0,0,10,4,0,8,0,0,0,0,0,0,0,4,0,0,0,0,0,0,0,0,0,0,0,0,0,0,4,0,0,0
BB-7195,"Maz 6 GG,GY 02-08 FCAB-L/inner",15-A-8-7,9346140022306,04 Bronze,42,0,2,4,0,2,2,0,2,4,2,0,0,0,0,0,0,2,0,2,1,2,0,0,0,0,0,0,0,0,0,-2,0,0,2,0,4,0
BB-7196,"Maz 6 GG,GY 02-08 FCAB-L/inner",15-A-8-8,9346140022313,03 Silver,84,0,2,10,2,4,-1,6,6,9,3,2,0,4,0,0,3,4,2,5,4,4,2,3,2,8,0,3,0,4,0,-6,0,3,5,1,0,6
BB-7197,"Mazda 6 GG,GY FTAB - Rear",15-A-1-9,9346140022320,04 Bronze,59,0,0,2,0,1,0,0,1,4,2,0,0,0,0,2,2,4,0,2,1,2,0,0,1,0,2,2,0,0,0,2,0,0,0,2,0,2
BB-7198,"Mazda 6 GG,GY RTAB - LH/RH",15-A-2-9,9346140022337,04 Bronze,39,0,0,2,4,0,2,0,0,2,2,0,0,1,2,2,-2,2,2,2,2,0,0,0,2,2,0,0,2,4,2,0,2,0,4,3,0,0
BB-7199,Mazda 6 GH FCAB - Upper inner,15-A-1-10,9346140022344,04 Bronze,25,150,0,4,0,8,-4,-4,4,4,0,0,4,4,0,0,0,4,4,4,0,0,0,3,0,0,6,4,8,4,4,4,8,4,8,1,0,0
BB-7200L,Mazda 6 GH FCAB-Lower rear LH,15-A-3-9,9346140032275,04 Bronze,33,30,1,0,0,2,2,5,0,0,0,1,4,1,4,2,3,5,0,0,0,2,0,1,2,0,1,0,2,0,3,1,0,0,0,1,0,1
BB-7200R,Mazda 6 GH FCAB-Lower Rear RH,15-A-4-9,9346140022351,04 Bronze,52,0,1,0,0,2,1,4,0,0,0,1,4,1,4,2,4,4,0,0,0,2,0,1,2,0,0,0,1,0,3,1,0,0,0,1,0,1
BB-7201,Mazda 6 GH FCAB-Lower Inner LR,15-A-2-10,9346140022368,04 Bronze,69,0,0,0,0,0,0,2,-2,0,0,0,0,2,0,0,0,2,0,0,0,0,0,0,0,0,0,0,1,0,0,0,2,0,1,2,-2,0
BB-7202,Mazda 6 GH FCAB-Lower Outer LR,15-A-3-10,9346140022375,04 Bronze,16,0,0,0,0,0,0,2,-2,2,0,2,0,2,0,0,2,2,2,2,-2,0,0,0,0,0,0,0,1,0,0,0,2,1,-1,2,-2,0
BB-7203,Mazda 6 GH RCAB - Upper LH/RH,15-A-4-10,9346140022382,04 Bronze,48,0,0,0,0,0,0,4,2,0,0,0,0,0,4,4,-2,0,0,0,0,0,0,0,0,0,0,0,0,0,8,0,0,0,4,0,0,0
BB-7204,Mazda 6 GH RCAB - Lower Rear,15-A-5-10,9346140022399,04 Bronze,39,0,0,0,0,0,0,2,0,0,0,2,0,0,2,2,-1,0,0,0,0,0,0,0,0,0,0,0,0,0,0,0,0,0,2,0,0,0
BB-7205,Mazda 6 GH RTAB - LH/RH,15-A-5-9,9346140022405,03 Silver,30,50,0,4,2,8,6,10,0,2,0,4,0,4,4,10,4,6,2,2,2,2,0,4,4,4,0,2,6,6,6,6,6,7,4,6,8,4
BB-7206,Maz 6 GH-GH RCAB-Lower Front,15-A-6-9,9346140022412,04 Bronze,50,0,6,0,0,2,0,0,0,0,6,4,0,4,12,4,-2,17,4,0,4,4,0,0,0,0,0,0,4,0,0,2,2,2,0,0,4,0
BB-7207,"AccCL9,CU2,CRV RD5,RE4,RM RSAB",15-A-6-10,9346140022429,04 Bronze,42,0,0,0,0,2,0,0,2,2,0,0,2,2,2,2,2,0,0,0,2,0,0,2,0,2,2,0,0,2,0,0,2,0,0,2,0,0
BB-7208,MPV LW V6 FCAB-Lower Rear,15-A-7-10,9346140022436,04 Bronze,95,0,1,0,2,0,0,0,0,0,0,0,0,2,0,4,0,0,2,4,-4,0,0,0,0,0,0,-1,2,0,0,0,0,0,0,0,0,0
BB-7209,Mazde CX7 ER RCAB - Upper,15-A-7-9,9346140022443,05 No Sales FY25,40,0,0,0,0,0,4,-4,0,0,4,0,0,0,0,0,0,0,0,0,0,0,0,0,0,0,0,0,0,0,0,0,0,0,0,0,4,4
BB-7210,Maz CX7 ER RCAB-Lower R/Outer,15-A-8-9,9346140022450,04 Bronze,20,0,0,0,0,0,0,2,0,0,0,0,0,0,0,0,0,0,0,0,0,0,0,0,0,0,2,0,0,0,0,0,0,0,0,0,2,2
BB-7211,Maz CX7 ER RCAB-Lower R/Inner,15-A-8-10,9346140022467,04 Bronze,24,0,0,0,0,0,0,0,0,2,0,0,0,0,0,0,0,0,0,0,0,0,0,0,0,0,2,0,0,0,0,0,0,0,0,0,0,2
BB-7212,"323 BJ,Premacy CP FCAB-L/Rear",15-B-1-2,9346140022474,03 Silver,111,0,6,8,6,10,6,0,2,6,8,0,13,14,26,0,19,11,2,6,8,2,0,7,0,4,14,2,4,2,5,2,2,4,2,2,6,6
BB-7213,"323 BJ,Premacy CP FCAB-L/Front",15-B-2-2,9346140022481,04 Bronze,14,30,0,0,0,0,2,0,0,0,0,0,0,0,0,0,0,2,0,0,0,0,0,0,0,2,0,0,0,2,2,0,0,0,2,0,2,2
BB-7214K,"Hiace KDH,TRH Front S/Rod Kit",15-B-1-1,9346140037652,01 Platinum,247,200,31,41,32,64,44,44,19,24,22,17,21,25,25,30,53,33,36,29,28,18,18,18,29,28,41,27,36,25,34,43,46,46,33,37,27,50
BB-7215K,Maz CX9 06-16 Rear Diff B/Kit,15-B-3-1,9346140026885,03 Silver,118,50,8,12,12,12,10,8,6,11,5,7,6,10,13,7,6,10,9,4,8,3,11,4,9,13,5,6,8,13,9,10,5,6,10,7,6,2
BB-7216,"Rang PJ,PK,BT50 FCAB-Lower Fnt",15-B-3-2,9346140026892,04 Bronze,90,0,8,3,2,3,2,4,4,0,6,1,0,2,4,5,0,0,2,0,0,0,2,2,5,6,0,6,4,4,0,4,0,0,2,0,8,2
BB-7217,"Esc BA-ZB,Trib CU,YU FCAB-Rear",15-B-4-1,9346140021545,04 Bronze,58,0,2,4,2,3,11,0,6,4,2,0,0,6,4,2,8,4,2,2,0,2,2,0,0,0,2,6,0,0,0,0,2,2,0,6,-2,0
BB-7218,"Esc BA-ZB,Trib CU,YU FCAB-Frnt",15-B-4-2,9346140021552,04 Bronze,73,0,0,4,0,1,1,0,0,0,0,0,0,0,0,0,2,0,0,0,0,0,2,0,0,0,0,0,0,0,0,0,0,0,2,2,-2,2
BB-7219,"Rang PJ,PK,BT50 FCAB-Upper L/R",15-B-5-2,9346140029732,03 Silver,140,0,8,8,0,10,0,4,-2,4,4,0,0,6,8,0,16,4,6,0,0,0,6,0,10,4,4,4,0,2,6,3,0,0,12,-2,8,4
BB-7220,XTrail T30 2.5 01-07 FCAB-Frnt,15-B-6-2,9346140022504,04 Bronze,56,0,1,2,2,1,4,0,1,2,2,0,0,0,2,2,0,2,-2,2,0,0,0,0,1,0,0,5,0,2,0,0,0,0,0,0,0,1
BB-7221,XTrail T30 01-07 FCAB-Low/Rear,15-B-5-1,9346140022511,03 Silver,75,50,8,4,21,12,4,4,0,6,7,7,16,12,4,11,2,1,6,10,2,11,4,0,6,6,9,6,6,0,2,4,13,6,7,6,7,6
BB-7222,XTrail T30 01-07 FCAB-Low/Rear,15-B-6-1,9346140022528,05 No Sales FY25,40,0,0,4,0,0,0,0,0,2,2,0,2,0,0,0,0,0,0,0,0,0,0,0,0,0,0,1,0,0,0,0,0,0,0,0,0,0
BB-7223,XTrail T30 01-07 R/Trailing AB,15-B-7-2,9346140022535,04 Bronze,18,0,0,2,0,0,0,0,0,0,0,0,0,0,0,2,0,0,0,0,0,0,0,2,0,0,0,0,0,0,0,0,2,0,-2,2,0,0
BB-7224,XTrail T30 01-07 R/Trailing AB,15-B-7-1,9346140022542,04 Bronze,19,0,0,2,2,1,0,0,0,0,0,0,0,0,0,2,0,0,0,0,0,0,0,2,0,0,0,0,0,0,0,0,2,0,-2,2,0,0
BB-7225,XTrail T30 RCAB-Upper/Lower,15-B-8-2,9346140022559,04 Bronze,131,0,21,10,8,2,0,0,8,0,8,0,2,6,0,0,0,0,0,4,0,2,0,8,0,0,2,0,0,0,0,-1,0,2,0,0,-2,0
BB-7226,Elgrand E52 FCAB- Low Rear,15-B-8-1,9346140022566,04 Bronze,181,0,10,52,6,8,7,13,2,2,4,1,2,2,6,2,2,0,8,2,0,2,0,0,0,0,2,4,2,0,0,2,0,2,2,0,0,2
BB-7227,"Elg E52,Mur Z51 FCAB-Low Front",15-B-9-2,9346140022573,03 Silver,100,100,5,15,18,10,14,14,4,14,12,17,10,5,13,6,12,4,10,12,12,8,8,8,8,16,4,12,21,15,0,13,10,8,6,14,3,6
BB-7228,"Fal AU,BA,BF FCAB-Upper Front",15-B-10-2,9346140032107,03 Silver,60,0,6,2,2,6,2,4,0,0,2,-3,2,0,0,0,0,4,0,0,6,0,4,5,8,20,0,6,4,6,6,4,0,4,0,0,0,8
BB-7229,"Fal BA,BF RCAB- Rr Inner Lower",15-B-9-1,9346140032114,04 Bronze,24,0,0,0,0,2,0,2,0,0,2,1,4,0,0,0,2,-2,0,0,2,0,0,2,0,0,0,2,0,4,0,0,0,0,2,0,0,0
BB-7230,"Fal BA,BF RCAB- Outer Lower",15-B-10-1,9346140032121,04 Bronze,78,0,0,0,1,2,0,2,0,1,2,2,4,2,0,0,2,-2,0,0,0,0,2,6,0,0,0,2,0,0,0,0,0,0,2,0,0,0
BB-7231,"BA,BF/Terri RCAB-Rear inner",15-B-11-2,9346140032138,04 Bronze,59,0,0,3,0,0,0,0,2,0,0,2,2,0,0,0,2,-2,0,0,0,5,3,4,-2,2,4,1,2,2,0,0,0,0,0,0,0,0
BB-7232,"Fal AU,BA Leaf Spring Bush-Fnt",15-B-11-1,9346140032145,04 Bronze,14,100,8,2,2,0,0,2,0,0,0,0,0,2,2,0,0,8,6,4,2,0,0,0,0,0,0,0,0,0,2,0,2,10,0,0,2,2
BB-7233,"Com VY,VZ Leaf Spring bush-Fnt",15-B-12-1,9346140032152,04 Bronze,88,0,2,0,0,0,0,0,0,0,0,0,0,0,0,0,0,0,0,0,0,0,2,0,0,0,0,0,0,0,0,0,0,0,0,0,0,0
BB-7234,Comm VR-VZ FCAB-Lower inner,15-B-12-2,9346140032169,04 Bronze,19,0,0,0,0,0,0,4,2,3,4,-1,2,-2,0,0,0,0,0,0,2,2,0,2,2,0,3,2,0,0,4,2,0,2,0,0,4,0
BB-7235,Mura Z50 3.5L FCAB-Lower Rear,15-B-13-1,9346140032176,04 Bronze,52,0,2,2,2,-2,0,0,0,0,0,0,0,0,2,0,0,0,0,2,0,2,0,0,0,0,0,0,0,0,0,0,0,0,0,0,0,0
BB-7236,Mura Z50 3.5L FCAB-Lower Front,15-B-13-2,9346140032183,04 Bronze,65,0,0,0,0,0,4,0,0,0,0,0,0,0,0,0,0,0,0,0,0,0,0,0,0,2,0,0,0,0,0,0,0,0,0,0,0,0
BB-7237L,Maxi A33 3.0L FCAB-Low/Rear LH,15-B-14-1,9346140032190,04 Bronze,16,0,0,0,0,0,0,0,0,0,0,0,0,0,0,0,0,0,0,0,0,0,1,0,0,0,0,0,0,0,0,0,0,0,0,0,0,0
BB-7237R,Maxi A33 3.0L FCAB-Low/Rear RH,15-B-15-1,9346140032305,04 Bronze,34,0,0,0,0,0,0,0,0,0,0,0,0,0,0,0,0,0,0,0,0,0,1,0,0,0,0,0,0,0,0,0,0,0,0,0,0,0
BB-7238,"Maxi A32,A33 FCAB-Lower Front",15-B-14-2,9346140032206,04 Bronze,53,0,2,2,0,0,0,0,0,0,0,0,0,0,1,0,0,0,0,2,2,0,2,1,2,-2,0,0,0,0,0,0,0,1,3,0,0,0
BB-7239,"Fal AU,BA,BF FCAB-Upper Inner",15-B-15-2,9346140032213,03 Silver,48,0,0,0,2,4,2,2,0,0,2,-2,0,0,0,4,0,0,0,0,2,0,0,1,8,20,0,0,0,2,4,0,0,2,0,0,0,0
BB-7240,CRV RE4/RM1 06-16 FCAB-Rr RH,15-B-1-3,9346140022580,03 Silver,74,0,0,1,3,4,4,4,1,3,2,2,3,6,2,3,9,3,2,6,1,2,4,5,3,5,2,4,4,3,3,8,0,7,2,2,2,1
BB-7241,CRV RE4/RM1 06-16 FCAB-Rr LH,15-B-2-3,9346140022597,03 Silver,74,0,0,1,3,4,4,5,2,3,0,2,2,6,0,5,9,3,2,6,1,2,4,5,3,3,2,4,8,3,3,8,0,7,1,3,2,1
BB-7242,CRV RE4/RM1 06-16 FCAB-Front,15-B-1-4,9346140022603,04 Bronze,25,0,2,0,-2,0,0,0,0,0,0,0,1,0,0,0,1,2,2,0,0,2,0,0,0,0,0,0,0,0,0,-1,0,0,2,0,0,0
BB-7243,"Civic FD,CRV RE RCAB-Low Front",15-B-3-3,9346140022610,04 Bronze,26,0,2,0,-1,0,2,0,0,0,0,0,0,0,0,0,2,2,0,0,0,0,0,2,-2,0,0,0,0,0,0,0,2,0,0,0,0,0
BB-7244,"Civic FD,CRV RE RCAB-Low Rear",15-B-2-4,9346140022627,04 Bronze,17,0,0,0,0,0,0,0,0,0,0,0,0,0,0,0,0,2,0,0,0,0,0,6,-2,0,0,0,0,2,-2,0,0,2,0,0,0,0
BB-7245,"Civ EP,ES/CRV RD,RE RCAB-Upper",15-B-3-4,9346140022634,04 Bronze,59,0,4,8,2,6,8,4,5,0,3,6,4,4,5,4,0,2,-2,0,0,5,1,8,4,2,6,0,2,4,-1,2,0,4,0,3,4,1
BB-7246,CRV RE4 Steering Rack Bush LH,15-B-4-4,9346140022641,05 No Sales FY25,27,0,0,0,0,0,0,0,0,0,1,0,0,0,0,0,0,0,0,0,0,0,0,0,0,0,0,0,0,0,1,0,1,0,0,0,0,0
BB-7247,CRV RE4 Steering Rack Bush L/R,15-B-5-4,9346140022658,04 Bronze,19,0,0,0,0,0,0,0,0,0,0,0,0,0,0,0,0,2,0,0,0,0,0,0,0,0,4,0,0,0,2,0,2,0,0,0,0,0
BB-7248,CRV RE4 Steering Rack Bush RH,15-B-6-4,9346140022665,05 No Sales FY25,27,0,0,0,0,0,0,0,0,0,1,0,0,0,0,0,0,0,0,0,0,0,0,0,0,0,0,0,0,0,1,0,1,0,0,0,0,0
BB-7249,"MDX YD,Ody RA8 FCAB-Lower Rear",15-B-4-3,9346140026090,04 Bronze,59,0,3,2,2,3,8,0,2,4,2,2,0,0,0,8,0,0,2,2,0,0,0,0,0,0,0,4,4,2,2,4,4,2,3,0,4,0
BB-7250,"LX470,Land HDJ100 4.2L F/Diff",15-B-5-3,9346140026106,06 First Sale in FY26,24,100,0,0,0,0,0,0,0,0,0,0,0,0,0,0,0,0,0,0,0,0,0,0,0,0,0,0,0,11,9,6,4,0,0,14,15,30
BB-7251,"Rang PJ,PK,BT50 FCAB-Lower RR",15-B-6-3,9346140032374,04 Bronze,28,0,6,2,8,-2,2,2,4,0,8,-1,0,2,4,2,0,0,2,0,0,0,5,2,3,4,0,6,6,4,1,2,-2,0,0,0,6,2
BB-7252,Corolla ZZE122/123 FCAB - Rear,15-B-7-4,9346140032381,02 Gold,268,100,40,30,23,35,40,39,21,19,28,38,60,22,52,22,17,15,36,14,6,48,16,21,27,21,18,27,32,17,11,18,4,14,20,25,36,21
BB-7253,Yaris NCP90-131 FCAB-Low Rear,15-B-7-3,9346140032398,01 Platinum,398,100,36,18,20,40,38,22,17,10,16,26,39,4,18,43,58,38,48,44,18,36,22,60,17,54,16,24,42,54,32,20,38,42,42,47,24,31
BB-7254,Yaris NCP90-131 FCAB-Low Front,15-B-8-4,9346140032404,04 Bronze,22,0,4,0,0,0,2,2,0,2,0,0,0,0,0,1,0,4,0,0,0,0,0,2,2,0,0,2,0,0,0,0,0,0,0,1,0,0
BB-7255,Yar NCP131 1.5L Rear Axle Beam,15-B-8-3,9346140032411,05 No Sales FY25,35,0,0,0,0,0,2,0,0,0,0,0,0,0,0,0,0,0,0,0,0,0,0,0,0,0,0,0,0,0,0,0,0,0,0,0,0,0
BB-7256,Maz CX-9 TB 07-16 FCAB - Front,15-B-9-4,9346140032428,04 Bronze,80,0,0,0,0,0,0,0,2,0,0,0,0,2,-2,0,0,0,0,0,0,0,0,0,1,0,0,2,-1,4,2,0,2,-2,0,0,0,0
BB-7257,"Focus LW,LZ 11-on F/X-Member R",15-B-9-3,9346140032435,05 No Sales FY25,92,0,0,0,0,0,0,0,0,0,0,0,0,0,0,0,0,0,0,0,0,0,0,0,0,0,0,0,0,0,0,0,0,0,0,0,2,-2
BB-7258,CX7 ER 06-12 FCAB-Lower Front,15-B-10-4,9346140032442,05 No Sales FY25,123,0,0,0,0,0,0,0,0,4,0,2,0,-4,0,0,0,0,0,0,0,0,0,0,0,0,0,4,-2,0,0,0,0,0,0,0,0,0
BB-7259,"Silv S13-S15,GTS R/Subframe B",15-B-10-3,9346140033456,04 Bronze,27,0,0,4,0,0,0,0,0,0,0,0,0,0,0,0,0,0,9,0,0,0,0,0,4,0,0,0,0,0,0,0,0,0,0,0,0,0
BB-7260,GTR 2.6 4WD Rear Subframe bush,15-B-11-3,9346140033463,04 Bronze,16,0,0,0,0,0,0,0,0,0,0,0,0,0,0,0,0,0,0,0,0,0,0,0,0,4,-4,0,4,0,8,0,0,0,0,0,0,0
BB-7261,"Geely MK,Toyota Platz RTAB-L/R",15-B-11-4,9346140033470,07 Not Classed,30,0,,,,,,,,,,,,,,,,,,,,,,,,,,,,,,,,,,,,
BB-7262K,Maz CX9 06-16 Rear Diff B/Kit,15-B-12-3,9346140033487,03 Silver,87,0,12,16,13,11,7,8,3,3,19,5,4,5,4,5,4,9,5,5,1,1,3,6,6,1,0,5,6,3,5,3,5,8,9,5,2,3
BB-7263L,"CX7,CX9 FCAB - Lower Rear LH",15-B-13-3,9346140033494,04 Bronze,21,30,4,4,8,4,2,0,1,2,2,4,2,1,1,0,3,3,2,1,0,5,0,3,1,6,0,4,1,2,2,1,2,1,1,3,2,6
BB-7263R,"CX7,CX9 FCAB - Lower Rear RH",15-B-14-3,9346140033500,04 Bronze,28,30,4,3,7,4,1,0,1,2,1,4,2,3,-1,-1,3,3,1,1,0,5,0,3,0,7,0,6,0,1,2,1,2,1,1,3,1,4
BB-7264,Paseo EL44 R/Trailing Arm bush,15-B-12-4,9346140033517,04 Bronze,30,0,0,0,0,0,0,0,0,0,0,0,0,0,0,2,0,0,0,0,0,0,0,0,0,0,0,0,0,0,0,0,0,0,0,0,0,0
BB-7265,"Hon Fit GD1,Jazz GD1 FCAB-Rear",15-B-13-4,9346140033524,03 Silver,149,0,0,7,4,6,10,5,0,20,4,2,8,6,0,6,31,14,3,2,9,13,6,4,2,2,0,4,4,4,6,6,4,6,0,2,0,2
BB-7266,"City,Fit,Jazz FCAB-Rear w/o Br",15-B-15-3,9346140033531,04 Bronze,24,0,0,0,2,0,4,1,2,0,0,0,0,0,2,0,0,0,0,6,-1,0,0,2,0,0,4,0,0,2,0,0,0,0,0,2,0,0
BB-7267,"City,CRZ, Fit, Jazz FCAB-Front",15-B-14-4,9346140033548,05 No Sales FY25,60,0,2,0,0,0,4,-2,2,2,0,0,0,0,0,0,0,0,0,0,0,0,0,0,0,0,0,2,0,0,0,0,0,0,0,0,0,0
BB-7268,"Civic EK, CRV RD FCAB-Low Rear",15-B-15-4,9346140034347,04 Bronze,48,0,2,2,2,0,0,0,0,2,0,2,0,4,1,2,2,0,2,2,0,-2,0,2,0,0,0,0,0,0,1,0,0,0,0,0,2,0
BB-7269,"Civ EK,CRV RD 95-01 FSAB-Lower",15-B-1-5,9346140034354,04 Bronze,53,0,2,0,0,1,2,0,1,4,5,0,2,4,0,6,4,0,0,0,0,2,0,0,3,0,0,2,0,0,3,0,0,2,0,0,0,0
BB-7270,"Civ EK,CRV RD 95-01 FCAB-Front",15-B-1-6,9346140034361,04 Bronze,75,0,2,2,4,3,-1,-1,0,4,0,3,1,4,0,2,0,0,2,4,0,2,2,-2,1,0,0,0,0,0,1,1,0,0,0,1,2,0
BB-7271,"Civic,CRV,Prelude FCAB- Upper",15-B-2-5,9346140034378,04 Bronze,65,0,-2,4,14,5,0,8,8,4,5,6,10,2,0,4,8,0,8,4,0,0,0,0,0,7,0,0,8,2,0,0,0,0,8,0,4,4
BB-7272,Civic EK4 1.6 RCAB-Low in/out,15-B-2-6,9346140034385,05 No Sales FY25,16,0,0,0,0,0,0,0,0,0,0,2,0,0,0,0,0,0,0,0,0,0,0,0,0,0,0,0,0,0,0,0,0,0,0,0,0,0
BB-7273,"Civic EF/G,HRV GH RSB",15-B-3-6,9346140034392,05 No Sales FY25,14,0,0,0,0,2,0,0,0,0,0,0,0,0,2,0,0,0,0,0,0,0,0,0,0,0,0,0,0,0,0,0,0,0,0,0,0,0
BB-7274,"Civ,CRX,CRV,Inte RCAB-Up/Rr in",15-B-3-5,9346140034408,04 Bronze,37,0,-2,1,2,2,-2,0,0,2,0,0,3,10,2,0,-2,0,2,0,4,-4,2,0,0,4,0,2,0,0,3,0,0,0,0,0,0,0
BB-7275,"Civ,CRX,CRV,Inte RCAB-Up/R out",15-B-4-6,9346140034415,04 Bronze,47,0,0,0,2,0,0,0,0,2,0,0,0,6,0,0,0,0,2,0,3,-1,0,0,0,6,0,2,0,0,0,0,0,0,0,0,0,0
BB-7276,"Civic,CRV,Integ FCAB-Low Front",15-B-4-5,9346140034422,02 Gold,289,100,14,23,27,20,28,22,12,17,25,17,10,23,6,17,16,21,13,10,7,14,10,18,3,16,8,28,19,6,13,11,5,24,17,10,9,15
BB-7277,"Civic,CRV,Integ FCAB-Low Rear",15-B-5-6,9346140034439,04 Bronze,66,0,4,2,-2,2,2,2,0,0,0,2,2,0,2,0,0,2,2,2,0,0,2,0,0,0,0,4,0,0,-2,4,-2,2,0,0,0,0
BB-7278,Civic FD1/2/3 FCAB-Lower Front,15-B-5-5,9346140034446,02 Gold,170,100,4,15,15,23,6,26,18,2,16,11,27,9,40,14,10,14,32,17,4,22,14,38,13,21,24,36,16,12,8,23,20,8,6,11,10,24
BB-7279,"A3,TT,Civi,Golf,Tig FCAB-Front",15-B-6-6,9346140034453,04 Bronze,59,0,2,-2,2,2,6,0,2,10,-4,2,2,-2,5,3,2,2,0,4,2,0,2,0,0,2,8,0,2,0,4,-2,4,4,0,2,2,2
BB-7280,"Civ EP,EU,FB,FD RCAB-Low Front",15-B-6-5,9346140034460,04 Bronze,26,0,0,0,2,0,0,2,0,1,0,0,2,0,0,0,0,0,0,0,0,0,0,1,0,4,0,0,0,0,0,2,0,0,0,0,2,0
BB-7281,Civic FD1/2/3 RCAB- lower Rear,15-B-7-5,9346140034477,04 Bronze,44,0,2,4,2,0,0,2,2,2,0,0,4,0,2,2,2,2,8,2,0,2,0,2,0,0,0,0,2,2,0,4,0,0,0,0,4,8
BB-7282,"Civ FD,FB/SantaFe/Sore RCAB-Rr",15-B-7-6,9346140034484,04 Bronze,29,0,0,0,2,2,0,0,0,2,0,0,2,0,0,0,0,0,0,0,0,0,2,0,0,2,0,0,0,0,0,4,6,0,0,0,0,2
BB-7283,"Civ FD1-3,FB2-4 RCAB-Rr Up In",15-B-8-5,9346140034491,04 Bronze,17,0,0,0,2,0,0,0,0,2,0,0,2,0,0,0,0,0,0,0,0,0,0,0,0,2,0,0,0,0,0,2,-2,0,0,0,0,2
BB-7284,"Acc,Ody,Prel FCAB-Lower outer",15-B-8-6,9346140034507,04 Bronze,51,0,0,2,0,0,0,0,2,0,-2,0,0,0,0,0,0,0,2,0,0,0,0,2,0,0,0,0,0,0,0,2,0,0,0,0,0,2
BB-7285,"Acc,Ody,Prel FCAB-Lower inner",15-B-9-6,9346140034514,04 Bronze,58,0,0,6,0,0,0,0,0,0,0,0,0,0,0,0,0,0,2,0,0,0,0,2,0,0,0,0,2,0,2,2,0,0,0,0,0,0
BB-7286,"Acc CL9,CM5/6 FCAB-Low Front",15-B-9-5,9346140034521,01 Platinum,344,100,45,20,16,18,16,32,11,21,26,13,24,28,37,39,20,32,36,19,8,30,18,11,11,38,22,22,19,18,9,6,16,4,20,15,11,29
BB-7287,"Acc CL,CM,CP,CU FCAB-Low Rear",15-B-10-5,9346140034538,04 Bronze,61,0,2,2,5,0,4,4,5,4,0,5,3,14,2,4,4,0,5,0,2,8,4,0,0,0,2,0,10,0,2,0,0,2,4,0,0,4
BB-7288,"Acc CL,CM,CP/Ody RB FCAB-Upper",15-B-10-6,9346140034545,04 Bronze,32,0,0,0,0,0,0,0,2,2,-4,0,0,2,0,0,2,0,4,-4,0,0,4,0,0,0,-4,0,6,0,4,0,0,0,4,0,0,0
BB-7289,"Accord CL,CM RCAB-Upper Front",15-B-11-5,9346140034552,04 Bronze,53,0,2,2,0,6,0,4,0,10,0,2,0,2,0,0,2,2,0,0,0,2,2,0,0,0,0,2,4,4,2,4,0,0,0,2,0,0
BB-7290,"Accord CL,CM RCAB-Front Lower",15-B-11-6,9346140034569,05 No Sales FY25,28,0,0,0,0,0,0,0,0,0,0,0,2,-2,0,0,0,0,0,0,0,0,0,0,0,0,0,0,0,0,0,0,0,0,0,0,0,0
BB-7291,"Accord CL,CM RCAB-Rear Lower",15-B-12-6,9346140034576,04 Bronze,20,0,0,0,0,0,0,0,0,2,0,0,2,-2,0,0,0,4,0,0,0,0,0,0,0,0,0,0,0,0,0,0,0,0,0,0,0,0
BB-7292,"Acco CP/CU,Odys RB FCAB-Front",15-B-12-5,9346140034583,02 Gold,364,0,12,12,18,11,28,13,6,12,19,50,40,31,20,18,15,27,38,21,7,26,10,12,6,34,10,25,15,18,6,14,10,18,8,21,10,22
BB-7293L,Las KF-KH/323 BG FCAB-Rear LH,15-B-13-6,9346140034590,04 Bronze,11,0,1,0,0,0,0,0,0,0,0,0,0,0,0,1,0,0,0,0,0,0,0,0,0,0,0,0,0,2,0,1,0,0,1,0,1,1
BB-7293R,Las KF-KH/323 BG FCAB-Rear RH,15-B-14-6,9346140034606,04 Bronze,13,0,0,0,0,0,0,0,0,0,0,0,0,0,0,1,0,0,0,0,0,0,0,0,0,0,0,0,0,2,0,1,0,0,0,0,1,1
BB-7294L,323 BA/Las KJ FCAB-Low Rear LH,15-B-13-5,9346140034613,04 Bronze,15,0,0,0,0,1,4,2,0,0,1,2,1,0,0,0,0,0,0,0,1,1,2,0,0,2,0,-1,1,0,0,0,1,1,0,0,2,1
BB-7294R,323 BA/Las KJ FCAB-Low Rear RH,15-B-14-5,9346140034620,04 Bronze,17,0,0,0,0,1,4,2,1,0,1,1,1,0,0,0,0,0,0,0,1,1,1,0,0,2,0,-1,1,0,0,0,1,1,0,0,1,1
BB-7295,"Maz3 BM,BN/6 GJ,GL FCAB-Front",15-B-15-6,9346140034637,04 Bronze,22,50,2,0,0,2,0,4,0,0,2,2,2,0,0,0,0,4,0,0,0,8,0,2,0,2,4,0,2,0,0,0,0,7,4,4,2,0
BB-7296,"Maz3 BM,BN/6 GJ,GL FCAB-Rear",15-B-15-5,9346140034644,04 Bronze,17,0,2,0,0,0,0,0,0,0,0,0,0,0,0,0,0,1,0,0,0,2,0,0,2,0,2,2,0,0,0,2,-2,4,6,6,6,6
BB-7297,"Maz 3 BM,6 GJ,CX5 RCAB-Low R/I",15-B-1-8,9346140034651,04 Bronze,85,0,0,2,-2,2,0,2,3,-1,6,0,0,0,0,0,0,0,2,4,2,2,0,0,0,0,0,2,0,0,0,2,2,0,0,0,0,0
BB-7298,"Maz3 BM,6 GJ,CX5 RCAB-Up inner",15-B-2-8,9346140034668,04 Bronze,19,0,0,0,0,2,0,0,0,0,0,0,0,0,0,0,0,1,0,0,0,0,0,2,0,0,0,0,0,0,0,0,2,0,0,0,0,0
BB-7299,"Maz3 BM,BN/CX5 KE RCAB-Outer",15-B-3-8,9346140034675,04 Bronze,19,0,0,0,0,2,0,0,0,0,0,0,0,0,0,0,0,0,0,0,0,0,0,0,2,0,0,0,2,0,0,0,2,0,0,0,0,0
BB-7300,"Maz3 BM,6 GJ,CX5 KE R/trailing",15-B-1-7,9346140034682,04 Bronze,10,0,0,0,0,0,0,2,0,0,0,0,0,0,0,0,0,0,0,0,0,0,0,0,0,0,0,2,0,0,2,0,2,0,0,0,2,0
BB-7301L,"Tel AX,AY/626 GE FCAB Rear LH",15-B-2-7,9346140034699,04 Bronze,11,0,0,1,0,0,0,0,0,0,0,0,0,0,0,0,0,1,0,0,0,0,1,0,0,0,1,0,1,0,1,0,0,0,0,0,1,0
BB-7301R,"Tel AX,AY/626 GE FCAB Rear RH",15-B-3-7,9346140034705,04 Bronze,10,0,0,1,0,0,0,0,0,0,0,0,0,0,0,0,0,1,0,0,0,1,0,0,0,0,1,0,1,0,1,0,0,0,0,0,1,0
BB-7302,Mazda MPV LW FCAB-Lower Front,15-B-4-8,9346140034712,04 Bronze,93,0,1,0,2,2,0,2,0,0,0,0,0,1,0,2,0,0,0,4,-2,0,0,0,0,0,0,0,2,0,0,0,0,0,0,0,0,0
BB-7303L,Maz 626 GF FCAB-Lower Rear LH,15-B-4-7,9346140034729,04 Bronze,14,0,0,1,0,0,0,1,0,1,1,0,3,1,0,1,1,2,0,1,3,3,2,0,2,3,2,2,2,3,2,1,0,0,1,2,2,2
BB-7303R,Maz 626 GF FCAB-Lower Rear RH,15-B-5-7,9346140034736,04 Bronze,13,0,0,1,0,0,0,1,0,1,1,0,3,1,0,1,1,2,0,1,3,3,2,0,2,3,2,3,2,3,2,1,0,0,1,2,2,2
BB-7304,CX-7 ER Rear Trailing arm bush,15-B-6-7,9346140034743,04 Bronze,30,0,0,0,0,0,4,-2,0,0,0,0,0,0,0,0,2,1,0,2,-2,0,0,0,0,8,0,0,0,1,0,0,0,0,0,2,0,0
BB-7305,CX9 TB Rear Trailing arm bush,15-B-7-7,9346140034750,05 No Sales FY25,27,0,2,0,0,0,0,0,0,0,0,0,0,0,0,0,0,0,0,0,0,0,0,0,0,0,0,0,0,0,0,0,0,0,0,2,0,0
BB-7306,Maz CX9 TB 3.7 RCAB-Rear Lower,15-B-5-8,9346140034767,03 Silver,142,0,12,6,0,10,7,4,4,0,0,6,8,2,2,14,4,2,0,5,6,0,1,4,2,0,6,8,4,20,4,4,0,2,5,4,2,10
BB-7307,Maz CX9 TB 3.7L RCAB - Upper,15-B-6-8,9346140034774,03 Silver,54,0,0,4,0,0,0,0,4,0,0,4,8,0,0,2,8,0,0,8,8,0,0,4,10,0,4,10,0,4,1,2,0,2,4,-4,0,4
BB-7308,"Rang PX/BT50 UP,UR FCAB-Upper",15-B-7-8,9346140034781,04 Bronze,6,0,0,1,0,0,0,2,2,8,0,0,4,0,0,0,0,4,0,4,-4,0,4,-4,0,0,4,2,4,8,2,0,8,-4,8,0,6,17
BB-7309,"Rang PX/BT50 UP,UR FCAB-Lower",15-B-8-7,9346140034798,04 Bronze,42,0,2,0,4,6,4,2,4,0,0,4,0,0,4,0,4,0,0,0,0,4,8,-4,0,4,0,4,0,0,0,0,4,0,0,4,6,8
BB-7310,K2700-2900/B2000-2500 FCAB-Rr,15-B-9-7,9346140034804,04 Bronze,61,0,0,4,0,0,2,0,2,2,2,0,4,0,0,0,0,0,0,0,0,2,0,0,4,0,4,0,0,4,-2,0,0,0,2,2,0,0
BB-7311,K2700-2900/B2000-2500 FCAB-Fnt,15-B-8-8,9346140034811,04 Bronze,46,0,0,4,4,0,2,0,3,2,2,2,2,0,0,0,0,0,0,0,0,2,0,0,4,0,4,0,0,6,-2,0,0,0,0,4,0,0
BB-7312,"BT50,Rang 06-11 Front Dif/B Up",15-B-9-8,9346140034828,04 Bronze,234,0,0,3,0,0,1,1,0,6,3,3,3,4,4,2,0,8,3,3,3,3,0,0,3,2,6,10,6,3,15,5,3,0,6,0,6,0
BB-7313,"BT50,Rang 06-11 Frnt Dif/B Low",15-B-10-8,9346140034835,03 Silver,199,0,0,4,4,0,0,1,0,5,4,4,4,4,8,4,0,14,4,3,4,4,0,4,0,0,8,12,8,4,24,2,4,0,8,0,8,0
BB-7314L,"Lan,Mira,S40,V40 FCAB-Rear LH",15-B-10-7,9346140034842,04 Bronze,26,0,0,0,0,0,0,0,0,0,0,0,1,0,0,0,0,0,0,0,0,0,0,0,0,0,1,0,0,0,0,0,-1,0,0,0,0,0
BB-7314R,"Lan,Mira,S40,V40 FCAB-Rear RH",15-B-11-7,9346140034859,04 Bronze,28,0,0,0,0,0,0,0,0,0,0,0,1,0,0,0,0,0,0,0,0,0,0,0,0,0,1,0,0,0,0,0,-1,0,0,0,0,0
BB-7315,"Lan,Mira,S40,V40 FCAB - Front",15-B-11-8,9346140034866,05 No Sales FY25,21,0,0,0,0,0,1,0,0,0,0,0,0,0,0,0,0,0,0,0,0,0,0,0,0,0,0,0,0,0,0,0,0,0,0,0,0,0
BB-7316,"Mirage CE/S40,V40 RTAB-Front",15-B-12-7,9346140034873,04 Bronze,48,0,0,2,2,4,6,2,0,5,0,0,0,0,0,0,0,0,2,0,0,0,0,0,0,0,0,0,0,0,0,0,0,0,2,0,0,0
BB-7317,Mag TE-TW RCAB-Up/low knuckle,15-B-12-8,9346140034880,04 Bronze,39,0,0,0,0,2,0,0,0,2,2,5,0,4,0,4,4,2,6,0,2,4,0,0,0,0,4,-2,0,4,-2,2,0,0,0,0,4,2
BB-7318,"Lan,Mir,Prot,S/V40 RCAB-U/F/I",15-B-13-8,9346140034897,04 Bronze,46,0,0,0,0,0,0,4,0,0,0,0,0,0,0,0,0,0,0,0,0,0,0,4,0,0,0,0,0,0,0,0,4,0,4,0,0,0
BB-7319,"Lan,Mir,Prot,S/V40 RCAB-U/R/I",15-B-14-8,9346140034903,04 Bronze,46,0,0,0,0,0,2,4,0,0,0,0,0,0,0,0,0,0,0,0,0,0,0,6,0,0,0,0,0,0,0,0,4,0,2,0,0,0
BB-7320,"Lan CG,CH/Outla ZE,ZF RTAB-Frt",15-B-13-7,9346140034910,03 Silver,133,0,4,4,5,8,11,8,8,16,4,6,18,14,4,8,11,9,8,6,4,2,0,8,6,2,1,2,6,0,8,8,0,2,8,6,2,9
BB-7321,"Lan CG,CH/Outla ZE,ZF FCAB-Rr",15-B-14-7,9346140034927,02 Gold,225,100,48,6,6,28,14,24,0,14,28,56,32,42,12,21,17,34,18,24,4,22,20,35,15,14,30,12,18,10,19,12,4,4,12,36,12,41
BB-7322,"Lan CG,CH 2.0,2.4L FCAB-Front",15-B-15-8,9346140034934,04 Bronze,22,0,0,0,2,0,0,0,0,0,0,0,0,0,0,0,2,4,0,0,0,2,0,1,0,2,0,0,0,0,2,0,0,0,0,0,0,2
BB-7323,"ASX,Lan,Mir,Out RCAB-L in/out",15-B-15-7,9346140034941,03 Silver,103,100,7,6,7,5,4,10,4,4,12,12,8,2,14,18,3,8,18,8,0,0,2,8,14,6,4,6,10,4,11,12,14,27,6,8,7,20
BB-7324,"ASX,Lan,Outla Rr Trailing bush",15-B-1-9,9346140034958,03 Silver,165,100,14,20,22,20,2,21,4,2,12,4,10,10,8,24,8,12,7,2,0,12,4,12,6,4,10,12,10,8,8,7,4,13,4,12,11,12
BB-7325,"ASX,Lan,Mira RCAB-Upper in/out",15-B-1-10,9346140034965,04 Bronze,47,0,0,0,0,0,0,0,0,0,0,0,4,4,2,2,0,0,8,0,0,0,0,2,0,0,0,0,1,0,0,-6,0,0,4,0,0,0
BB-7326,Outlan ZG-ZL RCAB-Upper in/out,15-B-2-9,9346140034972,04 Bronze,27,0,0,0,0,0,0,4,0,0,4,4,0,0,0,0,0,0,0,0,4,0,0,0,0,0,0,0,0,4,0,4,0,4,0,0,0,0
BB-7327,"Galan HJ,Legnum FCAB-Upper L/R",15-B-2-10,9346140034989,04 Bronze,43,0,0,0,0,0,0,0,0,0,0,0,0,0,0,0,0,0,0,0,0,1,0,0,0,0,0,0,0,0,0,0,0,0,0,0,0,0
BB-7328,"Civ,CRX,Inte,Ga FCAB-Low outer",15-B-3-9,9346140034996,04 Bronze,46,0,0,2,0,0,0,2,0,-2,2,2,2,0,0,4,0,0,4,0,2,0,0,-2,0,0,0,0,0,0,0,0,0,0,0,2,0,0
BB-7329,"Galan HJ,Legnum FCAB-Low inner",15-B-3-10,9346140035009,04 Bronze,46,0,0,0,0,0,0,0,0,0,1,0,0,2,0,2,-2,0,2,0,0,0,0,0,0,0,0,0,0,0,0,0,0,0,0,0,0,0
BB-7330,Mits Imiev/Nimbus UG FCAB-Rear,15-B-4-10,9346140035016,04 Bronze,32,0,0,0,2,1,2,2,1,0,11,4,4,0,2,0,0,6,0,0,2,6,0,0,2,2,6,1,0,3,2,2,1,2,0,0,0,0
BB-7331,Mits Imiev/Nimbus UG FCAB-Frnt,15-B-5-10,9346140035023,04 Bronze,34,0,0,0,0,0,0,0,1,0,4,2,4,0,4,0,0,4,-2,0,2,4,0,0,2,0,0,0,0,2,-2,1,0,2,0,0,0,0
BB-7332,"Exp,Star SF,SG,SH,SJ FCAB-Rear",15-B-4-9,9346140035030,04 Bronze,58,0,4,0,2,0,0,0,2,8,-4,2,0,0,2,0,0,0,0,0,0,0,0,0,0,0,0,0,1,0,0,0,0,0,0,2,0,0
BB-7333,"Exp,Star SF,SG,SH,SJ FCAB-Frnt",15-B-5-9,9346140035047,04 Bronze,45,0,4,0,2,0,0,0,2,10,-4,2,0,0,2,0,0,0,0,0,0,0,0,0,0,0,0,0,1,0,0,0,0,0,0,2,0,0
BB-7334,Delica 2.5L 86-96 FCAB- Rear,15-B-6-9,9346140035054,05 No Sales FY25,16,0,0,0,0,0,0,2,0,0,0,0,2,0,0,0,0,0,0,0,0,0,0,0,0,0,0,0,0,0,0,0,0,0,0,0,0,0
BB-7335,Delica 2.5L 86-96 FCAB- Front,15-B-6-10,9346140035061,05 No Sales FY25,44,0,0,0,0,0,0,0,0,0,0,0,2,0,0,0,0,0,0,0,0,0,0,0,0,0,0,0,0,0,0,0,0,0,0,0,0,0
BB-7336,"Spaceg,Pajero 83-90 FCAB- Rear",15-B-7-9,9346140035078,04 Bronze,23,0,0,0,0,0,0,0,0,0,0,0,0,0,0,0,0,0,0,0,0,0,0,0,0,0,2,-2,0,2,0,2,0,-4,0,0,0,0
BB-7337,"Paj NJ-NL,Triton MK FCAB-Front",15-B-7-10,9346140035085,04 Bronze,14,0,0,0,0,0,0,1,0,0,0,0,0,0,0,0,0,0,0,0,0,0,2,0,0,2,2,-2,0,2,0,-2,0,0,0,0,0,0
BB-7338,"Pajero NJ,NK,NL RTAB-Rear 60mm",15-B-8-9,9346140035092,04 Bronze,59,0,10,0,0,6,0,5,4,0,0,4,0,10,0,4,0,0,0,0,4,0,0,0,8,4,4,0,0,4,0,0,0,0,0,0,0,0
BB-7339,Pajero iO QA R/Trailing Low F,15-B-9-9,9346140035108,04 Bronze,54,0,8,0,0,5,0,2,2,0,6,0,2,0,0,-2,8,4,0,2,0,6,0,6,4,0,2,2,2,2,3,4,4,0,2,0,2,2
BB-7340,Pajero iO QA R/Trailing Low Rr,15-B-8-10,9346140035115,04 Bronze,78,0,6,0,0,2,0,2,2,0,4,0,2,0,0,-2,10,2,-1,0,2,4,0,2,4,0,2,0,2,2,4,2,2,0,2,0,2,2
BB-7341,Pajero iO QA R/Trailing Up Fnt,15-B-9-10,9346140035122,04 Bronze,47,0,4,0,4,2,0,2,2,0,2,0,2,2,0,2,0,2,0,0,0,0,0,0,0,0,0,1,0,0,0,2,0,0,0,0,0,0
BB-7342,Pajero iO QA R/Trailing Up Rr,15-B-10-10,9346140035139,04 Bronze,51,0,6,0,0,2,0,2,2,0,2,0,2,0,0,-2,0,2,0,0,0,0,0,0,0,0,0,1,0,0,0,2,0,0,0,0,0,0
BB-7343,Pajero NM-NW 00-15 RTAB- Front,15-B-10-9,9346140035146,04 Bronze,47,0,4,0,4,2,0,2,2,0,2,0,2,0,4,0,0,2,0,1,0,6,3,2,2,8,2,4,4,-1,4,8,2,0,0,2,5,3
BB-7344,Pajero NM-NW 00-15 RCAB- Inner,15-B-11-9,9346140035153,04 Bronze,33,0,0,0,2,0,4,0,0,2,0,0,0,2,2,-2,0,0,2,0,0,0,2,0,8,6,0,0,0,0,2,0,2,0,0,6,4,0
BB-7345,Micra K11 1.3L FCAB-Inner Rear,15-B-11-10,9346140035160,05 No Sales FY25,22,0,0,0,0,0,0,0,0,0,0,0,0,0,0,0,0,0,0,0,0,0,0,0,0,0,0,0,0,0,0,2,0,0,0,0,0,0
BB-7346,Micra K11 1.3 FCAB-Inner Front,15-B-12-10,9346140035177,05 No Sales FY25,51,0,0,0,0,0,0,0,1,0,0,0,0,0,0,0,0,0,0,0,0,0,0,0,0,0,0,0,0,0,0,2,0,0,0,0,0,0
BB-7347,"Cube,Micra,Tiida C11 RTAB-L/R",15-B-12-9,9346140035184,03 Silver,50,50,6,0,4,2,8,4,0,4,3,2,2,8,0,4,0,6,4,6,2,8,2,4,2,8,-2,2,4,14,0,2,0,10,6,6,6,6
BB-7348,"Cube,Micra,Tiida C11 FCAB-Rear",15-B-13-9,9346140035191,02 Gold,237,0,23,0,34,22,15,23,2,14,15,2,8,9,24,26,8,31,28,10,4,4,2,28,4,10,13,14,23,35,8,12,8,24,4,12,8,10
BB-7349,"Cube,Micra,Tiida C11 FCAB-Frnt",15-B-13-10,9346140035207,04 Bronze,41,0,0,0,0,2,0,2,0,0,0,0,0,0,0,0,0,0,2,1,2,0,2,0,0,-2,0,3,1,4,0,0,0,0,0,0,0,0
BB-7350,"Micra K12,Clio X85 Front Subfr",15-B-14-9,9346140035214,02 Gold,219,100,16,6,25,20,25,14,2,10,20,6,8,14,12,20,24,2,13,14,3,24,8,9,10,4,26,13,23,22,26,12,22,9,5,15,8,32
BB-7351,"Cube,Micra,Tiida FCAB-Up L/R B",15-B-14-10,9346140035221,04 Bronze,44,0,0,0,2,0,2,0,0,0,0,0,0,0,2,0,2,0,0,0,0,0,0,0,0,0,0,0,0,0,2,0,2,0,0,0,0,0
BB-7352,"Cube,Micra,Tiida FCAB-Up L/R S",15-B-15-10,9346140035238,04 Bronze,47,0,0,0,0,0,2,0,0,0,0,0,0,0,0,0,2,0,0,0,0,0,0,0,0,0,0,0,0,0,2,-2,2,0,0,0,0,0
BB-7353,"Maxi A32,Pul N14/15 FCAB- Rear",15-B-15-9,9346140035245,04 Bronze,66,0,2,0,0,0,0,0,0,0,0,2,0,0,0,0,0,2,0,0,0,0,2,0,2,-2,0,0,0,0,0,0,0,0,4,2,0,0
BB-7354,"Exa N13,Pul N13/14 FCAB-Front",15-C-1-2,9346140035252,05 No Sales FY25,16,0,0,0,0,0,0,0,0,0,0,0,0,0,0,0,0,0,0,0,0,0,0,0,0,0,0,0,4,0,0,0,0,0,0,2,0,0
BB-7355,"Pulsar N16 1.6,1.8L FCAB- Rear",15-C-2-2,9346140035269,04 Bronze,62,0,2,0,8,6,0,2,0,6,6,4,2,0,0,10,6,2,2,4,0,0,0,5,2,3,0,0,4,0,2,0,-2,0,0,2,2,0
BB-7356,"Pulsar N16 1.6,1.8L FCAB-Front",15-C-1-1,9346140035276,04 Bronze,44,0,3,2,2,2,0,0,0,0,0,0,0,0,0,4,0,0,0,0,0,4,0,3,0,1,0,0,4,0,0,0,0,0,0,0,0,2
BB-7357,"Maxi A32,Pul N15 RTAB-LH/RH",15-C-2-1,9346140035283,04 Bronze,15,0,0,0,0,2,0,0,0,0,0,0,0,2,0,0,3,0,0,0,0,0,0,0,0,0,0,0,0,0,0,0,0,0,0,0,0,0
BB-7358,Mura Z50 3.5L R/Trailing Front,15-C-3-2,9346140035290,07 Not Classed,32,0,,,,,,,,,,,,,,,,,,,,,,,,,,,,,,,,,,,,
BB-7359,"Path R50,Patr GU RTAB-Upp/low",15-C-3-1,9346140035306,03 Silver,179,0,8,4,16,2,8,0,0,4,0,0,16,20,4,11,9,8,2,8,4,8,4,-4,8,20,8,24,13,16,4,12,14,1,0,10,4,21
BB-7360,"Patrol GU,Y61 R/Panhard rod-RH",15-C-4-2,9346140035313,04 Bronze,55,0,0,0,0,1,1,0,0,0,5,0,2,0,2,1,1,1,0,0,0,0,7,0,0,0,0,0,1,0,0,1,0,0,0,1,0,1
BB-7361,"Patrol GU,Y61 R/Panhard rod-LH",15-C-5-2,9346140035320,04 Bronze,36,0,0,0,0,1,1,0,0,0,5,0,1,0,2,0,2,0,0,0,0,0,1,0,0,0,0,0,1,0,0,2,0,0,0,1,0,0
BB-7362,"Pat GQ,GU F/Radius Arm B-Front",15-C-4-1,9346140035337,04 Bronze,22,0,4,0,2,0,0,0,4,12,4,8,0,8,4,5,9,0,4,4,0,2,4,0,0,0,2,0,8,0,1,2,4,4,4,0,6,0
BB-7363,"A3,Q3,TT,Golf MK5/6,Tigua RTAB",15-C-5-1,9346140035344,03 Silver,90,0,0,6,2,0,1,0,0,2,2,4,0,1,-2,13,1,6,10,4,0,4,2,8,4,0,4,2,7,0,0,2,0,1,2,2,6,12
BB-7364,"Pat GQ,GU F/Radius Arm B-Rear",15-C-6-2,9346140035351,04 Bronze,16,100,11,0,1,6,0,0,4,8,4,6,0,8,6,4,4,0,0,4,0,0,4,0,0,0,0,0,8,0,2,0,4,0,14,0,6,4
BB-7365,"Elgr E50,Path R50 FCAB-Low Frt",15-C-7-2,9346140035368,04 Bronze,58,0,0,0,4,2,2,2,0,0,0,2,2,0,0,0,0,0,0,0,0,0,0,0,0,0,2,0,0,0,0,0,0,0,0,0,0,2
BB-7366,Serena C23 2.0L FCAB-Low Front,15-C-6-1,9346140035375,05 No Sales FY25,30,0,0,0,0,0,0,0,2,0,0,0,2,0,-2,0,0,0,0,0,0,0,0,0,0,0,0,0,0,0,0,0,0,0,0,0,0,0
BB-7367,"Dual J10, XTrail T31 FCMB-Frnt",15-C-7-1,9346140035382,04 Bronze,28,0,4,4,2,0,0,2,2,2,-2,4,2,0,2,2,2,0,6,2,0,0,0,0,2,0,2,2,4,0,2,-4,0,0,2,8,-2,2
BB-7368,"Mura Z51,Path Z52 FCAB - Rear",15-C-8-1,9346140035399,03 Silver,29,100,0,4,12,8,5,15,6,11,4,16,10,9,8,4,4,0,8,14,8,10,9,6,4,18,6,2,6,12,-1,5,6,8,10,7,3,6
BB-7369,"Dual J10, XTrail T31 FCMB-Rear",15-C-8-2,9346140035405,04 Bronze,48,0,4,6,2,2,0,2,4,2,-2,4,2,0,2,3,0,2,6,4,0,2,0,0,0,0,2,2,2,0,2,-4,0,0,4,8,-2,2
BB-7370,"350Z Z33,Sky V35 FCAB-Low inne",15-C-9-1,9346140035412,04 Bronze,18,50,0,4,4,2,2,2,0,0,0,0,0,4,4,4,2,-2,4,4,0,0,0,2,0,0,1,0,2,2,0,2,0,0,2,8,2,-2
BB-7371,Paseo EL44 1.5 FCAB- Low Rear,15-C-9-2,9346140035429,05 No Sales FY25,26,0,0,0,0,0,0,0,0,0,0,0,0,0,0,0,0,0,0,0,0,0,0,0,0,0,0,0,0,0,0,0,0,0,0,0,0,0
BB-7372,Paseo EL44 1.5 FCAB- Low Front,15-C-10-2,9346140035436,05 No Sales FY25,28,0,0,0,0,0,0,0,0,0,0,0,0,0,0,0,0,0,0,0,0,0,0,0,0,0,0,0,0,0,0,0,0,0,0,0,0,0
BB-7373,Yar NCP90/91 05-17 RTAB,15-C-10-1,9346140035443,04 Bronze,52,0,0,2,0,2,6,0,0,0,2,2,2,4,0,2,4,2,2,0,0,0,0,0,4,0,0,4,0,3,2,0,0,1,3,2,2,2
BB-7374,"Cam ACV,MCV R/Trailing bush-R",15-C-11-2,9346140035450,03 Silver,83,0,0,4,0,2,8,0,2,0,0,2,0,6,4,4,8,2,0,2,6,2,2,2,2,5,4,4,0,2,4,3,-2,2,4,3,0,0
BB-7375,Cor ZZE122 Rear Trail/Arm bush,15-C-11-1,9346140035467,04 Bronze,19,0,0,0,0,0,2,2,-2,0,0,0,0,0,2,2,-2,2,0,2,0,0,2,0,0,0,4,-2,0,2,0,0,2,0,0,0,0,0
BB-7376,Cor ZZE122 Rear Trail/Arm bush,15-C-12-1,9346140035474,03 Silver,109,0,2,2,0,6,3,4,6,2,0,12,2,6,6,16,2,10,6,5,0,0,4,2,5,6,6,6,6,0,2,2,10,6,0,14,12,6
BB-7377,Coro ZZE122/123 FCAB-Low Front,15-C-12-2,9346140035481,04 Bronze,28,50,0,-1,2,2,8,0,0,2,2,0,6,2,4,0,4,0,0,0,0,0,0,4,0,2,2,2,2,2,2,4,2,4,0,2,4,1
BB-7378,Com XH/G.CherWK 06-10 F/Diff b,15-C-13-1,9346140035498,04 Bronze,106,0,2,0,-2,2,0,0,0,0,3,2,0,0,4,0,0,0,3,0,2,0,1,0,0,0,0,0,2,2,2,2,0,-2,5,0,0,1
BB-7379,Camry SV20-22 FCAB-Lower outer,15-C-13-2,9346140035504,04 Bronze,42,0,4,0,2,2,4,2,2,0,0,0,12,0,0,2,4,0,0,0,0,4,0,0,2,0,0,0,0,0,0,4,0,0,0,4,0,0
BB-7380,Camry SV20-22 FCAB-Lower inner,15-C-14-2,9346140035511,04 Bronze,41,0,0,0,2,2,2,2,0,0,0,0,4,0,0,4,0,0,0,0,0,4,2,0,2,0,0,0,0,0,0,2,0,0,0,0,0,0
BB-7381,"Lex,Cam,Klug,Priu,Yar SRMB-L/R",15-C-15-2,9346140035528,03 Silver,200,0,10,12,12,10,20,16,8,4,8,20,4,4,8,20,4,14,4,13,4,14,16,4,4,4,12,20,12,3,0,12,12,16,8,8,6,11
BB-7382,"Rav4 SXA10,11 2.0L RTAB-Front",15-C-14-1,9346140035535,04 Bronze,8,0,0,0,0,0,1,4,0,2,0,2,0,0,0,2,0,0,0,2,0,0,0,0,4,0,-1,1,0,0,0,0,0,2,0,0,0,0
BB-7383,"Lex,Cel,Rav4 RCAB-Up in/outer",15-C-15-1,9346140035542,04 Bronze,33,0,3,0,4,-1,4,2,0,2,1,3,0,-1,14,4,3,0,2,0,0,2,2,0,4,2,0,0,2,3,2,2,4,0,0,6,2,4
BB-7384,"Cor ZRE152,Rav4 ACA33 FCAB-Rr",15-C-1-4,9346140035559,01 Platinum,319,100,24,29,35,21,32,32,27,29,60,39,94,28,53,42,38,28,82,52,44,50,69,48,14,51,47,52,27,78,54,44,40,50,42,56,42,96
BB-7385,"Cor ZRE152,Rav4 ACA33 FCAB-Fnt",15-C-2-4,9346140035566,03 Silver,133,0,-2,4,-1,2,0,0,0,2,2,6,-2,0,2,9,-2,2,8,2,8,2,2,0,2,0,2,0,2,2,2,5,4,0,2,2,0,0
BB-7386R,"Lex GS300/430,IS250/300 FCAB R",15-C-1-3,9346140035573,02 Gold,57,100,14,12,8,17,18,3,4,2,8,5,9,9,9,7,9,12,23,9,5,24,12,29,14,13,15,14,11,22,9,16,12,15,18,28,22,28
BB-7387L,"Lex GS300/430,IS250/300 FCAB L",15-C-2-3,9346140035580,02 Gold,68,100,14,11,9,17,18,3,4,2,9,7,9,9,9,7,9,12,21,8,5,26,11,28,16,15,16,14,11,21,10,17,12,12,16,29,22,30
BB-7388,Lex GS300/IS250 FCAB- FrontKit,15-C-3-3,9346140035597,04 Bronze,18,100,3,2,2,2,4,0,0,2,2,0,2,0,0,2,2,0,0,0,0,4,2,0,1,2,2,0,2,5,0,2,-2,0,0,4,2,4
BB-7389,"Land FJ80,FZJ80,HDJ80 FRAB-Fnt",15-C-3-4,9346140035603,04 Bronze,48,0,4,0,0,0,0,0,8,0,0,4,0,0,0,0,0,4,0,0,0,0,0,0,0,0,0,0,0,0,0,0,0,0,0,0,0,0
BB-7390,Land HDJ/UZJ100 FCAB- Up/inner,15-C-4-4,9346140035610,03 Silver,35,0,4,-4,0,0,0,0,2,-2,2,-2,0,0,0,0,0,0,0,12,4,4,8,2,8,-8,4,0,0,0,0,0,8,4,0,0,0,0
BB-7391,Land HDJ/UZJ100 FCAB- Low Rear,15-C-4-3,9346140035627,04 Bronze,29,0,2,-2,0,0,0,0,2,-2,2,2,2,0,0,0,0,1,2,0,0,4,4,0,0,0,2,-1,0,0,2,0,4,2,0,2,0,0
BB-7392,Land HDJ/UZJ100 FCAB-Low Front,15-C-5-3,9346140035634,04 Bronze,36,0,6,-2,2,0,0,2,1,0,0,0,2,0,0,0,0,0,2,6,2,2,4,0,0,0,2,0,0,0,0,0,4,2,0,0,0,0
BB-7393,Land HZJ70-105 4.2L FRAB-Front,15-C-5-4,9346140035641,04 Bronze,46,0,0,0,0,4,4,0,0,0,0,0,0,0,0,0,4,4,0,4,4,0,0,0,2,8,0,0,4,0,4,0,0,4,2,0,0,4
BB-7394,"Lex LX470,Land HDJ/UZJ100 SRMB",15-C-6-4,9346140035658,04 Bronze,30,0,0,0,0,0,2,1,-1,0,0,0,1,1,-1,1,2,0,0,0,0,0,0,0,0,0,0,2,0,0,0,0,0,0,0,0,0,0
BB-7395,Land UZJ/VDJ200 FCAB-Upper inn,15-C-6-3,9346140035665,06 First Sale in FY26,22,0,0,0,0,0,0,0,0,0,0,0,0,0,0,0,0,0,0,0,0,0,0,0,0,0,0,0,4,0,0,0,0,0,0,0,0,0
BB-7396,"LX470,Land HDJ/UZJ100 RTAB-Low",15-C-7-4,9346140035672,04 Bronze,60,0,0,4,12,6,-2,0,4,4,4,16,0,0,0,0,0,0,2,12,0,0,0,0,0,4,0,0,0,0,0,0,0,6,0,0,0,0
BB-7397,Lexus LX470 4.7L RTAB - Lower,15-C-7-3,9346140035689,07 Not Classed,22,0,,,,,,,,,,,,,,,,,,,,,,,,,,,,,,,,,,,,
BB-7398,Terios J100/102 1.3L FCAB-Rear,15-C-8-3,9346140035696,04 Bronze,28,0,0,0,0,0,0,0,2,0,2,0,0,0,0,0,0,0,2,0,0,0,0,0,0,0,0,0,0,0,0,0,0,0,0,0,2,4
BB-7399,Terios J100/102 1.3 FCAB-Front,15-C-8-4,9346140035702,05 No Sales FY25,43,0,0,0,0,0,0,0,0,0,2,-2,0,0,0,0,0,0,0,0,0,0,0,0,0,0,0,0,0,0,0,0,0,0,0,0,2,2
BB-7400,Terios J100/102 R/Panhard rod,15-C-9-3,9346140035719,04 Bronze,17,0,4,-2,0,0,1,0,0,7,-2,0,0,0,0,0,0,0,0,1,0,2,1,0,0,0,0,0,3,1,0,0,0,0,0,0,0,0
BB-7401,Terios J100/102 R/Trailing Up,15-C-9-4,9346140035726,04 Bronze,14,50,0,0,0,0,0,0,0,0,0,0,0,0,0,4,0,0,0,4,0,0,4,0,4,0,0,4,0,4,4,0,4,0,0,4,0,0
BB-7402,Terios J100/102 R/Trailing Low,15-C-10-3,9346140035733,04 Bronze,62,0,0,0,0,0,0,0,0,0,0,0,0,0,0,4,4,0,0,0,0,0,4,0,0,0,0,4,0,0,4,0,0,0,0,0,0,0
BB-7403,"Liteace,Townace FCAB-Upper Frt",15-C-10-4,9346140035740,04 Bronze,32,0,2,2,0,0,2,0,0,0,0,0,0,0,0,0,0,2,0,2,0,2,0,0,0,0,0,0,2,0,0,0,0,0,0,2,2,-2
BB-7404,"Liteace,Townace FCAB-UpperRear",15-C-11-3,9346140035757,04 Bronze,17,30,2,2,0,0,2,0,2,2,0,0,0,0,0,0,1,1,0,2,0,0,0,0,2,0,0,0,0,0,0,0,0,0,0,2,2,-2
BB-7405,"Townace,Liteace SR40 RCAB-Uppe",15-C-11-4,9346140035764,05 No Sales FY25,32,0,0,0,-4,0,0,0,0,0,0,0,0,0,0,0,0,0,0,0,0,0,0,0,0,0,0,0,0,0,0,0,0,0,0,0,0,0
BB-7406,"Townace KR42,SR40 S/R Centre B",15-C-12-4,9346140035771,04 Bronze,23,0,0,0,0,0,0,0,0,0,0,0,2,0,0,0,0,0,0,2,0,0,0,0,0,0,0,0,0,0,0,1,-1,0,0,0,0,0
BB-7407,Landcrser Rear Sway bar link b,15-C-13-4,9346140035788,04 Bronze,77,0,6,2,8,2,4,0,0,0,2,0,0,1,2,2,0,0,0,0,0,6,0,0,0,0,0,0,0,2,0,0,0,0,0,0,0,0
BB-7408,"Hil GGN,GUN,KUN,TGN FCAB-UpF&R",15-C-14-4,9346140035795,04 Bronze,67,0,0,0,0,0,0,0,0,0,0,0,0,0,0,0,0,0,0,1,0,0,0,0,0,0,0,0,0,0,0,0,0,0,0,0,0,0
BB-7409,"Hil GGN,KUN,TGN FCAB-Low Rear",15-C-12-3,9346140035801,04 Bronze,48,0,0,-1,1,5,0,2,0,0,1,4,0,2,0,0,0,2,0,0,0,2,2,1,2,0,0,0,0,1,0,0,2,2,0,2,0,0
BB-7410,"Hil GGN,KUN,TGN FCAB-Low Front",15-C-13-3,9346140035818,04 Bronze,24,0,0,0,0,6,0,0,2,2,0,0,0,0,0,0,1,1,0,0,0,0,0,0,2,0,0,0,0,1,0,0,0,0,0,0,0,0
BB-7411,Prado 120ser 03-09 FCAB-Low Rr,15-C-14-3,9346140035825,04 Bronze,55,0,5,8,0,7,4,4,2,0,8,2,0,2,6,4,4,2,2,0,2,2,2,4,0,4,0,4,1,2,0,2,4,4,2,4,0,2
BB-7412,Prado 120ser 03-09 FCAB-Low Fr,15-C-15-3,9346140035832,04 Bronze,47,0,2,4,0,12,2,2,0,0,6,0,0,0,0,0,6,0,4,2,2,4,0,2,0,6,0,2,2,2,0,0,2,4,2,4,0,-2
BB-7413,Pra GDJ/GRJ/KDJ150 FCAB-L/Frnt,15-C-15-4,9346140035849,04 Bronze,57,0,2,0,2,2,4,0,0,0,0,2,9,3,0,2,2,2,1,3,4,0,2,0,2,0,0,0,0,0,0,2,0,2,0,0,2,0
BB-7414,Pra GDJ/GRJ/KDJ150 FCAB-L/Rear,15-C-1-5,9346140035856,04 Bronze,68,0,6,0,2,6,2,0,4,0,4,2,5,3,-2,2,2,0,2,3,4,0,4,0,0,0,0,0,0,0,0,-1,0,2,0,0,0,0
BB-7415,"Hilux GGN,GUN,KUN FCAB-Up F&R",15-C-1-6,9346140035863,03 Silver,59,0,2,2,4,0,12,0,2,0,0,0,8,4,8,0,0,14,0,5,0,10,4,8,4,-4,4,0,0,0,0,0,0,10,0,4,4,0
BB-7416,Hilux KUN26 05-16 FCAB-L/Front,15-C-2-5,9346140035870,04 Bronze,29,0,6,-1,1,2,2,3,0,2,2,4,0,2,6,2,0,2,0,1,2,0,9,2,4,0,-2,2,0,2,2,0,2,2,2,2,2,0
BB-7417,"A1/3,Bora,TT,GolfÿIV,Polo RABB",15-C-2-6,9346140035887,04 Bronze,20,0,0,0,2,2,0,0,0,2,2,2,1,-2,0,0,0,0,0,4,0,0,0,2,0,0,0,2,2,1,0,0,2,0,0,0,0,0
BB-7418,"G.Voya/Voya GS,RG RLSB-L/R M10",15-C-3-5,9346140035894,04 Bronze,38,0,0,0,0,0,0,0,0,0,0,0,0,0,0,0,2,0,0,0,0,0,0,0,0,0,0,0,2,0,0,0,2,0,0,0,0,0
BB-7419,"G.Voya/Voya GS,RG RLSB-L/R M8",15-C-4-5,9346140035900,04 Bronze,15,0,0,0,0,2,3,2,0,0,0,0,0,0,2,0,0,0,0,0,0,0,0,0,0,0,2,0,2,0,0,0,0,0,0,0,0,0
BB-7420,Prado K/R/VZJ95 FCAB-Up Inner,15-C-3-6,9346140035917,04 Bronze,46,0,0,4,8,0,0,4,0,0,10,4,0,0,0,0,0,4,12,-4,0,8,0,4,0,4,0,2,0,4,2,0,0,0,0,-2,0,0
BB-7421,Lacetti J200 FCAB - Lower Rear,15-C-4-6,9346140035924,04 Bronze,21,0,0,0,0,2,0,0,0,0,0,0,0,0,0,0,2,0,0,0,0,0,0,0,0,0,0,0,0,0,0,2,-2,0,0,0,0,0
BB-7422,Lacetti J200 FCAB-L/Rear solid,15-C-5-5,9346140035931,07 Not Classed,32,0,,,,,,,,,,,,,,,,,,,,,,,,,,,,,,,,,,,,
BB-7423,Lacetti J200 FCAB- Lower Front,15-C-5-6,9346140035948,05 No Sales FY25,21,0,0,0,0,2,0,0,0,0,0,0,0,0,0,0,0,0,0,0,0,0,0,0,0,0,0,2,0,0,0,0,0,0,0,0,0,0
BB-7424,"i45,iX35,Cer,Opt,Sor FCAB-Rear",15-C-6-5,9346140035955,01 Platinum,192,500,24,55,13,27,39,19,22,43,76,37,26,37,17,41,75,50,45,56,14,12,32,23,13,42,27,31,42,34,60,32,17,62,19,50,18,43
BB-7425,"iX35 LM,Sportage SL-FCAB Front",15-C-6-6,9346140035962,04 Bronze,19,100,2,6,6,2,8,0,4,0,0,2,0,8,0,8,4,4,2,2,2,2,0,2,0,4,3,2,2,0,0,3,3,3,0,3,0,2
BB-7426,"Rio JB, UB 1.4,1.6L-FCAB Front",15-C-7-5,9346140035979,04 Bronze,28,0,0,0,0,0,0,0,2,6,0,0,0,0,0,0,1,0,0,0,2,0,2,2,2,6,0,0,4,0,0,0,2,0,0,0,0,1
BB-7427,"Santa SM,Trajet FO- FCAB Front",15-C-7-6,9346140035986,04 Bronze,89,0,0,0,0,0,0,0,0,0,0,0,0,0,0,0,1,0,1,0,0,0,0,0,0,0,0,0,0,0,0,0,0,0,0,0,0,0
BB-7428,"ColoRC,Rod RA,D-Max FCAB Upper",15-C-8-5,9346140035993,04 Bronze,44,0,0,4,0,0,0,0,0,0,0,0,0,0,0,0,0,0,4,0,0,0,0,0,0,0,0,0,0,0,0,0,0,0,0,0,0,0
BB-7429,Peug 206 99-07 FCAB-Low Front,15-C-9-5,9346140036006,05 No Sales FY25,15,0,0,0,0,2,0,0,0,0,0,0,0,0,0,0,0,0,0,0,0,0,0,0,0,0,0,0,0,0,0,0,0,0,0,0,0,0
BB-7430,Citroen/Peugeot FCAB-Low Rear,15-C-8-6,9346140036013,04 Bronze,64,0,0,0,0,4,2,0,4,0,0,0,0,6,2,6,2,1,2,0,2,-2,0,2,0,0,0,0,2,2,0,2,2,4,2,0,0,2
BB-7431,Peugeot 405 FCAB-Low Rear,15-C-9-6,9346140036020,05 No Sales FY25,24,0,0,0,0,0,0,0,0,0,0,2,0,0,0,0,0,0,0,0,0,0,0,0,0,0,0,0,0,2,0,0,0,0,0,0,0,0
BB-7432,"BRZ,For,Imp,Lib,Out- FCAB Rear",15-C-10-5,9346140036037,01 Platinum,580,200,97,98,58,100,64,97,72,81,126,91,62,85,103,114,62,91,88,122,44,92,56,56,48,77,97,92,94,96,52,89,45,66,80,79,128,96
BB-7433,"Vit SE416,X90 FCAB-Lower Front",15-C-10-6,9346140036044,04 Bronze,97,0,0,0,0,0,0,0,0,0,2,0,2,0,0,0,0,0,0,0,2,2,0,0,2,0,0,4,1,0,2,0,0,0,0,0,0,0
BB-7434,"Vita SE416,X90 FCAB-Lower Rear",15-C-11-6,9346140036051,04 Bronze,36,0,0,0,0,2,0,0,0,0,2,0,0,2,0,0,0,0,0,0,0,0,0,0,2,0,0,0,1,2,2,0,0,0,0,0,0,0
BB-7435,"Vita SE416,X90 RCAB-Upper L/R",15-C-12-6,9346140036068,04 Bronze,24,0,0,0,0,0,0,0,0,0,0,0,0,0,0,0,0,0,0,0,0,0,0,0,0,4,0,0,0,0,0,0,0,0,0,0,4,0
BB-7436,"G.Vitara SQ, XL7 2.7L FCAB-Fnt",15-C-11-5,9346140036075,04 Bronze,42,0,0,0,2,0,2,0,0,0,0,0,0,4,0,2,0,0,0,0,0,0,0,1,0,0,0,0,0,0,0,0,0,0,0,0,0,0
BB-7437,"G.Vitara SQ, XL7 2.7L FCAB-Rr",15-C-12-5,9346140036082,04 Bronze,42,0,0,1,1,2,0,0,0,0,0,0,0,4,0,2,0,0,0,0,0,0,0,1,0,0,0,0,0,0,0,0,0,0,0,0,0,0
BB-7438,"G.Vitara JA,JB FCAB-Low Front",15-C-13-6,9346140036099,04 Bronze,30,0,-1,0,0,2,2,0,2,0,0,4,-2,0,0,0,2,0,0,0,0,2,0,0,2,0,0,0,0,0,0,-2,0,0,0,0,0,0
BB-7439,"G.Vitara JA,JB FCAB-Low Rear",15-C-13-5,9346140036105,03 Silver,72,0,-1,3,2,2,7,2,2,2,0,6,0,2,0,8,3,2,0,2,0,4,2,7,2,4,2,0,0,2,4,0,0,0,4,6,2,0
BB-7440,"BT50,Rang 06-11 Front Dif/B Up",15-C-14-6,9346140036112,04 Bronze,83,0,0,1,0,0,0,0,0,4,1,1,1,1,4,-2,0,3,1,1,1,1,0,0,1,0,1,2,1,1,6,1,1,0,2,0,2,0
BB-7441,"Santa FE 2.4, 2.7L FCAB - Rear",15-C-14-5,9346140037034,04 Bronze,19,0,0,0,0,0,0,0,0,0,0,0,0,0,2,0,0,0,0,2,0,0,0,0,0,0,0,0,0,0,0,0,0,0,0,0,0,0
BB-7442,"Elantra,i30,Cerato FCAB-Front",15-C-15-6,9346140037041,04 Bronze,20,0,0,0,0,0,0,0,2,-2,0,0,2,3,-2,0,3,0,2,0,0,2,0,0,4,0,0,0,1,0,0,0,0,0,0,0,2,2
BB-7443,"Hyun,Kia - FCAB Front or Rear",15-C-15-5,9346140037058,04 Bronze,164,100,4,2,6,4,7,4,2,5,0,6,6,2,2,4,12,6,0,0,2,0,2,0,-1,4,4,5,4,5,2,2,14,0,2,4,2,10
BB-7444,"Echo NCP10-13,MR2 ZZW30 FCAB-R",15-C-1-8,9346140037065,02 Gold,177,0,16,3,18,4,9,14,7,28,8,24,6,32,14,8,4,29,17,10,2,14,12,44,6,6,9,0,4,10,4,10,2,5,2,17,10,14
BB-7445,"Sirion M301S,Echo NCP1# RTAB",15-C-1-7,9346140037072,03 Silver,155,0,0,12,16,6,6,12,11,4,6,14,12,16,10,16,18,12,12,12,0,14,2,11,10,2,4,10,18,12,6,9,14,4,6,10,4,4
BB-7446,"Lite SR40,Town KR42 F/Strut Bu",15-C-2-7,9346140037089,03 Silver,116,100,6,2,0,6,8,0,8,4,8,0,4,4,4,0,4,8,8,0,4,8,8,0,16,0,0,0,0,4,4,4,12,0,0,8,12,-2
BB-7447,"Hiace KCH,KZH,LH,RCH,RZH FSR",15-C-2-8,9346140037096,03 Silver,100,100,-4,4,0,2,0,4,0,4,4,0,4,2,0,4,4,4,8,4,0,0,8,4,0,16,0,0,4,4,0,16,4,0,0,0,0,0
BB-7448,"Dyna, Hiace LH,YH,LY -FSR bush",15-C-3-8,9346140037102,03 Silver,94,0,4,-8,0,4,0,0,0,0,0,4,2,4,4,14,4,8,0,4,4,0,12,4,0,4,0,4,2,-2,0,6,4,4,2,6,10,4
BB-7449,X-Trail T30 Rear Subframe bush,15-C-3-7,9346140037119,04 Bronze,39,0,0,0,0,4,-4,0,0,0,0,0,0,2,0,0,0,0,0,0,0,0,0,0,0,4,0,0,0,0,0,-4,0,0,0,0,0,4
BB-7450,"Fore SF5,Impr GC,GF FCAB-Front",15-C-4-7,9346140037126,04 Bronze,32,0,0,0,2,0,0,0,2,0,0,0,2,0,0,0,0,0,2,2,0,0,0,0,0,2,0,0,2,1,2,0,2,2,1,0,0,2
BB-7451,"Lib BE-BP,Out BH-BP RCAB Up/Ou",15-C-4-8,9346140037676,03 Silver,115,0,5,8,4,6,8,5,2,4,11,6,8,8,3,4,5,4,4,4,2,6,10,8,6,2,6,8,4,4,11,12,2,6,0,4,14,8
BB-7452,"Lib BE-BP,Out BH-BP RCAB Up/In",15-C-5-8,9346140037683,03 Silver,288,0,2,12,4,8,6,2,0,6,7,6,5,14,2,4,8,-2,4,6,2,8,9,8,9,3,6,8,6,4,10,16,0,6,0,2,10,12
BB-7453,"BRZ,For,Imp,Lib,Out- FACB Frnt",15-C-6-8,9346140037690,02 Gold,84,200,18,27,15,29,17,27,11,6,26,12,25,14,13,21,21,7,15,9,2,11,27,14,5,13,20,27,13,25,4,17,16,9,22,13,22,9
BB-7454,Libe/Outb BM/BR9 09-on FCAB-R,15-C-5-7,9346140037706,03 Silver,113,100,7,10,4,6,10,20,10,7,0,6,5,2,6,16,0,4,6,11,20,2,2,0,2,3,4,3,2,6,4,4,0,2,6,4,3,4
BB-7455,"Focus LW,LZ 11-on F/X-Member F",15-C-6-7,9346140037713,05 No Sales FY25,42,0,0,0,0,0,0,0,0,0,0,0,0,0,0,0,0,0,0,0,0,0,0,0,0,0,0,0,0,0,0,0,0,0,0,0,2,-2
BB-7456,"Focus LW-LZ,Volvo T3-T5 RTAB",15-C-7-7,9346140037720,04 Bronze,31,0,0,0,0,0,0,0,0,0,2,0,0,0,0,2,0,0,0,0,0,0,0,0,0,0,0,0,0,2,0,0,0,0,2,0,0,0
BB-7457,"Jack UBS,Rodeo TF FCAB-Low In",15-C-7-8,9346140037737,07 Not Classed,29,0,,,,,,,,,,,,,,,,,,,,,,,,,,,,,,,,,,,,
BB-7458,"Rang PX1,BT50 UP/UR RLSB F",15-C-8-7,9346140037744,04 Bronze,70,0,0,4,0,0,0,0,0,0,4,0,4,0,0,12,-4,0,0,0,0,0,0,4,4,-4,0,4,4,4,0,0,0,0,0,0,0,4
BB-7459,"Rang PX1,BT50 UP/UR RLSB R/Low",15-C-8-8,9346140037751,03 Silver,67,0,4,4,0,6,-4,0,4,0,4,0,4,0,4,20,0,0,0,0,0,0,0,4,6,-4,8,4,0,8,0,0,0,0,4,0,0,8
BB-7460,"Rang PX1,BT50 UP/UR RLSB R/Up",15-C-9-8,9346140037768,04 Bronze,20,100,4,4,0,6,0,0,4,0,0,0,4,0,4,16,1,0,0,0,0,0,0,0,6,-4,4,4,0,8,0,0,0,0,8,8,0,4
BB-7461,"Nav D40,Path R51 05-14 FSAB",15-C-9-7,9346140038086,02 Gold,233,100,10,25,14,12,22,34,2,4,2,8,8,10,18,6,12,12,3,22,9,4,11,18,10,10,34,3,14,6,12,22,14,18,9,20,10,14
BB-7462,"Hil LN147, RZN147/149/154 FSRB",15-C-10-8,9346140038093,03 Silver,108,100,0,4,0,6,4,8,4,0,0,4,4,4,0,0,16,12,0,0,4,0,0,0,0,0,12,12,0,4,8,8,5,0,12,0,8,10
BB-7463,"G.Vita JA627,JB416/420/424 RDB",15-C-10-7,9346140038109,03 Silver,404,0,7,7,11,8,6,8,2,4,18,8,10,9,11,0,12,5,8,6,4,10,7,4,8,5,15,5,17,9,8,9,6,4,6,10,19,7
BB-7464,HRV RU5 1.8L 4Cyl 15-on FCAB R,15-C-11-8,9346140038116,03 Silver,267,100,9,8,14,12,10,10,0,10,8,2,4,18,16,15,16,8,14,14,15,0,8,22,2,15,14,12,16,28,22,18,18,12,12,8,10,8
BB-7465,HRV RU5 1.8L 4Cyl 15-on FCAB F,15-C-11-7,9346140038123,04 Bronze,50,0,0,2,0,2,0,2,0,2,0,0,0,2,0,0,2,0,0,8,2,0,0,0,2,0,0,2,1,0,2,-2,2,2,2,0,0,0
BB-7466,Jeep.Comm XH 06-10 FCAB F/L/O,15-C-12-7,9346140038130,04 Bronze,54,0,0,0,0,0,0,0,0,4,-4,0,0,0,0,0,0,0,0,0,0,0,0,0,0,0,4,0,0,0,0,0,0,0,0,0,0,4
BB-7467,"G.Cherokee WK,Merc FCAB F/L/O",15-C-12-8,9346140038147,04 Bronze,21,0,-2,0,0,2,-2,4,2,0,0,2,0,-1,0,0,0,0,0,0,0,2,2,1,2,2,-2,2,4,0,0,4,0,0,0,0,0,0
BB-7468,"G.Cherokee WK,Merc FCAB F/L/I",15-C-13-7,9346140038154,04 Bronze,18,0,0,2,0,2,-2,2,4,2,0,0,2,1,0,0,1,0,0,0,0,0,2,1,0,2,-2,4,5,0,0,4,0,0,2,0,2,0
BB-7469,Com XH/G.CherWK 06-10 Diff bus,15-C-13-8,9346140038161,04 Bronze,115,0,1,2,-1,2,0,0,0,0,0,0,0,3,0,0,-1,0,1,0,0,0,1,-1,1,0,0,0,2,1,1,1,0,0,0,-2,0,2
BB-7470,G.Cherokee WJ F/Trailing AB Up,15-C-14-7,9346140038178,05 No Sales FY25,54,0,0,0,0,0,0,0,0,0,0,0,0,0,0,0,0,0,0,0,0,0,0,0,0,0,0,0,0,2,0,0,0,0,-2,0,0,0
BB-7471,"G.Cherokee WJ,WG FTAB-LowOuter",15-C-14-8,9346140038185,04 Bronze,23,0,2,0,-2,0,0,0,0,2,2,-2,2,0,2,2,2,0,2,0,0,0,0,0,0,0,2,0,0,0,0,0,0,4,0,0,0,2
BB-7472,"G.Cherokee WJ,WG F/RTAB-Low/R",15-C-15-7,9346140038192,04 Bronze,41,0,0,0,2,0,0,0,0,0,0,0,0,0,0,0,1,0,0,0,0,0,0,0,0,0,0,0,0,2,0,2,0,2,0,0,0,2
BB-7473,Cherokee KJ FCAB-Lower Outer,15-C-15-8,9346140038208,07 Not Classed,30,0,,,,,,,,,,,,,,,,,,,,,,,,,,,,,,,,,,,,
BB-7474,Cherokee KJ FCAB-Lower Inner,15-C-1-9,9346140038215,04 Bronze,28,0,0,6,0,0,0,0,0,0,0,0,0,0,0,0,0,0,0,0,0,0,0,0,2,0,0,0,0,0,0,0,0,0,0,0,0,0
BB-7475,"G.Cherokee WJ,WG RTAB-Upper",15-C-1-10,9346140038222,04 Bronze,15,40,2,0,2,0,2,0,0,0,0,2,2,2,0,2,1,0,0,1,1,0,0,0,0,2,0,0,2,0,2,0,2,0,0,0,0,0
BB-7476,"S60,S80,V70 98-07 R L/R Subfra",15-C-2-10,9346140038239,07 Not Classed,30,0,,,,,,,,,,,,,,,,,,,,,,,,,,,,,,,,,,,,
BB-7477,"Accent RB, Rio UB 11-17 RTAB",15-C-2-9,9346140038246,05 No Sales FY25,27,0,0,0,0,0,0,0,0,0,0,0,0,2,0,0,0,0,0,0,0,0,0,0,0,0,0,0,0,0,0,0,0,0,0,1,0,0
BB-7478,Pajero iO 1.6-2.0 99-02 FDB LR,15-C-3-10,9346140038253,04 Bronze,20,0,0,0,0,2,0,0,0,0,0,0,0,0,0,0,0,0,0,2,0,0,0,0,0,0,0,0,0,0,0,0,0,0,2,0,0,0
BB-7479,Pajero NM-NX Rr/Diff Front L/R,15-C-4-10,9346140038260,04 Bronze,29,50,8,6,-2,2,0,2,4,0,4,0,2,0,6,4,2,0,4,4,0,4,0,10,0,5,1,6,2,2,0,5,2,4,4,0,2,6
BB-7480,Land UZJ/VDJ200 FCAB-Low Rear,15-C-3-9,9346140038277,04 Bronze,30,0,0,0,0,0,0,0,0,0,0,0,0,0,0,0,0,2,2,0,0,0,0,0,0,0,0,0,0,0,0,0,0,0,0,0,0,0
BB-7481,"G.Cherokee WJ,WG FTAB-LowOuter",15-C-4-9,9346140038758,04 Bronze,29,0,4,0,0,0,0,0,0,2,4,-1,2,0,1,4,0,0,0,0,0,0,0,0,0,0,2,0,0,0,0,0,0,0,0,0,0,2
BB-7482,"MeganeX84, ScenicJ84 -Rr X-Mem",15-C-5-9,9346140038765,04 Bronze,22,0,0,0,0,0,0,0,0,0,0,0,0,0,0,0,0,0,0,0,0,0,0,0,0,2,0,0,0,0,0,0,0,0,0,0,0,0
BB-7483,"L/Rover Disc3-4,RR L322-FCAB R",15-C-5-10,9346140038772,04 Bronze,53,0,0,0,0,-2,0,0,0,0,2,0,0,2,0,0,0,0,0,2,0,0,0,0,0,0,0,0,0,2,0,0,0,0,0,0,1,0
BB-7484,"G.Cherokee WJ,WG FTAB-Rear Inn",15-C-6-9,9346140038789,04 Bronze,36,0,2,0,0,0,0,0,0,2,0,-2,4,3,0,0,2,0,0,0,4,0,0,0,0,0,2,2,0,0,0,0,0,0,0,0,0,0
BB-7485,"A1/3,Bora,TT,GolfÿIV,Polo FCAB",15-C-6-10,9346140038796,03 Silver,64,100,6,2,2,4,7,9,4,4,0,2,5,10,6,14,0,4,2,2,4,4,8,14,0,4,2,8,4,6,20,4,2,16,4,16,10,8
BB-7486,"Lex GS300-460,IS250 RCAB Inner",15-C-7-10,9346140038802,04 Bronze,26,0,0,0,0,0,0,0,0,0,0,1,-1,0,0,0,0,0,0,0,0,0,0,0,0,0,0,0,0,0,0,0,0,0,0,0,0,0
BB-7487,Pat Y62 5.6L V8 13-on FCAB Upp,15-C-8-10,9346140038819,05 No Sales FY25,26,0,0,0,0,0,0,0,0,0,0,0,0,0,0,0,0,0,0,0,0,0,0,0,0,0,0,0,0,0,0,0,0,0,0,0,0,0
BB-7488,Pat Y62 5.6L V8 13-on FCAB Low,15-C-7-9,9346140038826,04 Bronze,28,0,0,0,0,0,0,0,0,0,0,0,0,0,0,0,0,0,0,0,2,0,0,0,0,0,0,0,0,0,0,0,0,0,0,0,0,0
BB-7489,"Nav D40,Path R51 05-15 RCAB F",15-C-8-9,9346140038833,05 No Sales FY25,40,0,4,2,0,0,0,0,0,0,2,0,0,1,0,0,0,0,0,0,0,0,0,0,0,0,0,0,0,0,2,0,0,0,0,0,0,0
BB-7490,"Path R50,Ter R50 95-05 RPRB RH",15-C-9-9,9346140038840,05 No Sales FY25,28,0,0,0,0,0,0,0,0,0,0,1,0,0,0,0,0,0,0,0,0,0,0,0,0,0,0,0,0,0,0,0,0,0,0,0,0,1
BB-7491,"Path R50,Ter R50 95-05 RPRB LH",15-C-9-10,9346140039250,04 Bronze,26,0,0,0,0,0,0,0,0,0,0,1,0,0,0,0,0,2,0,0,0,0,0,0,0,0,0,0,0,0,0,0,0,0,0,0,0,1
BB-7492,"Elg E52,Mur Z50,Path R52- RCAB",15-C-10-10,9346140039267,04 Bronze,13,0,0,0,0,0,0,0,0,0,0,0,8,0,2,0,0,0,0,0,0,0,2,0,0,0,1,0,0,0,0,0,0,0,0,0,0,0
BB-7493,"Nav D40,Path R51 RCAB Rear",15-C-11-10,9346140039274,04 Bronze,67,0,2,2,0,0,2,-1,0,0,0,2,2,0,0,0,0,2,0,0,0,0,0,2,0,0,0,0,0,0,4,0,0,0,-2,0,0,0
BB-7494,"Nav D40,Path R51 05-15 RCAB R",15-C-10-9,9346140039281,05 No Sales FY25,43,0,2,2,0,0,4,-1,0,0,0,0,0,0,0,0,0,0,0,0,0,0,0,0,0,0,0,0,0,0,4,0,0,0,-2,0,0,0
BB-7495,"Swift EZ 1.5,1.6 04-11 RTAB LR",15-C-11-9,9346140039298,04 Bronze,24,0,2,0,2,0,2,0,0,0,0,0,0,0,0,0,0,0,0,0,0,0,0,0,4,0,0,2,4,2,0,2,0,2,0,2,2,0
BB-7496,Rav4 ACA20-23 00-06 RCAB Inner,15-C-12-9,9346140039304,04 Bronze,65,0,1,3,0,0,0,8,0,0,-2,0,2,2,0,4,4,0,2,2,0,0,0,0,0,0,0,0,0,0,0,4,0,0,2,0,0,0
BB-7497,Rav4 ACA20-23 FCAB- Front low,15-C-12-10,9346140039311,04 Bronze,55,0,1,0,6,0,0,6,-2,2,2,0,4,0,2,2,2,0,3,0,0,0,0,0,0,0,4,2,0,0,1,0,1,0,0,0,0,0
BB-7498H,Cooper R50-53 FCAB Rear L/R Hy,15-C-13-9,9346140039328,04 Bronze,60,0,0,2,0,2,2,0,2,2,0,0,2,1,0,0,2,0,2,2,4,0,0,4,1,0,0,0,0,0,2,0,0,2,0,4,0,0
BB-7499H,Cooper R55-59 FCAB Rear L/R Hy,15-C-14-9,9346140039335,04 Bronze,22,0,0,0,0,0,0,0,0,0,0,0,0,0,0,0,2,0,0,0,0,0,0,0,2,0,0,2,0,0,0,0,0,0,0,0,0,0
BB-7500,#N/A,#N/A,#N/A,#N/A,#N/A,#N/A,6,8,8,10,-4,5,20,0,0,0,8,8,2,0,4,0,4,0,13,0,4,4,0,8,6,2,0,2,4,0,0,0,10,0,3,0
BB-7501,"FJ80,FZJ79-105,HZJ70-105 FPRB",15-C-14-10,9346140039885,04 Bronze,30,100,2,2,0,0,2,0,0,2,2,2,4,2,4,8,0,0,4,2,0,0,2,4,8,5,0,0,2,2,6,5,2,4,2,4,6,6
BB-7502,"FJ80,FZJ80-105,HZJ80-105 RPRB",15-C-15-10,9346140039892,04 Bronze,50,0,2,0,0,0,0,0,0,0,2,2,0,0,0,6,0,0,0,0,0,0,2,0,4,2,0,0,0,0,2,2,0,2,0,2,2,0
BB-7503,"Civic ES1,8,9,EU3 CRV RD7 RCAB",15-C-15-9,9346140039908,04 Bronze,18,0,0,2,0,0,0,0,0,0,0,2,-2,0,0,4,0,3,-3,2,-2,0,0,0,0,0,0,0,2,0,-2,0,0,3,0,0,0,1
BB-7504,"Civ EP3,ES1/9,EU3,Int DC5 RCAB",15-D-1-1,9346140039915,04 Bronze,23,0,2,1,0,0,0,0,0,0,0,0,0,0,0,0,2,0,0,0,0,0,0,0,0,0,0,0,0,0,0,0,0,0,0,0,0,0
BB-7505,"Acc CB7,CD5,CG1/5,CM5/6 RCAB",15-D-1-2,9346140039922,04 Bronze,22,0,0,0,0,0,0,0,0,0,0,0,0,0,0,0,0,0,0,0,0,0,4,0,0,0,0,0,0,0,0,0,0,0,0,0,0,0
BB-7506,"Conc MA2,CRX E2 RCAB Up In/Out",15-D-2-1,9346140039939,07 Not Classed,30,0,,,,,,,,,,,,,,,,,,,,,,,,,,,,,,,,,,,,
BB-7507,Odyssey RA1/3/5/6/8 94-04 RSAB,15-D-2-2,9346140039946,05 No Sales FY25,21,0,0,0,0,0,0,0,2,0,0,0,0,0,0,0,0,0,0,0,0,0,0,0,0,0,0,0,0,0,0,0,0,0,0,0,0,0
BB-7508,"Merc E200,250,300,350,500 FCAB",15-D-3-1,9346140039953,05 No Sales FY25,23,0,0,0,0,0,0,0,0,0,0,0,0,0,0,0,0,0,0,0,0,0,0,0,0,0,0,0,4,0,2,0,0,0,0,0,0,0
BB-7509,"G.Voyag,Aven,Calib,Lancer FCAB",15-D-3-2,9346140039960,04 Bronze,131,0,0,0,0,0,0,0,0,0,0,0,0,0,0,0,0,0,2,0,0,0,0,2,0,2,0,0,0,0,0,0,0,0,0,0,0,0
BB-7510,"Civ FD1-3,FB3,Inte DC5 - RCAB",15-D-4-1,9346140039977,05 No Sales FY25,25,0,0,0,0,0,0,0,0,0,1,0,0,0,0,0,0,0,0,0,0,0,0,0,0,0,0,0,0,0,0,0,0,0,0,0,0,0
BB-7511,"Rodeo TF,RA, D-max TFS85 FCAB",15-D-4-2,9346140039984,04 Bronze,24,0,0,2,0,0,6,0,0,2,0,0,0,0,0,0,2,0,0,0,0,4,0,0,6,3,0,0,0,0,2,0,0,0,0,0,2,0
BB-7512,"Fore SF,SG/Impreza GC-GG RCAB",15-D-5-1,9346140039991,04 Bronze,18,0,1,2,0,0,2,0,0,0,1,-1,0,0,0,0,0,0,0,0,0,2,0,0,0,0,2,0,0,0,0,0,0,0,1,-1,0,0
BB-7513,"Exi,For,Imp,Lib,Out,Tri RTAB R",15-D-5-2,9346140040003,04 Bronze,22,0,0,0,8,0,0,0,4,0,4,-2,2,2,2,4,-2,0,0,0,0,0,0,0,0,2,0,2,0,2,0,2,0,0,0,2,0,0
BB-7514,"86,BRZ,For,Imp,Lib,Tri,XV-RCAB",15-D-6-1,9346140040010,04 Bronze,55,50,1,1,-1,0,2,3,4,0,0,0,0,2,2,6,0,4,4,1,0,2,4,2,-2,0,8,4,6,3,2,2,-2,8,0,5,3,2
BB-7515,"G.Vitara JB,JT 8-19 RCAB Upper",15-D-6-2,9346140040027,05 No Sales FY25,22,0,0,0,0,0,0,0,0,0,0,0,0,0,0,0,0,0,0,0,0,0,0,0,0,0,0,0,0,0,2,-2,0,0,0,0,0,0
BB-7516,"Lex LX570,Landc 200,Koran RTAB",15-D-7-1,9346140040034,04 Bronze,68,0,0,0,0,4,0,4,0,0,0,4,0,0,0,0,4,0,0,4,4,1,0,0,0,0,0,0,0,4,2,-6,0,0,0,0,4,0
BB-7517,"Land FJZ80-105,HJZ70-105 FRAB",15-D-7-2,9346140040041,04 Bronze,60,0,2,0,3,6,2,0,0,0,0,2,2,0,2,6,2,4,2,0,4,0,0,2,2,4,0,0,2,8,0,0,2,4,2,0,1,2
BB-7518,"Land HZJ70/75,LJ70/78,RJ70 RPB",15-D-8-1,9346140040058,05 No Sales FY25,20,0,0,0,0,0,0,0,0,0,0,0,4,4,0,0,0,0,0,0,0,0,0,0,0,0,0,0,0,0,0,0,0,2,0,0,0,0
BB-7519,"ES300,RX330-350,ACV/MCV36 RCAB",15-D-8-2,9346140040065,03 Silver,216,0,-6,6,22,5,2,15,14,4,1,2,2,1,8,24,2,6,27,6,12,0,16,0,18,12,4,12,18,-4,11,0,10,20,25,-7,4,-4
BB-7520,"A3,Oct,Yeti,Cad,Golf,Jet FCAB",15-D-9-1,9346140040072,04 Bronze,1,50,10,4,2,0,16,10,0,8,2,4,2,10,3,0,10,0,0,2,0,0,2,0,0,2,0,6,2,6,4,7,6,2,8,6,10,11
BB-7521,"G.Cherokee WJ,WG 99-06 UpFTAB",15-D-9-2,9346140040249,05 No Sales FY25,18,50,0,0,2,0,0,0,0,0,0,0,0,0,0,0,0,0,0,0,0,0,0,0,0,0,0,0,6,2,0,0,0,0,2,0,0,0
BB-7522,Mazda 2 DY 1.5L RCMB - L/R,15-D-10-1,9346140040256,04 Bronze,56,0,0,0,0,0,0,0,0,0,0,2,0,0,0,2,0,4,0,0,0,0,0,0,0,0,2,1,3,2,0,2,0,0,0,0,0,6
BB-7523,"Dualis,Juke,Qash,XTrail FCAB R",15-D-11-1,9346140040263,01 Platinum,301,300,14,18,10,0,18,35,15,30,33,34,14,9,32,27,17,40,20,40,13,8,58,62,16,41,17,59,36,21,18,16,83,59,41,45,34,57
BB-7524,"Exi,For,Imp,Lib,Out,Tri RTAB F",15-D-10-2,9346140040270,04 Bronze,42,0,0,0,4,0,0,0,2,0,2,-2,0,2,0,0,-2,0,0,0,0,0,0,0,0,0,0,4,0,2,0,4,0,0,0,0,0,0
BB-7525,"Fore,Impr,Libe 96-09 RCAB F&R",15-D-11-2,9346140040287,04 Bronze,52,0,0,0,0,0,0,0,0,0,0,0,0,0,0,0,0,0,0,0,2,0,2,0,0,2,-2,4,0,0,0,0,0,0,2,-2,0,0
BB-7526,"Fore SK9,XV GT7 FCAB Low R",15-D-12-1,9346140040294,01 Platinum,517,0,0,0,8,22,0,0,0,4,7,10,12,25,22,26,36,28,20,29,25,8,52,49,73,51,67,38,44,53,23,21,29,28,45,39,46,72
BB-7527,"Fore,Impr,Libe 96-09 RCAB InnR",15-D-12-2,9346140040300,04 Bronze,22,0,0,0,0,0,2,0,0,0,0,0,0,0,0,0,0,0,0,0,2,0,0,0,0,0,0,4,0,0,0,0,0,0,1,-1,0,0
BB-7528,"Fore SF,SG, Impre GC-GG RTAB-F",15-D-13-1,9346140040317,06 First Sale in FY26,28,0,0,0,0,0,0,0,0,0,0,0,0,0,0,0,0,0,0,0,0,0,0,0,0,0,0,0,0,0,2,0,0,0,0,0,0,0
BB-7529,"SCro JY,Swif FZ,Vita LY FCAB F",15-D-13-2,9346140040324,05 No Sales FY25,28,0,0,0,0,1,0,0,0,0,0,0,0,0,0,0,0,0,0,0,0,0,0,0,0,0,0,0,1,0,0,0,0,0,0,0,0,0
BB-7530,"Civic FB2,FB4,FK2 - FCAB Front",15-D-14-2,9346140040331,04 Bronze,64,0,6,2,0,2,0,0,5,5,4,14,8,2,0,4,8,0,0,0,0,0,0,0,0,4,6,0,5,2,3,2,2,10,2,0,2,2
BB-7531,"G.Chero WK,Merc GL/ML FCAB R",15-D-14-1,9346140040348,04 Bronze,20,100,6,2,6,6,10,6,4,6,2,2,0,2,6,0,4,2,0,4,3,-2,1,4,4,4,4,6,0,3,2,4,2,0,9,1,6,4
BB-7532,"Paj QE/QF,Tri ML/MN FCAB Upper",15-D-15-2,9346140040355,04 Bronze,45,0,0,0,0,0,0,0,4,0,0,0,0,2,0,0,0,4,4,0,0,0,0,0,0,0,0,4,0,0,0,0,0,0,0,0,0,0
BB-7533,"Pajero NM,NP 2.8-3.8L FCAB L/r",15-D-15-1,9346140040362,04 Bronze,62,0,-2,0,0,0,0,0,0,0,0,0,1,0,0,2,0,0,0,0,2,6,0,0,2,0,0,0,0,1,0,0,0,0,0,0,2,2
BB-7534,"Pajero NM,NP 2.8-3.8L FCAB L/f",15-D-1-3,9346140040379,04 Bronze,32,0,-2,0,0,0,0,0,0,2,0,0,3,0,0,4,0,0,0,0,2,6,0,0,2,0,0,0,2,1,0,0,0,0,0,0,2,4
BB-7535,Patrol Y62 5.6L V8 FSAB Lower,15-D-1-4,9346140040386,06 First Sale in FY26,22,0,0,0,0,0,0,0,0,0,0,0,0,0,0,0,0,0,0,0,0,0,0,0,0,0,0,0,0,0,0,0,4,2,0,2,0,0
BB-7536,Grand Vitara JB416-627 - RCAB,15-D-2-4,9346140040393,04 Bronze,45,0,0,4,0,0,1,0,0,0,0,6,0,0,0,0,4,0,0,0,0,0,0,4,2,0,0,0,0,0,0,-6,0,0,0,0,6,-4
BB-7537,"G.Vitara JA,JB,TDB 05-on FDB L",15-D-2-3,9346140040461,04 Bronze,11,200,3,2,4,3,1,6,2,3,4,3,3,4,3,3,2,0,1,2,1,1,3,2,2,6,4,2,5,6,4,1,5,36,10,8,3,6
BB-7538,"Hiace KZH,LH,RZH RCAB-Lower Fr",15-D-3-3,9346140040478,04 Bronze,56,0,2,0,0,0,2,0,0,0,0,4,0,0,2,0,0,0,0,0,0,0,0,4,0,4,2,0,4,-2,2,0,4,0,2,0,0,2
BB-7539,"Cam ASV70,AXVH71,GSV70 FCAB LF",15-D-3-4,9346140040485,04 Bronze,22,0,0,0,0,0,0,0,0,0,0,0,0,0,0,0,0,0,0,0,0,0,0,0,0,0,0,0,0,8,0,0,0,0,0,0,0,0
BB-7540,"Hi KZH,RZH,Hil KZN,VZN RTAB up",15-D-4-4,9346140040492,04 Bronze,65,0,0,0,2,0,4,0,4,0,0,5,6,0,4,12,0,0,0,12,0,0,0,0,0,0,4,0,4,0,4,5,-1,-4,-4,2,8,8
BB-7541,"Hiace KZH,LH,RZH RCAB-Lower Rr",15-D-4-3,9346140040508,04 Bronze,33,0,0,0,0,0,2,0,0,0,0,4,0,0,2,0,2,0,0,0,0,0,0,4,0,2,2,2,4,-2,2,2,2,0,2,0,0,2
BB-7542,Pajer iO QA 1.6-2.0L- FCAB Low,15-D-5-4,9346140040515,04 Bronze,17,50,2,0,0,0,0,0,0,0,0,0,0,0,0,0,0,1,0,2,0,0,0,0,0,0,2,0,0,0,0,0,0,0,0,0,0,0
BB-7543,Pajero NM-NX 99-15 RDMB R L/R,15-D-5-3,9346140040522,03 Silver,152,0,10,14,8,9,6,2,2,6,6,0,4,4,12,8,6,4,6,8,8,8,6,8,2,5,1,8,2,4,4,4,2,4,0,4,4,6
BB-7544,Pajero iO QA Rr Panhard R/B RH,15-D-6-4,9346140040539,04 Bronze,39,0,0,0,0,0,0,0,0,0,0,0,4,0,2,0,0,2,0,3,2,0,0,0,2,0,0,2,0,0,0,0,0,0,0,0,0,0
BB-7545,"Nav D40,Path R51 FCAB Lower",15-D-6-3,9346140040546,04 Bronze,48,0,0,-4,0,0,0,0,0,0,0,0,6,4,-4,-4,0,0,0,0,0,0,0,4,2,0,0,4,4,-4,0,0,0,0,0,0,0,6
BB-7546K,"Rang PJ,PK/BT50 UN FSAB Upper",15-D-7-4,9346140040553,04 Bronze,57,0,2,0,2,0,0,0,0,2,0,0,0,0,0,0,2,0,0,0,1,0,0,0,0,1,0,0,0,0,0,0,0,2,0,0,0,0
BB-7547,"G.Vita JA627,JB416/420/424 FDB",15-D-7-3,9346140040577,03 Silver,7,100,0,6,6,2,0,6,2,0,10,2,2,4,6,0,4,0,2,2,2,4,5,5,2,4,4,0,6,4,0,2,0,6,6,1,4,2
BB-7548,"Vol S60,XC70,XC90 RACB-Upper",15-D-8-3,9346140040584,04 Bronze,24,0,0,0,0,0,0,0,0,0,0,0,0,0,0,0,0,0,0,0,0,0,2,0,0,0,0,0,0,0,0,0,0,0,0,0,0,0
BB-7549,"S60,S80,V70 98-07 R X/Mem Rear",15-D-8-4,9346140040591,04 Bronze,22,0,0,0,0,0,2,0,0,0,0,0,0,0,0,0,0,0,0,0,0,0,2,0,0,0,0,0,0,0,0,0,0,0,0,0,0,0
BB-7550,"S60,S80,V70 98-07 R X/Mem Fnt",15-D-9-3,9346140040607,07 Not Classed,30,0,,,,,,,,,,,,,,,,,,,,,,,,,,,,,,,,,,,,
BB-7551,"V70,XC70,XC90 03-11 R X/Mem R",15-D-9-4,9346140040614,04 Bronze,29,0,0,0,0,0,0,0,0,0,0,0,0,0,0,0,0,0,0,0,0,1,0,0,0,0,0,0,0,0,0,1,-1,0,0,0,0,0
BB-7552L,"Vol S60,V60,V70,XC60-70 RTAB L",15-D-10-3,9346140040621,05 No Sales FY25,30,0,1,1,1,1,1,0,0,1,0,1,0,0,0,0,0,0,0,0,0,0,0,0,0,0,0,1,0,0,1,0,0,0,1,4,4,1
BB-7552R,"Vol S60,V60,V70,XC60-70 RTAB R",15-D-11-3,9346140040935,05 No Sales FY25,31,0,1,1,1,1,2,0,0,1,0,1,0,0,0,0,0,0,0,0,0,0,0,0,0,0,0,1,0,0,1,0,0,0,1,3,4,2
BB-7553L,"Vol S80 3.2,4.4,D5,T5 RTAB LH",15-D-12-3,9346140040638,05 No Sales FY25,28,0,0,0,0,0,1,0,0,0,0,0,0,0,0,0,0,0,0,0,0,0,0,0,0,0,0,0,0,0,0,0,0,0,0,0,0,0
BB-7554,"Nav D22,Path D21 Front Diff B",15-D-10-4,9346140040645,04 Bronze,39,0,-3,5,5,2,3,2,1,2,-1,0,1,4,0,3,1,1,2,3,3,2,0,-2,-1,4,2,1,4,7,0,4,0,5,1,3,2,4
BB-7555,"Fores SG,Impre GD,GG RTAB-F",15-D-11-4,9346140040652,05 No Sales FY25,20,0,2,0,0,0,0,4,0,0,0,2,0,0,0,0,0,0,0,0,0,0,0,0,0,0,0,0,0,0,0,0,0,0,0,0,0,0
BB-7556,"Fore SF,SG, Impre GC-GG RTAB-R",15-D-12-4,9346140040669,04 Bronze,18,0,2,0,0,0,0,2,0,0,0,0,0,0,0,0,0,0,0,0,0,0,0,0,0,2,0,0,0,0,2,0,0,0,0,0,0,0
BB-7557,G.Vitara JB416-JB627 Rear Subf,15-D-13-3,9346140041017,04 Bronze,30,0,0,0,0,0,0,0,0,0,0,0,0,0,0,0,0,0,0,1,-1,0,0,0,0,0,0,0,0,0,0,3,-3,0,0,0,0,0
BB-7558,"Rav4 ACA33-38,GSA33 RCAB Outer",15-D-13-4,9346140041024,04 Bronze,19,50,0,0,8,-3,4,5,0,6,6,0,-2,4,2,0,2,-1,6,2,4,2,2,0,2,6,2,2,-1,2,4,0,2,1,1,2,3,7
BB-7559,Sonata NF 05-10 FCAB LowOuter,15-D-14-4,9346140041031,07 Not Classed,30,0,,,,,,,,,,,,,,,,,,,,,,,,,,,,,,,,,,,,
BB-7560,Patr Y62 5.6L 13-on R/Diff L/R,15-D-14-3,9346140041048,05 No Sales FY25,28,0,0,0,0,0,0,0,0,0,0,0,0,0,0,0,0,0,0,0,0,0,0,0,0,0,0,0,0,0,0,0,0,0,0,0,2,0
BB-7561,"Liberty,Outback RTAB Front",15-D-15-3,9346140041055,04 Bronze,38,0,2,2,2,0,0,0,2,2,0,0,2,0,3,2,-4,0,0,4,2,4,-2,0,-1,0,0,6,-2,0,0,0,0,0,2,0,0,4
BB-7562,"G.Vitara JA,JB,TDB 05-on FDB R",15-D-15-4,9346140041062,04 Bronze,64,0,1,1,2,0,1,2,0,1,0,1,1,1,1,1,3,1,1,1,2,0,2,1,1,4,3,0,5,4,2,0,1,0,4,1,1,2
BB-7563,Fortuner 2.8L 15-on RCAB F L/R,15-D-1-6,9346140041079,06 First Sale in FY26,25,0,0,0,0,0,0,0,0,0,0,0,0,0,0,0,0,0,0,0,0,0,0,0,0,0,0,0,0,2,0,0,0,0,0,0,3,0
BB-7564,Fortuner 2.8L 15-on RCAB R L/R,15-D-1-5,9346140041086,05 No Sales FY25,25,0,0,0,0,0,0,0,0,0,0,0,0,0,0,0,0,0,0,0,0,0,0,0,0,0,0,0,0,2,0,0,0,0,0,0,3,0
BB-7565,"X5 E70,X6 E71-72 FCAB Low R/in",15-D-2-6,9346140041093,04 Bronze,25,0,0,0,0,0,0,0,0,0,0,0,1,0,0,0,0,0,0,0,2,0,0,0,2,0,0,0,0,0,0,0,0,0,0,0,0,0
BB-7566,"X3 F25, X4 F26 FCAB F Inner",15-D-2-5,9346140041109,04 Bronze,39,0,3,2,2,-1,0,0,0,0,0,0,0,0,0,0,0,0,0,0,6,0,2,0,0,0,0,0,1,1,0,0,2,0,0,2,0,0
BB-7567,Odyssey RA 99-04 RCAB Rear Low,15-D-3-6,9346140041215,05 No Sales FY25,30,0,0,-2,0,0,0,0,0,0,0,0,0,0,0,0,0,0,0,0,0,0,0,0,0,0,0,0,0,0,0,0,0,0,0,0,0,0
BB-7568,Mirage LA 1.2L 13-on FCAB Rear,15-D-3-5,9346140041222,04 Bronze,35,0,0,0,0,2,1,0,0,5,-2,0,0,0,0,0,2,0,0,3,0,0,0,6,6,4,0,2,0,0,0,0,0,2,0,0,0,0
BB-7569,"Dyna, Hiace, Hilux FCAB Low/in",15-D-4-6,9346140041239,03 Silver,66,50,4,2,0,0,0,6,4,2,1,14,0,2,8,10,0,8,0,8,4,0,6,2,0,0,4,0,4,2,11,3,5,2,-2,-2,0,0
BB-7570,"Hiace KCH40,RCH41,47 RDB Front",15-D-4-5,9346140041246,04 Bronze,72,0,0,2,4,5,2,0,1,2,6,5,1,2,1,3,1,1,9,1,0,1,0,2,1,0,2,4,0,1,1,0,0,0,1,0,2,4
BB-7571,"Partol Y62 4.0,5.6L Rear Upper",15-D-5-6,9346140041253,05 No Sales FY25,24,0,0,0,0,0,0,0,0,0,0,0,0,0,0,0,0,0,0,0,0,0,0,0,0,0,0,0,0,0,0,0,2,0,0,0,0,2
BB-7572,"Estima ACR40-55,MCV40 R/Diff F",15-D-5-5,9346140041260,04 Bronze,70,100,2,3,-2,1,6,2,2,1,3,0,0,12,2,0,0,1,4,3,2,2,2,4,0,5,4,2,3,12,11,6,1,8,2,10,10,4
BB-7573,Lex GS300-460 RCAB R/Upper,15-D-6-6,9346140041277,06 First Sale in FY26,27,0,0,0,0,0,0,0,0,0,0,0,0,0,0,0,0,0,0,0,0,0,0,0,0,0,0,0,0,1,0,0,0,0,0,2,0,0
BB-7574,Maxi A33 3.0L 99-03 RCAB R/LH,15-D-6-5,9346140041284,07 Not Classed,30,0,,,,,,,,,,,,,,,,,,,,,,,,,,,,,,,,,,,,
BB-7575,Maxima A33 3.0L 99-03 RCAB,15-D-7-5,9346140041291,04 Bronze,59,0,0,0,0,0,1,0,0,0,0,0,0,0,0,0,2,0,0,0,0,0,2,2,0,0,2,2,2,4,4,2,0,-2,0,0,0,0
BB-7576,"180-240SX,Silv,Sky R32-34 RCAB",15-D-7-6,9346140041307,05 No Sales FY25,24,0,0,0,0,0,2,0,0,0,0,0,0,0,0,0,0,0,0,0,0,0,0,0,0,0,0,0,0,0,0,0,0,0,0,0,0,4
BB-7577,"Nav D22,Path D21 Front Diff B",15-D-8-5,9346140042670,03 Silver,216,100,0,0,0,0,0,0,7,2,2,4,3,11,0,5,2,5,11,5,5,4,0,4,-1,9,10,2,12,14,1,13,0,13,3,3,4,8
BB-7580,"Rang PJ,PK/BT50 UN FStrut bush",15-D-8-6,9346140046753,06 First Sale in FY26,40,0,0,0,0,0,0,0,0,0,0,0,0,0,0,0,0,0,0,0,0,0,0,0,0,0,0,0,0,0,0,0,0,0,4,0,0,4
BB-7581D,"DMax TFS,MUX UCS,BT50 B30 FDB",15-D-10-5,9346140024546,03 Silver,292,0,0,0,0,0,0,0,0,0,0,0,0,0,0,0,0,0,4,1,6,11,11,6,1,20,39,11,15,15,23,16,28,21,4,28,14,19
BB-7582K,"Chero KL 2.0,2.4,3.2L FCAB kit",15-D-9-5,9346140044209,04 Bronze,26,0,0,0,0,0,0,0,0,0,0,0,0,0,0,0,0,0,0,0,0,0,0,4,0,0,0,4,4,0,0,0,0,0,2,2,2,0
BB-7583,Rav4 ACA23 2.4L 03-06 RCAB Out,15-D-10-6,9346140044520,06 First Sale in FY26,46,100,0,0,0,0,0,0,0,0,0,0,0,0,0,0,0,0,0,0,0,0,0,0,0,0,0,0,2,2,2,9,5,5,2,3,0,0
BB-7587,"Sore BL 06-09 2.5,3.3,3.8 RTAB",15-D-13-5,9346140045589,06 First Sale in FY26,40,0,0,0,0,0,0,0,0,0,0,0,0,0,0,0,0,0,0,0,0,0,0,0,0,0,0,0,0,0,0,4,0,0,0,4,0,0
BB-7588,"BRZ,For,Imp,Lib,Out,WRX,X RCAB",15-D-12-6,9346140045824,04 Bronze,15,150,0,0,0,0,0,0,0,0,0,0,0,0,0,0,0,0,0,0,0,0,0,0,0,0,3,8,0,-2,0,1,0,5,2,6,4,4
BB-7591,"iX35,Sant,Tucs,Sore,Spor RDiff",15-D-14-6,9346140046081,04 Bronze,18,200,0,0,0,0,0,0,0,0,0,0,0,0,0,0,0,0,0,0,0,0,0,0,0,0,7,17,4,17,9,16,8,12,22,21,14,19
BB-7599,"LX470,Lan HDJ100 4.2L F/Dif LH",15-D-5-10,9346140046982,06 First Sale in FY26,0,60,0,0,0,0,0,0,0,0,0,0,0,0,0,0,0,0,0,0,0,0,0,0,0,0,0,0,0,0,0,0,0,0,1,5,6,15
BB-7601,"Navara D23,NP300 2.2TD Front D",15-D-6-9,9346140047620,06 First Sale in FY26,25,120,0,0,0,0,0,0,0,0,0,0,0,0,0,0,0,0,0,0,0,0,0,0,0,0,0,0,0,0,0,0,0,0,1,11,16,-1
BC-8010K,Tara TCR10-21 90-94 C/Kit 12mm,1-C-1-6,9346140018644,02 Gold,29,0,2,1,2,4,2,2,2,0,0,4,4,-2,0,3,0,2,-2,1,2,1,1,0,1,0,4,0,0,2,1,1,0,5,0,9,-2,0
BC-8020K,Tara TCR10-21 94-00 C/Kit 14mm,1-C-2-6,9346140018651,02 Gold,107,0,2,10,2,1,2,-1,0,4,5,1,1,2,0,1,1,4,-1,2,2,1,0,1,0,2,2,1,1,5,2,4,3,3,2,3,4,2
BC-8030K,Est TCR10-21 Diesel C/kit 14mm,1-C-3-6,9346140018668,04 Bronze,156,0,2,0,0,0,0,-1,0,0,0,0,0,0,0,0,0,0,0,0,0,0,0,0,1,0,0,0,1,0,0,0,0,0,0,0,0,0
BC-8031,"BMW3 E30,E36,E46,E90 5 E28,E34",1-C-4-6,9346140018675,03 Silver,31,0,3,-1,0,1,0,0,2,0,1,1,0,0,0,0,2,1,0,0,1,-1,0,0,0,1,0,1,0,0,1,1,0,0,0,1,0,0
BC-8032,"BMW 3, 5 Series & Z3 Coupling",1-C-5-6,9346140018682,02 Gold,20,0,4,1,4,0,3,6,4,3,0,2,1,2,5,4,5,2,2,3,0,2,1,2,1,6,3,3,2,5,4,2,1,1,3,3,4,2
BC-8033,"BMW 3,5,6,7,X5, Volvo 240-960",1-C-6-6,9346140018699,02 Gold,30,0,0,3,3,3,-1,0,0,2,0,0,1,1,2,1,2,0,1,0,0,1,2,1,0,0,2,0,0,2,0,1,1,1,0,0,0,1
BC-8034,"BMW  5-e39,7,8 / Z8 4.9L 00-03",1-C-7-6,9346140018705,04 Bronze,22,0,0,0,0,0,0,1,0,0,0,0,0,0,1,0,0,0,0,0,1,0,0,1,1,-1,0,0,0,0,0,0,0,0,0,1,0,0
BC-8035,"Benz S123,W115, W123  Coupling",1-C-8-6,9346140018712,04 Bronze,21,0,0,0,1,0,0,0,0,0,0,0,0,0,0,0,0,0,0,0,0,0,0,0,2,0,0,0,0,0,0,0,0,0,0,0,0,0
BC-8036,"Merc S124,W201,W124 F.coupling",1-C-9-6,9346140018729,03 Silver,29,0,0,2,1,0,1,0,2,2,-1,1,0,0,2,3,2,0,-1,0,0,0,0,0,2,0,0,1,0,0,0,1,0,0,1,0,0,1
BC-8037,"Merc C124,S124,W124 Front C At",1-C-10-6,9346140018736,04 Bronze,14,0,0,0,0,0,1,0,0,0,0,0,0,0,0,0,0,0,0,0,1,0,0,0,0,0,0,0,0,0,0,0,0,0,0,0,0,0
BC-8038,"Merc S123,W123,S280S Coupling",1-C-1-7,9346140018743,04 Bronze,7,0,0,0,0,0,0,1,0,0,0,0,0,0,0,2,0,0,0,2,0,0,0,0,0,0,0,0,0,0,0,0,0,0,0,0,1,0
BC-8039,"Merc S124,W124,W126 F&R Coupli",1-C-2-7,9346140018750,06 First Sale in FY26,22,0,0,0,0,0,0,0,0,0,0,0,0,0,0,0,0,0,0,0,0,0,0,0,0,0,0,0,0,0,0,0,0,0,1,0,0,0
BC-8040,"Merc S124,W124,EClass Rr Coupl",1-C-3-7,9346140018767,05 No Sales FY25,20,0,0,1,0,0,0,0,0,1,0,0,0,0,0,0,0,0,0,0,0,0,0,0,0,0,0,0,0,0,0,0,0,0,0,0,0,1
BC-8041,"Merc S202,S210,W202 F-coupling",1-C-4-7,9346140018774,04 Bronze,14,0,0,0,0,0,0,0,0,2,0,-2,0,0,0,0,0,0,0,0,2,0,0,0,0,0,0,0,0,2,0,0,0,0,0,0,1,0
BC-8042,Benz C Class W202 93-00,1-C-5-7,9346140018781,04 Bronze,12,0,1,0,1,0,0,0,0,0,1,0,0,0,-1,0,0,0,0,0,0,1,0,0,0,0,0,0,0,1,0,0,0,0,1,1,0,0
BC-8043,"Comm VS,VT,VU,VX,VY,VZ,VE V6",1-C-6-7,9346140018798,01 Platinum,246,300,28,30,46,25,18,34,18,31,41,10,31,34,13,27,19,19,28,14,17,27,23,13,24,14,21,30,25,28,24,25,24,20,31,24,28,24
BC-8044,"Comm VS,VT V6/V8 Front Mtm",1-C-7-7,9346140018804,02 Gold,40,100,1,10,3,5,1,2,3,0,11,1,1,2,3,3,4,13,3,1,1,1,12,1,1,0,0,15,3,10,5,1,1,0,0,5,0,1
BC-8045,Comm VT 5.7 V8 99-00 Front Mtm,1-C-8-7,9346140021439,03 Silver,35,0,0,0,1,1,1,1,0,0,1,1,4,1,2,0,1,1,0,0,1,1,-1,1,1,1,0,0,1,0,3,0,0,1,5,-1,4,0
BC-8047,"Ford BA,BF,FG/Comm VU-VZ V6-V8",1-C-10-7,9346140021453,01 Platinum,610,0,19,47,57,23,39,44,30,49,25,60,25,38,37,33,33,35,51,30,22,27,27,42,23,31,39,38,36,38,32,28,38,27,42,45,27,40
BC-8048,"Comm VE,VZ V8 / VW Touareg, Q7",1-C-11-7,9346140021460,02 Gold,247,0,3,23,5,7,18,34,3,17,13,9,17,8,10,7,5,18,7,2,10,6,6,9,10,6,8,15,14,7,9,8,17,10,13,15,13,9
BC-8049,"Merc C250,C350,E350,E500 DSC",1-C-12-7,9346140021477,03 Silver,63,0,0,0,0,0,1,0,0,0,1,0,0,0,0,0,1,3,0,0,0,2,0,2,-1,0,0,2,1,0,2,2,1,0,0,0,0,0
BC-8050,"Fal BA,BF,FG 6&V8 / Comm VE V6",1-C-1-8,9346140021484,02 Gold,183,200,3,6,6,10,8,10,4,11,13,9,9,10,4,11,10,6,11,6,8,1,11,6,7,13,8,24,3,9,10,17,7,12,12,8,10,6
BC-8051,"BMW 1,3,5,6,7 Series, X3 DSC",1-C-2-8,9346140021491,05 No Sales FY25,63,0,0,0,0,0,1,0,0,0,0,0,0,0,0,0,0,0,0,0,0,0,0,0,0,0,0,0,0,0,0,0,0,0,0,0,0,1
BC-8052,"Falcon BA,BF,FG / Terri SX,SY",1-C-3-8,9346140021507,01 Platinum,263,0,16,19,44,35,17,21,7,22,18,30,15,30,12,21,16,23,22,21,11,9,13,11,14,34,16,35,22,26,29,23,15,13,25,17,32,18
BC-8053,"A3,S3,Octa,Golf MK4-6 Front Co",1-A-4-8,9346140044759,07 Not Classed,20,0,,,,,,,,,,,,,,,,,,,,,,,,,,,,,,,,,,,,
BC-8054,"A3,Q3,Golf MK4-6,Tiguan Rear C",1-C-5-8,9346140044766,03 Silver,50,0,0,0,0,0,0,0,0,0,0,0,0,0,0,0,0,0,0,0,0,0,3,1,2,1,0,3,3,1,0,0,1,0,0,2,3,0
CA-9201L,Bracket Kit for CA-9201,15-D-11-10,0,07 Not Classed,3,0,0,0,0,0,0,0,0,0,0,0,0,1,0,0,0,0,0,0,0,0,0,0,0,0,0,0,0,0,0,1,0,0,0,0,1,0
CA-9202R,Bracket Kit for CA-9202,15-D-12-10,0,07 Not Classed,4,0,0,0,0,0,0,0,0,0,0,0,0,1,0,0,0,0,0,0,0,0,0,0,0,0,0,0,0,0,0,1,0,0,0,0,1,1
Cb-2255,"CB01,CB37-300ZX,Nav.D21,R31 CB",1-B-1-1,9346140016749,03 Silver,52,0,0,1,2,3,0,2,3,1,3,1,1,0,1,2,0,2,1,0,0,1,1,4,2,1,4,1,2,4,0,1,2,0,0,1,-1,2
Cb-3145,Mazda 929 82-91 Center bearing,1-B-2-1,9346140016756,07 Not Classed,9,0,,,,,,,,,,,,,,,,,,,,,,,,,,,,,,,,,,,,
Cb-3146,"CB26-Courier, E2200,B2200 C/B",1-B-3-1,9346140016763,04 Bronze,6,0,0,0,0,0,0,0,0,0,0,0,0,0,0,0,0,0,0,0,0,0,0,0,0,0,1,0,0,1,0,0,0,0,0,0,0,0
Cb-3150,"CB08-Hilux,YN55,LN85 83-89 C/B",1-B-4-1,9346140016787,04 Bronze,55,0,1,3,0,0,2,2,1,1,0,0,0,1,0,0,1,0,0,2,0,0,1,1,0,0,0,1,0,0,0,0,0,0,0,1,1,2
Cb-3151,"CB72-Hiace LH112,LH125 Cbearng",1-B-5-1,9346140016794,04 Bronze,55,0,0,0,0,1,1,1,0,1,1,0,0,1,0,0,0,0,0,0,0,0,1,0,0,1,0,0,0,0,0,0,1,0,0,1,0,0
Cb-3152,"CB931 Hiac KZH110,120 95-on CB",1-B-6-1,9346140016800,03 Silver,49,0,1,0,0,1,2,2,0,0,0,1,0,0,1,0,3,1,2,2,0,1,0,1,0,0,1,1,0,0,0,3,2,2,0,0,0,0
CB-3153,"CB07-Hilux RN,LN40-41 2WD C/B",1-B-7-1,9346140016817,04 Bronze,28,0,0,0,0,1,0,1,0,0,0,1,0,1,1,0,0,1,0,0,0,1,0,0,0,0,0,1,0,0,0,0,0,0,0,0,0,0
CB-3354,CB108-Cres MX83 3.0L 89-93 C/B,1-B-8-1,9346140016824,03 Silver,82,0,2,0,5,0,3,3,1,2,3,1,1,2,0,3,1,6,4,1,2,2,2,4,2,1,1,3,0,2,0,1,3,3,2,0,1,2
Cb-3355,"""CB85-Cressida MX62,63 C/B""",1-B-9-1,9346140016831,04 Bronze,7,0,0,0,0,0,0,0,0,0,0,0,0,0,0,0,0,0,0,1,0,0,0,0,0,0,0,0,0,0,0,0,0,0,0,0,0,0
Cb-3356,"""CB13-Cres,Cor ST141,142 C/B""",1-B-10-1,9346140016848,04 Bronze,20,0,0,0,0,0,0,0,0,0,0,0,0,0,0,0,1,0,0,0,0,0,0,0,0,0,0,0,0,0,0,0,0,1,0,0,1,0
Cb-3357,"""CB09-Hilux YN65,LN65 C/B""",1-B-11-1,9346140016855,03 Silver,129,0,3,3,5,3,4,7,4,4,0,3,4,1,5,1,1,2,6,1,0,0,1,1,0,0,2,0,1,3,4,3,0,0,0,1,2,4
Cb-3358,Toyota Dyna BU60 C/bearing,1-B-1-2,9346140016862,04 Bronze,8,0,0,0,1,0,0,0,0,0,0,0,0,0,0,1,0,0,0,0,0,0,0,0,0,0,0,2,0,0,0,0,0,0,-1,0,0,0
Cb-3359,CB99 Coaster HZB50 93-03 C/B,1-B-2-2,9346140016879,03 Silver,66,0,0,2,2,2,0,2,0,0,0,0,0,0,2,1,0,7,0,0,6,1,3,1,0,1,2,0,0,1,0,1,0,4,4,0,0,2
Cb-3360,Hilux LN85.YN85 90-  C/B,1-B-3-2,9346140016886,04 Bronze,13,0,1,0,0,0,0,0,0,0,0,0,0,0,0,0,0,0,0,0,0,0,0,0,0,1,0,0,1,0,1,0,0,0,2,0,0,0
Cb-3923,"CB67-Dyna BU30,BU30 C/B",1-B-4-2,9346140016909,03 Silver,8,100,2,4,1,0,1,0,2,1,0,1,3,3,2,0,2,1,1,1,1,1,1,2,2,0,0,1,1,2,1,1,0,0,1,2,3,1
Cb-3924,CB12-Spinter AE86.83-87 C/B,1-B-5-2,9346140016916,04 Bronze,11,0,1,0,0,0,0,0,0,0,0,0,0,0,0,0,0,0,1,0,0,0,0,0,0,0,0,0,0,0,0,0,0,0,0,0,0,0
Cb-3925,CB05-Nav D21 4WD 86-on C/B,1-B-6-2,9346140016923,02 Gold,88,0,2,5,7,5,7,7,5,1,2,1,1,3,3,5,3,7,6,2,3,3,2,2,5,1,4,7,4,0,4,2,5,3,1,3,3,2
CB-3927,"Escape,Tribute V6 01-08 C/B At",1-B-7-2,9346140029114,04 Bronze,107,0,0,1,3,2,1,1,0,2,0,3,2,1,0,1,0,0,1,0,0,1,1,1,0,0,0,2,0,0,3,0,0,1,0,0,1,2
Cb-3928,"Escape,Tribute V6 01-08 CB Mtm",1-B-8-2,9346140029121,04 Bronze,15,0,0,0,0,0,0,0,0,0,0,0,0,0,0,0,0,0,0,0,0,0,0,1,0,0,0,0,0,0,1,0,0,0,0,0,0,0
Cb-3954,Isuzu Faster KB20 C/bearing,1-B-9-2,9346140016930,07 Not Classed,30,0,,,,,,,,,,,,,,,,,,,,,,,,,,,,,,,,,,,,
CB-3955,"CB30-Jackaroo,Rodeo,Isuzu C/B",1-B-10-2,9346140016947,04 Bronze,29,0,0,20,0,0,0,0,0,0,20,0,0,0,0,0,0,0,0,0,0,0,0,1,0,0,0,0,0,0,0,0,0,0,0,0,0,0
CB-3956,CB43-Rodeo TF 2WD 89-on C/B,1-B-11-2,9346140016954,04 Bronze,248,0,1,0,0,1,1,0,0,2,1,3,1,1,0,0,0,1,1,0,0,1,0,1,1,1,0,0,0,0,0,0,0,0,0,0,0,0
Cb-3957,Hiace KDH220-223 05-on C/B,1-B-12-2,9346140029053,03 Silver,113,0,1,0,4,7,7,2,2,2,4,6,9,5,8,2,4,2,3,5,2,2,2,3,3,2,3,0,5,2,1,4,1,9,3,4,2,4
Cb-3958,"CB44 Colo,Rodeo TF 4WD",1-B-1-3,9346140016961,03 Silver,167,0,6,3,9,3,3,6,4,3,10,4,0,3,3,3,2,4,0,4,2,2,3,0,2,3,3,3,2,2,4,4,3,0,1,1,5,2
Cb-3959,ACB6014 26127521855 BMW X3,1-B-2-3,9346140038635,05 No Sales FY25,20,0,1,0,1,0,0,1,0,1,2,0,1,0,0,0,0,0,0,0,0,0,0,0,0,0,0,0,0,0,0,1,1,1,0,0,0,0
CB-3962,"Santa Fe SM 2.4,2.7L C/Bearing",1-B-3-3,9346140033555,04 Bronze,49,0,0,0,0,0,0,0,0,0,0,0,0,1,0,0,0,0,0,0,0,0,0,1,0,0,0,1,0,0,0,0,0,1,0,0,0,0
CB-3963,BMW 30/160mm C/Bearing,1-B-4-3,9346140021705,03 Silver,58,0,2,0,1,1,4,1,0,4,0,0,1,1,1,0,2,2,3,4,0,1,0,4,2,2,1,0,0,0,5,1,0,3,3,2,1,1
Cb-3964,"CB925-BT50,Ranger 3.0TD 06-11",1-B-5-3,9346140023822,03 Silver,210,0,6,3,7,6,1,1,0,0,2,1,2,3,0,2,1,2,2,1,1,6,2,2,3,0,2,4,1,5,5,0,0,1,1,1,5,0
Cb-3965,"CB56-Cefi A31,Lau C33 88-93 CB",1-B-6-3,9346140016978,04 Bronze,20,0,0,0,0,0,0,0,0,0,0,0,0,0,0,0,0,0,0,1,0,0,0,0,0,0,1,0,0,0,0,0,0,0,1,0,0,0
Cb-3966,CB04-Nissan 720 E20 79-85 C/B,1-B-7-3,9346140016985,04 Bronze,2,0,0,0,1,0,0,0,0,0,0,0,0,0,0,0,0,0,0,1,0,1,0,0,1,1,0,0,0,0,0,0,0,0,1,0,1,0
Cb-3968,CB49-B2600 4WD EFI 85-99 C/B,1-B-8-3,9346140017005,05 No Sales FY25,20,0,0,0,0,0,0,0,0,0,0,0,0,0,1,0,0,0,0,0,0,0,0,0,0,0,0,0,0,0,0,0,0,0,0,0,0,0
Cb-3969,"T3000,3500,4100 84- C/bearing",1-B-9-3,9346140017012,04 Bronze,16,0,0,0,0,0,1,1,2,0,0,0,2,2,-1,1,1,0,0,0,0,0,0,1,0,2,0,0,0,0,1,0,0,0,0,0,0,1
Cb-3971,"""CB14-Canter FC211,FC212 C/B""",1-B-10-3,9346140017036,04 Bronze,13,0,0,0,0,0,0,0,0,0,0,0,0,0,0,0,0,0,0,0,0,0,0,0,0,1,1,0,0,0,0,0,0,0,0,0,0,0
Cb-3972,CB16-Trit ME/F/K/J 2WD 86-06,1-B-11-3,9346140017043,03 Silver,39,0,0,1,0,4,0,1,0,0,0,2,0,1,0,3,0,2,0,2,0,3,0,0,2,1,0,1,2,2,1,1,1,1,1,3,1,0
Cb-3973,CB17 Trit ME/F/K/J 4WD 86-06,1-B-12-3,9346140017050,03 Silver,65,0,3,2,11,3,2,1,1,4,4,1,7,3,2,1,4,2,1,4,4,3,1,4,4,0,2,3,1,1,3,1,2,4,1,2,2,2
Cb-3974,CB952-Comm. VB-VT 78-00 C/B,1-B-1-4,9346140017067,02 Gold,132,0,20,48,26,0,15,11,19,16,18,19,17,23,7,13,15,10,7,4,6,9,12,12,6,4,5,12,8,7,7,10,0,11,10,15,5,7
Cb-3975,CB70-300ZX Z32 3.0L 89-97 C/B,1-B-2-4,9346140017074,04 Bronze,15,0,0,0,1,1,0,0,0,0,0,0,0,2,1,0,0,0,0,1,1,0,0,2,0,0,0,0,0,0,0,0,0,0,0,0,0,0
Cb-3976,"CB90-BMW E34,E36,E39,E46 C/B",1-B-3-4,9346140017081,04 Bronze,81,0,0,3,2,1,1,3,0,1,2,1,0,2,1,1,1,0,1,0,1,2,0,0,0,0,0,0,3,1,0,1,0,0,1,0,2,0
Cb-3977,CB47-Hilux 2WD 97-05 C/B,1-B-4-4,9346140017098,03 Silver,76,0,3,7,2,6,3,2,1,2,6,18,3,1,4,3,0,5,4,0,2,6,3,2,1,2,4,5,1,2,1,1,3,3,2,1,0,5
Cb-3978,CB93-Hilux 4WD 97-05 C/bearing,1-B-5-4,9346140017104,03 Silver,57,0,4,2,5,3,0,2,4,5,3,5,4,6,6,6,2,0,1,3,4,2,2,5,1,2,4,3,8,11,6,3,0,5,4,7,3,6
Cb-3979,Delta ALL Centre B,1-B-6-4,9346140017111,04 Bronze,4,0,1,0,0,0,0,0,0,0,0,0,0,0,0,0,0,0,0,0,0,1,0,1,0,0,0,0,0,0,0,0,0,0,0,0,1,0
Cb-3980,"CB11-Toy KE70,CE70,AE71 79-87",1-B-7-4,9346140017128,04 Bronze,25,0,0,1,0,0,7,0,0,0,0,0,0,1,1,0,0,0,0,0,0,0,0,1,1,0,0,0,0,0,0,0,0,0,0,0,0,1
Cb-3981,"CB58-Tran VF,VG 30mm 94-00",1-B-8-4,9346140017135,03 Silver,129,0,5,1,3,5,10,2,5,3,1,3,2,0,0,7,-1,1,6,0,3,3,4,1,1,3,0,2,0,1,3,12,2,4,0,7,2,3
Cb-3981B,"CB59-Tran VF,VG 45mm 94-00",1-B-9-4,9346140017142,04 Bronze,100,0,1,1,0,0,0,5,-3,0,0,0,0,1,1,-1,0,0,0,0,0,0,2,3,0,0,0,4,-1,0,0,3,0,-2,2,1,1,0
Cb-3982,CB912-Honda CRV 4WD 97-on C/B,1-B-10-4,9346140017159,04 Bronze,10,0,0,0,0,0,1,0,1,0,-1,0,0,0,0,0,0,0,0,0,0,0,0,0,0,0,1,0,1,0,0,0,0,0,0,0,0,0
CB-3983,CB38-B2600 2WD EFI 85-99 C/B,1-B-11-4,9346140017166,04 Bronze,15,0,0,0,1,0,0,1,1,0,1,0,1,0,0,0,0,0,2,0,0,0,1,0,-1,0,0,0,1,0,0,0,0,0,0,0,0,0
Cb-3984,CB84-B2600 2.6 Carby 85-89 C/B,1-B-12-4,9346140017173,04 Bronze,7,0,0,0,0,0,0,0,0,0,0,0,0,0,0,0,0,0,0,0,0,0,0,1,0,0,0,0,0,0,0,0,0,0,0,0,0,0
Cb-3985,CB109-Subaru Impreza 99-on C/B,1-B-1-5,9346140017180,04 Bronze,11,0,0,0,1,1,0,0,0,0,-1,0,2,0,1,1,0,-1,0,0,0,1,1,1,0,0,0,2,-1,1,2,0,0,1,0,0,0,1
Cb-3986,CB86-Toy RAV4 SXA10 94-00 C/B,1-B-2-5,9346140017197,05 No Sales FY25,22,0,0,0,0,0,0,0,0,0,0,0,0,0,0,0,0,0,0,0,0,0,0,0,0,0,0,0,0,0,0,0,0,0,0,0,0,0
Cb-3987,"""CB98-Soarer, Supra 88-93 C/B""",1-B-3-5,9346140017203,05 No Sales FY25,51,0,0,0,0,0,2,0,0,0,0,0,0,0,1,0,0,0,0,0,0,0,0,0,0,0,0,0,0,0,0,0,1,0,0,0,0,0
Cb-3988,Coro AE95 88-95 4WD Rear C/B,1-B-4-5,9346140017210,04 Bronze,14,0,0,0,1,0,1,1,0,0,0,2,0,1,0,0,0,0,0,0,0,1,2,0,0,1,0,1,0,0,0,0,0,0,1,0,0,0
Cb-3989,Coro AE95 88-95 4WD Front C/B,1-B-5-5,9346140017227,04 Bronze,16,0,0,0,1,0,1,1,0,0,0,1,0,1,0,0,0,1,0,0,0,0,0,2,0,1,0,1,0,0,0,0,0,0,0,0,0,0
Cb-3990,"""CB34-BMW E30,32,34 88-96 C/B""",1-B-6-5,9346140017234,04 Bronze,28,0,1,1,0,0,0,0,0,0,0,0,0,0,0,0,0,0,1,0,0,0,0,0,0,0,0,0,0,0,1,0,0,2,0,1,0,0
Cb-3991=CB-3976,"BMW E38,39 C/Bearing",1-B-7-5,9346140017241,07 Not Classed,0,,,,,,,,,,,,,,,,,,,,,,,,,,,,,,,,,,,,,
Cb-3992,Merc W124 89-97 C/bearing,1-B-10-8,9346140017258,04 Bronze,26,0,0,0,0,0,0,0,0,0,0,0,0,0,1,0,0,0,0,0,0,1,1,0,0,0,0,1,0,0,0,1,0,0,1,0,0,0
Cb-3993,CB35-Merc W124-W126 85-on C/B,1-B-9-5,9346140017265,04 Bronze,20,0,0,0,0,1,0,0,0,1,0,0,0,0,0,0,1,0,0,0,1,0,0,0,0,0,0,1,0,0,0,0,0,1,0,1,1,0
Cb-3994,"CB92-Merc C126,W126 79-85 C/B",1-B-10-5,9346140017272,04 Bronze,23,0,0,0,0,0,0,0,0,0,0,0,0,0,0,0,0,1,0,0,0,0,0,0,0,0,0,0,0,2,0,0,0,0,1,0,0,0
Cb-3995,Merc C180-C250D W202 93-00 CB,1-B-11-5,9346140017289,04 Bronze,30,0,1,0,0,0,1,0,0,0,0,2,0,0,0,0,0,0,1,1,0,-1,0,1,0,1,1,0,0,2,1,0,0,0,1,0,1,0
Cb-3996,"Volvo 740,760,940,960 C/Bearng",1-B-12-5,9346140017296,03 Silver,22,0,0,0,0,0,0,0,0,0,0,0,0,0,0,0,0,0,1,1,2,0,1,1,2,2,0,0,2,2,0,0,0,0,0,0,0,1
Cb-3997,"""Volvo 940, 960 C/Bearing""",1-B-1-6,9346140017302,04 Bronze,8,0,0,0,0,0,0,0,0,0,0,0,0,0,0,0,0,0,0,0,0,0,0,1,0,0,0,0,0,0,0,0,0,0,0,0,0,0
Cb-3998,"""Volvo 740, 960 C/Bearing""",1-B-2-6,9346140017319,05 No Sales FY25,30,0,0,0,0,0,0,0,0,0,0,0,1,0,0,0,0,0,0,0,0,0,0,0,0,0,0,0,0,1,0,0,0,0,0,0,1,0
CB-3999,CB110-Impreza / Wrx 97-on C/B,1-B-3-6,9346140017326,04 Bronze,27,0,2,0,1,2,0,0,0,2,0,0,1,0,0,0,0,1,0,0,0,0,0,1,1,1,1,2,1,0,1,0,-1,1,0,0,0,1
CB-4000,"CB125-3000GT,Gal VR4,RVR 90-01",1-B-4-6,9346140017333,04 Bronze,17,100,1,0,0,4,1,2,0,0,2,0,0,1,0,0,0,0,2,0,0,2,2,0,0,0,0,4,0,0,4,4,0,0,0,0,0,4
CB-4001,Celica ST184 AWD 88-93 C/B,1-B-5-6,9346140017340,04 Bronze,9,0,0,0,0,0,0,0,0,0,0,0,0,0,0,0,0,0,0,0,0,0,0,1,0,0,0,0,0,0,0,0,0,0,0,0,0,0
CB-4002,CB52-Tara 4WD TCR10/20 94-on,1-B-6-6,9346140017357,05 No Sales FY25,20,0,0,0,0,1,0,0,0,0,0,0,0,0,0,0,0,0,0,0,0,0,0,0,0,0,0,0,0,0,0,0,0,0,0,0,0,0
CB-4003,Toyota RAV4  7/00on C/B,1-B-7-6,9346140017364,05 No Sales FY25,18,0,0,0,0,0,0,0,0,0,0,0,0,0,0,0,0,0,0,0,0,0,0,0,0,0,0,0,0,0,1,0,0,0,0,0,0,0
CB-4004,"Klug,Lex RX300 CB943 Front C/B",1-B-8-6,9346140017371,04 Bronze,98,0,0,1,1,0,1,0,0,0,0,1,0,3,0,0,0,0,1,1,0,0,0,0,0,1,0,0,0,0,0,1,1,1,1,1,0,1
CB-4005,Klug.Lex RX300 CB944 Rear C/B,1-B-9-6,9346140017388,04 Bronze,98,0,1,1,2,0,0,0,0,0,0,0,0,3,0,0,0,0,2,1,0,0,0,1,0,0,2,0,0,0,0,1,1,1,1,1,0,1
CB-4006,Hilux Surf 2WD 99-  C/Bearing,1-B-10-6,9346140017395,07 Not Classed,15,0,,,,,,,,,,,,,,,,,,,,,,,,,,,,,,,,,,,,
CB-4007,Hilux Surf 4WD 99-  C/Bearing,1-B-11-6,9346140017401,07 Not Classed,14,0,,,,,,,,,,,,,,,,,,,,,,,,,,,,,,,,,,,,
CB-4008,Hilux 2/4WD KUN16R 3/05-15 CB,1-B-12-6,9346140017418,02 Gold,90,100,7,1,9,2,4,8,7,3,5,4,4,4,1,4,4,4,6,6,7,5,7,2,1,6,6,2,4,6,6,8,9,8,4,10,6,0
CB-4009,Merc ML320-ML500 C/Bearing,1-B-1-7,9346140017425,04 Bronze,13,0,0,1,0,1,0,1,0,0,0,0,0,1,0,0,0,0,0,0,0,1,0,0,0,0,0,0,0,0,0,0,0,0,0,0,0,1
CB-4010,CB32-BMW E21/23/24/28 C/B,1-B-2-7,9346140017432,04 Bronze,5,0,0,0,0,0,0,0,1,0,0,0,0,1,0,0,0,0,0,0,0,0,0,0,0,0,1,0,0,1,0,1,0,0,0,1,0,0
CB-4011,CB33-BMW 318i-325i 82-87 E30,1-B-3-7,9346140017449,04 Bronze,24,0,1,0,0,0,0,1,0,0,0,0,0,1,0,0,0,2,0,0,0,0,0,1,1,0,0,1,0,0,0,1,0,0,0,0,0,1
CB-4012,"CB128,CB930-Ford BA,BF1 30/214",1-B-4-7,9346140018422,02 Gold,874,0,8,10,14,-2,8,8,7,7,8,9,7,6,11,7,5,9,4,7,7,11,8,10,11,4,2,2,8,9,5,6,4,4,4,5,6,1
CB-4012B,"CB953-BA,BF/CX9/TerrSX,SY 30mm",1-B-5-7,9346140027806,01 Platinum,800,0,6,53,8,4,10,9,10,8,7,9,14,5,2,6,10,15,24,12,2,31,15,15,15,21,4,11,8,20,15,6,29,12,21,8,17,19
CB-4013,"CB129,CB935 BA,BF V8 35/214mm",1-B-6-7,9346140018439,03 Silver,200,0,2,3,4,-11,5,0,2,0,3,2,0,3,2,-2,0,2,0,1,3,1,1,1,1,1,2,3,1,3,1,3,1,1,1,1,3,1
CB-4013B,Falcon 35mm bearing only,1-B-7-7,9346140036211,03 Silver,102,0,1,0,0,0,2,0,0,2,2,0,0,0,0,6,0,0,1,0,1,0,1,1,0,0,0,6,0,0,0,0,2,1,0,2,0,0
CB-4014,"CB130,CB940-Comm VX-VZ V6 Sed",1-B-8-7,9346140018620,01 Platinum,29,0,12,14,12,17,8,10,8,6,15,4,18,19,12,16,14,19,7,6,9,7,6,7,14,14,6,13,6,13,7,8,5,5,13,8,4,10
CB-4015,"CB132,CB960-Comm VX-VZ V8 Sed",1-B-9-7,9346140018637,02 Gold,473,0,5,9,6,5,2,2,4,4,4,5,4,8,8,11,3,3,13,1,4,2,3,4,5,3,3,5,2,2,6,5,5,0,5,2,4,9
CB-4016,"CB131,CB950-ComVX-VZ V6 W/U",1-B-10-7,9346140019498,02 Gold,281,0,12,14,13,16,5,12,11,9,14,14,16,11,5,14,8,11,8,6,7,8,13,6,9,5,11,9,7,11,8,8,11,4,9,4,11,9
CB-4017,"CB133,CB970-C VX-VZ V8 WagUte",1-B-11-7,9346140019504,03 Silver,694,0,5,2,10,3,2,2,4,3,0,3,4,6,2,4,4,5,3,4,3,2,2,0,2,3,2,3,7,4,7,13,3,6,4,4,3,7
CB-4018,"CB923-Ford BF,FG2 6Cyl 30/170",1-B-12-7,9346140023426,02 Gold,275,0,14,23,25,11,1,18,2,12,3,4,12,6,5,8,16,4,13,4,7,33,9,7,7,6,1,5,7,10,4,4,4,5,5,8,8,11
CB-4019,"CB924-Ford BF,FG2 V8 35/170mm",1-B-1-8,9346140023433,04 Bronze,572,0,1,1,0,2,0,1,1,0,1,0,0,0,0,0,0,1,0,0,1,0,0,1,0,0,0,2,0,0,1,0,0,1,0,2,2,2
CB-4020,"CB980-Com VE,VF V6,V8 C/B",1-B-2-8,9346140023419,01 Platinum,28,100,3,14,13,14,9,10,13,24,23,30,42,32,9,23,13,13,12,8,12,17,20,16,13,16,16,18,23,20,29,31,20,23,24,31,42,35
CB-4021,"Liberty, Outb 96-99 C/Bearing",1-B-3-8,9346140024225,04 Bronze,13,0,0,0,0,0,0,0,0,0,0,0,0,0,0,1,0,0,0,0,0,0,0,0,0,0,0,0,0,0,0,0,1,0,0,0,0,0
CB-4022,CB16A Express WA L400 94-06 CB,1-B-4-8,9346140023389,03 Silver,90,0,2,1,3,2,2,1,2,1,1,1,0,3,1,5,4,1,4,1,1,1,2,0,0,1,2,2,1,1,0,3,-1,0,0,1,2,0
CB-4023,"CB46,CB167 Trit ML,MN 06-on CB",1-B-5-8,9346140023365,01 Platinum,210,0,14,9,18,20,8,11,12,14,11,20,11,16,17,23,12,13,13,18,7,8,11,12,12,8,15,13,11,9,10,14,14,18,15,21,17,9
CB-4024,Captiva CG All 4Cy/V6 CBearing,1-B-6-8,9346140028865,03 Silver,89,0,1,3,4,2,1,3,0,2,2,1,0,4,3,3,2,1,2,0,1,1,2,0,0,3,0,0,1,0,2,1,0,0,1,1,1,1
CB-4025,"CB955 Tritory SX,SY 04-11 C/B",1-B-7-8,9346140028872,01 Platinum,248,0,21,29,31,17,13,24,22,17,11,18,34,28,16,24,33,20,15,20,16,20,16,35,20,15,14,17,13,17,27,24,12,18,20,15,16,19
CB-4026,"Cayenne,Touareg,Q7 C/Bearing",1-B-8-8,9346140024270,03 Silver,77,0,5,1,0,1,2,3,2,2,1,2,1,0,0,2,0,0,0,1,0,4,2,0,1,3,0,2,3,2,3,0,1,2,0,3,0,0
CB-4027,"Courier, B2600 99-on 2WD C/Bng",1-B-9-8,9346140025628,04 Bronze,13,0,1,0,1,0,0,1,0,0,1,1,0,0,1,0,0,0,0,0,0,1,0,0,0,0,0,1,0,0,0,0,0,1,0,0,1,0
CB-4028,"CB926 Ran PJ/K,BT50 2.5 06-11",1-B-10-8,9346140026762,04 Bronze,27,0,0,0,0,0,2,1,0,1,0,0,0,1,0,0,1,0,0,0,0,2,0,0,0,1,0,0,1,0,0,0,0,0,0,0,0,0
CB-4029,CB941 Navara D40 2WD 09-15 C/B,1-B-11-8,9346140026779,03 Silver,121,0,1,0,0,2,1,0,1,0,1,0,0,1,0,0,0,1,3,0,0,0,1,1,0,1,2,1,0,1,0,1,0,1,0,1,1,0
CB-4030=CB-4030RK,Sprint 209CDI-518CDI C/Bearing,1-B-12-8,9346140026786,05 No Sales FY25,0,,0,0,0,0,0,0,0,0,0,0,0,0,0,0,0,0,0,0,0,0,0,0,0,0,0,0,0,0,0,0,0,0,0,0,2,0
CB-4030K,Sprint 209-518CDI Front CB Kit,1-B-7-5,9346140046890,06 First Sale in FY26,16,100,0,0,0,0,0,0,0,0,0,0,0,0,0,0,0,0,0,0,0,0,0,0,0,0,0,0,1,5,3,2,0,1,3,1,1,2
CB-4030RK,Sprint 209-518CDI Rear CB Kit,1-B-8-5,9346140048320,05 No Sales FY25,100,0,0,0,0,0,0,0,0,0,0,0,0,0,0,0,0,0,0,0,0,0,0,0,0,0,0,0,0,0,0,0,0,0,0,0,2,1
CB-4031,"Volvo S70, V70 97-00 C/bearing",1-C-1-1,9346140026793,07 Not Classed,8,0,,,,,,,,,,,,,,,,,,,,,,,,,,,,,,,,,,,,
CB-4032,"Volvo S60,V70,XC70 00-on C/B",1-C-1-1,9346140026809,04 Bronze,9,0,0,0,0,0,0,0,0,0,0,0,0,0,0,0,0,0,0,0,0,0,1,0,-1,0,0,0,0,0,0,0,0,0,0,0,0,0
CB-4033,"Vol XC701,XC90 00-on C/Bearing",1-C-2-1,9346140026816,04 Bronze,0,30,2,0,0,0,0,1,0,1,0,0,0,0,0,0,1,0,0,0,0,1,0,0,0,1,0,0,0,1,0,2,0,0,2,0,0,1
CB-4034,Merc ML350 3.5L 05-12 CBearing,1-C-2-1,9346140026823,04 Bronze,3,0,0,0,0,0,0,0,0,0,0,0,0,0,0,0,0,0,0,0,0,0,0,1,0,0,0,0,0,0,1,0,0,0,0,0,1,0
CB-4035 = CB-3976,BMW 325i E36 91-95 C/Bearing A,1-C-3-1,9346140026830,07 Not Classed,0,,,,,,,,,,,,,,,,,,,,,,,,,,,,,,,,,,,,,
CB-4036,CB990 Fal FG 30/170/25mm C/B,1-C-4-1,9346140026847,02 Gold,731,0,9,2,18,15,22,35,2,7,13,16,15,13,0,10,10,10,13,10,3,11,11,8,2,4,6,20,7,20,19,7,11,14,12,11,6,25
CB-4037,Fal FG 6Cyl/V8 35/170/25mm C/B,1-C-5-1,9346140026854,03 Silver,197,0,0,0,0,-2,4,2,3,2,0,1,2,0,1,3,4,0,1,2,-1,3,3,2,3,-1,2,7,-1,1,4,0,3,4,2,0,1,6
CB-4038,CB992 Fal FG 6/V8 30/170/11mm,1-C-6-1,9346140026861,02 Gold,640,0,2,8,7,6,9,1,4,4,11,12,0,5,4,4,5,3,6,7,4,8,9,3,5,2,4,9,5,5,9,3,2,6,1,6,4,4
CB-4039,Fal FG 6Cyl/V8 35/170/11mm C/B,1-C-7-1,9346140026878,03 Silver,60,0,1,0,3,-1,5,1,2,1,-1,7,0,2,0,7,1,1,4,3,0,4,4,2,2,1,2,8,3,2,3,1,1,2,0,3,1,2
CB-4040,"CRV RD5,RD7 00-07 C/Bearing",1-C-8-1,9346140030066,05 No Sales FY25,15,0,0,0,0,0,1,-1,0,0,0,0,0,0,0,0,0,0,0,0,0,0,0,0,0,0,0,0,0,0,0,0,0,0,0,0,0,0
CB-4041,CRV RE4 2.4L 06-12 C/Bearing,1-C-9-1,9346140030073,04 Bronze,23,0,0,0,0,0,0,0,0,0,0,0,0,0,0,0,0,0,0,0,0,0,0,1,0,0,0,0,0,0,0,0,0,0,0,0,0,0
CB-4042,"Lex IS/GS250,IS300h 05-on C/B",1-C-10-1,9346140033593,04 Bronze,11,0,0,0,0,0,0,0,0,0,0,0,0,0,0,0,0,0,0,0,0,0,0,0,0,1,0,-1,0,0,0,0,0,0,1,0,0,0
CB-4043,"Lex IS200/250/300,LS400 05- CB",1-C-11-1,9346140033609,04 Bronze,94,0,1,1,0,0,1,0,1,0,0,1,1,1,1,0,0,0,0,0,0,0,1,1,0,2,0,0,2,0,0,0,1,0,0,0,0,0
CB-4044,"Santa Fe CM,Soren XM 09-15 C/B",1-C-12-1,9346140033616,04 Bronze,22,0,0,2,2,0,0,2,1,0,0,1,0,0,0,0,1,0,0,0,2,1,0,1,0,0,1,1,0,0,0,1,0,1,0,0,0,0
CB-4045,"Santa FE CM 2.2,2.7L 06-09 C/B",1-C-1-2,9346140033623,04 Bronze,6,0,0,0,-1,0,1,0,0,0,0,0,1,1,0,0,0,0,0,0,0,0,0,0,0,0,1,0,0,0,1,0,0,0,0,0,0,0
CB-4046,Sorento BL 3.5L V6 03-08 C/B,1-C-2-2,9346140033630,04 Bronze,18,0,0,0,0,0,0,0,0,0,0,0,0,0,0,0,0,0,0,0,0,1,0,0,0,0,0,0,0,0,0,0,0,0,0,0,0,0
CB-4047,"Tucson JM,Sportag KM 04-10 C/B",1-C-3-2,9346140033647,04 Bronze,30,0,0,0,0,0,1,0,0,0,0,0,0,-1,0,0,1,0,0,0,0,0,1,-1,1,0,0,1,0,0,0,1,0,0,0,0,0,0
CB-4048,Range Rover L322 V8 05-13 C/B,1-C-4-2,9346140033654,03 Silver,70,0,1,2,0,0,2,0,1,1,1,0,0,0,2,0,3,1,0,1,0,3,0,0,0,0,1,0,0,2,1,0,0,0,0,0,1,0
CB-4049,Discovery S3/S4 05-15 C/B,1-C-5-2,9346140033661,03 Silver,73,0,2,3,3,1,0,2,0,1,3,1,0,3,1,2,0,1,2,2,0,0,-1,1,1,0,1,0,0,2,0,0,1,0,1,1,1,1
CB-4050,Freelander All S1 97-07 C/B,1-C-6-2,9346140033678,04 Bronze,13,0,0,0,0,0,0,0,0,0,0,0,0,0,0,0,0,2,0,0,0,0,0,0,0,0,0,0,0,0,0,0,0,0,0,0,0,0
CB-4051,"Lexus NX200t, Rav4 13-on C/B",1-C-7-2,9346140033685,04 Bronze,112,0,0,0,0,2,0,0,1,1,0,2,1,1,0,0,0,0,0,2,2,1,0,0,0,0,0,0,0,0,0,2,0,2,0,0,2,0
CB-4052,Lancer Evo 7-9 01-07 C/B Rear,1-C-8-2,9346140033845,05 No Sales FY25,25,0,0,1,1,0,0,0,0,0,0,0,0,0,0,0,0,0,0,0,0,0,0,0,0,0,0,0,0,0,0,0,0,0,0,0,0,0
CB-4053,"CB919 Cour,B2600 99-06 4WD C/B",1-C-9-2,9346140033852,04 Bronze,26,0,0,0,0,0,0,0,0,0,0,0,1,2,0,-1,1,0,0,0,0,0,0,0,0,0,0,0,0,0,0,0,0,0,1,0,1,0
CB-4054,Transit VM 2.4TD 06-12 C/B,1-C-10-2,9346140033869,03 Silver,76,0,0,0,0,0,0,0,0,0,0,0,0,0,0,0,0,0,0,3,-2,3,1,0,0,3,0,0,3,2,1,2,3,2,0,1,0,0
CB-4055,"CB994 iLoad TQ 2.4,2.5L 08-on",1-C-11-2,9346140033876,03 Silver,41,0,2,1,0,2,-1,10,-1,4,1,2,0,0,1,1,1,0,1,1,0,1,0,2,0,0,1,0,0,1,1,1,0,1,2,1,0,0
CB-4056,"CX7 2.2,2.3L 06-12 Front C/B",1-C-12-2,9346140033883,03 Silver,97,0,0,0,0,0,1,0,0,3,0,2,0,0,1,2,1,1,0,0,0,2,0,1,0,1,1,0,0,1,-1,0,0,0,1,0,0,0
CB-4057,"CX7 2.2,2.3L 06-12 Rear C/B",1-C-1-3,9346140036167,03 Silver,11,0,0,0,0,0,0,1,0,2,1,1,0,0,1,1,1,1,0,0,0,2,0,1,0,0,1,0,0,1,-1,0,0,0,1,0,0,0
CB-4058,"Outl ZE,ZF 2.4L 02-06 Front CB",1-C-1-3,9346140036174,04 Bronze,21,0,0,1,1,1,0,0,0,0,0,0,0,0,0,0,0,0,0,0,1,0,2,0,0,0,0,0,0,1,0,-1,0,0,0,0,0,0
CB-4059,"Outl ZE,ZF 2.4L 02-06 Rear CB",1-C-2-3,9346140036181,04 Bronze,15,0,0,0,0,1,1,0,0,0,0,0,1,0,0,0,0,0,0,0,1,1,1,1,0,0,0,0,0,1,0,0,0,0,0,0,0,0
CB-4060,"Hil GGN125,GUN125 15-on 32mmID",1-C-3-3,9346140036198,03 Silver,102,0,1,1,2,2,3,4,0,0,3,12,2,0,2,1,2,1,2,11,2,1,5,12,1,0,1,3,1,0,7,9,0,1,1,2,4,0
CB-4060B,Hilux TGN121 2.7L 15-on 30mmID,1-C-4-3,9346140042021,04 Bronze,44,0,0,0,0,0,0,0,1,0,0,0,1,0,0,0,0,0,0,0,0,1,2,-1,0,0,1,0,0,0,0,0,0,0,0,0,0,0
CB-4061,Lancer CJ Evo X 07-16 Rear C/B,1-C-5-3,9346140036204,05 No Sales FY25,16,0,0,0,0,0,0,0,0,0,0,0,0,0,0,0,0,0,0,0,0,0,0,0,0,0,0,1,0,0,0,0,0,0,1,0,0,0
CB-4062,"iX35 LM,Soren XM,Sport SL C/B",1-C-6-3,9346140037263,03 Silver,28,0,-1,0,0,0,0,1,2,0,2,0,1,2,-1,0,1,0,0,1,1,1,2,0,0,4,0,0,0,0,0,0,0,1,2,0,0,0
CB-4063,"Fores SF,SG 2.0,2.5L 97-05 C/B",1-C-7-3,9346140037270,03 Silver,19,0,-1,1,1,1,1,0,0,0,0,1,0,2,1,0,0,0,1,1,0,0,1,0,1,2,2,0,2,0,0,0,0,0,1,0,1,0
CB-4064,Rang.Rover Sport L322 02-13 CB,1-C-8-3,9346140037287,04 Bronze,14,0,0,0,0,0,0,0,0,0,1,0,1,0,0,0,0,0,1,0,0,0,0,0,0,0,0,1,0,-1,0,0,1,0,0,0,0,0
CB-4065,Lancer CJ Evo X 07-16 Front CB,1-C-9-3,9346140037294,05 No Sales FY25,19,0,0,0,0,0,0,0,0,0,0,0,0,0,0,0,0,0,0,0,0,0,0,0,0,0,0,0,0,0,0,0,0,0,0,0,0,0
CB-4066,"BT50 UP,Rang PX 11-on C/B",1-C-10-3,9346140037300,02 Gold,6,0,1,3,7,5,3,1,4,3,5,5,6,3,4,2,3,2,5,3,2,5,7,4,7,3,5,4,4,4,8,4,3,11,3,5,3,5
CB-4067,Lexus LS400 UCF10 4.0L C/B,1-C-1-4,9346140038642,04 Bronze,19,0,0,0,0,0,0,0,0,0,0,0,0,1,0,1,0,0,0,1,0,0,1,0,0,0,0,0,0,0,0,0,0,0,0,0,0,0
CB-4068,"300C,Compass,Patriot 07-17 C/B",1-C-2-4,9346140038857,04 Bronze,25,0,0,0,0,0,0,0,0,0,1,1,0,0,0,0,0,1,0,0,0,0,0,0,0,0,0,0,1,0,0,-1,0,0,0,0,0,0
CB-4069,"Terios J100,102 97-05 CBearing",1-C-3-4,9346140038864,04 Bronze,5,0,1,0,1,0,0,0,0,0,0,1,1,0,0,0,1,0,0,0,1,0,0,0,1,0,0,1,0,0,1,1,0,0,0,0,0,0
CB-4073,"DMax TFR,TFS87 2.0TD 21-on CB",1-C-8-4,9346140043905,05 No Sales FY25,13,0,0,0,0,0,0,0,0,0,0,0,0,0,0,0,0,0,0,0,0,0,0,0,0,0,0,0,0,0,0,0,0,0,0,0,1,1
CB-4074,CB1001 D-Max TFR85 3.0TD RWD,1-C-9-4,9346140043912,06 First Sale in FY26,27,0,0,0,0,0,0,0,0,0,0,0,0,0,0,0,0,0,0,0,0,0,0,0,0,0,0,2,0,0,1,0,2,0,0,1,2,0
CB-4078,"Q3 8U 12-19,Tiguan 5N 7-16 C/B",CB-4078,9346140044735,07 Not Classed,50,0,,,,,,,,,,,,,,,,,,,,,,,,,,,,,,,,,,,,
CB-4079,"BMW X3, X4, X5, X6 06-19 C/B",1-C-3-5,9346140043967,06 First Sale in FY26,14,0,0,0,0,0,0,0,0,0,0,0,0,0,0,0,0,0,0,0,0,0,0,0,0,0,0,0,0,0,0,0,0,3,0,1,0,0
CB-4080,"Amarok 2H 2.0,3.0L 10-22 C/B",1-C-4-5,9346140043974,06 First Sale in FY26,26,0,0,0,0,0,0,0,0,0,0,0,0,0,0,0,0,0,0,0,0,0,0,0,0,0,0,0,0,0,0,0,2,0,1,2,-1,0
CB-4081,"Triton MQ,MR 4x4 2.4L 15-20 CB",1-C-6-5,9346140047118,06 First Sale in FY26,44,0,0,0,0,0,0,0,0,0,0,0,0,0,0,0,0,0,0,0,0,0,0,0,0,0,0,0,0,0,0,1,0,0,2,2,0,0
CLM-093,CV Boot metal clamps-L&S Min10,31B-1-5-F,0,07 Not Classed,584,0,10,10,10,0,10,20,20,10,30,30,10,30,10,3,76,-10,30,40,0,20,30,0,10,40,30,30,20,10,10,20,10,10,30,20,30,10
CRB-9001H,VT-VZ Frt RadiusRod hydro bush,12-A-1-5,9346140017487,01 Platinum,455,0,47,23,62,46,35,74,33,18,55,59,55,79,28,41,66,35,33,25,51,58,50,50,41,38,48,53,56,44,67,33,31,44,47,26,47,29
CRB-9002K,VT-VZ Frt Radius Rod Poly BKit,12-A-2-5,9346140023235,05 No Sales FY25,0,,0,0,0,0,0,0,0,0,0,0,0,0,0,0,0,0,0,0,0,0,0,0,0,0,0,0,0,0,0,0,0,0,0,0,0,0
CVG-90,Molybdenum Grease 90g,31-B-1-14,0,07 Not Classed,90,0,0,0,0,0,0,0,0,10,0,10,0,0,20,0,10,0,0,10,10,0,10,0,0,0,0,0,0,0,0,10,0,0,0,0,0,0
Em-0101,Laser KA/323 Front mount,37A-1-1,9346140001196,05 No Sales FY25,0,,0,0,0,0,0,0,0,0,0,0,0,0,0,0,0,0,0,0,0,0,0,0,0,0,0,0,0,0,0,0,0,0,0,0,0,0
Em-0102,Laser KA/323 Rear mount,37A-1-1,9346140001202,04 Bronze,36,0,0,0,0,0,0,0,0,0,0,0,0,0,0,0,0,0,0,0,0,0,0,1,0,0,0,0,0,0,0,0,1,0,0,2,1,0
Em-0103,"Laser KA,KB/323 LH mount",37A-1-1,9346140001219,04 Bronze,7,0,0,0,1,-1,0,0,0,0,0,0,0,2,0,0,0,0,0,0,0,0,0,1,0,0,0,0,1,1,-1,0,1,0,0,3,0,0
Em-0104,"Laser KA,KB/323 RH mount",37A-1-1,9346140001226,04 Bronze,2,0,0,0,1,0,0,0,0,0,0,0,0,2,0,2,0,0,0,0,0,0,2,1,0,0,0,0,0,1,0,0,1,0,0,2,1,0
Em-0105,Focus LS-LT 2.0L Rear Steady,3-A-3-1,9346140041000,04 Bronze,46,0,2,-1,-1,0,1,1,1,0,0,0,0,1,1,0,0,0,0,1,0,0,2,2,2,1,0,1,-1,1,1,2,0,3,2,1,0,2
Em-0106,Civic FK2 1.8L -06-12 RH Upper,3-A-3-2,9346140041130,04 Bronze,21,20,1,0,2,-1,1,1,1,1,0,0,0,4,1,1,1,1,1,0,0,0,0,0,0,0,1,0,0,0,0,0,0,0,0,1,3,1
Em-0107,"BMW X1,Cooper F55-57 SBar Rear",3-A-4-2,9346140041352,03 Silver,94,0,2,3,2,2,4,0,4,3,5,7,-1,7,4,4,6,6,2,6,1,8,8,4,1,3,6,7,10,4,5,5,5,8,4,10,9,14
Em-0108,Civic Hybrid 1.5 12-on Rear SB,3-A-5-1,9346140042564,04 Bronze,34,0,0,0,1,0,0,5,0,0,0,1,1,0,0,3,2,0,2,2,0,0,0,2,1,0,1,0,1,0,2,0,1,3,0,1,1,1
Em-0136,Laser KB/323 Front mount,37B-1-3,9346140001233,04 Bronze,21,0,0,0,1,1,0,0,0,0,0,1,0,1,0,0,0,1,0,0,0,0,0,0,0,0,0,0,0,1,0,0,0,1,0,0,0,0
Em-0137,Laser KB/323 Rear mount,37B-1-3,9346140001240,05 No Sales FY25,24,0,0,0,1,0,0,0,0,0,0,0,0,1,0,0,0,0,0,0,0,0,0,0,0,0,0,0,0,0,0,0,0,0,0,0,0,0
Em-0143,"Laser KC,KE/323 Front mount",3-A-2-4,9346140001257,04 Bronze,41,0,1,0,4,3,2,1,1,0,2,0,0,0,2,0,0,2,2,0,1,0,2,0,0,0,1,2,2,1,1,0,0,0,1,0,0,0
Em-0148,"Laser KC,KE/323 Rear mount",3-A-2-2,9346140001264,04 Bronze,8,0,0,-1,4,3,0,0,1,0,0,2,0,1,1,0,1,2,1,0,0,1,2,0,0,0,-1,3,1,0,0,0,0,2,2,0,1,3
Em-0151,"Telstar AR,AS/626 Front mount",3-B-2-5,9346140001271,04 Bronze,26,0,0,0,0,1,0,0,0,0,0,0,0,0,0,0,0,0,0,0,0,0,0,0,1,0,0,1,0,0,1,0,0,0,0,0,0,0
Em-0152,"Telstar AR,AS/626 Rear mount",37B-2-2,9346140001288,06 First Sale in FY26,15,0,0,0,0,0,0,0,0,0,0,0,0,0,0,0,0,0,0,0,0,0,0,0,0,0,0,1,0,0,1,0,0,0,0,0,0,0
Em-0164,"Telstar AR,AS/626 RH e/b stop",37B-2-2,9346140001295,07 Not Classed,7,0,,,,,,,,,,,,,,,,,,,,,,,,,,,,,,,,,,,,
Em-0167,"Telstar AR,AS/626 Rear mount",37B-1-2,9346140001301,05 No Sales FY25,5,0,0,0,0,1,0,0,0,0,0,0,0,0,0,0,0,0,0,0,0,0,0,0,0,0,0,0,0,0,0,0,0,0,0,0,0,0
Em-0178,"Ford NA,NC/EA,EF Rear mount",3-A-3-5,9346140001332,04 Bronze,42,100,3,4,3,1,5,3,4,13,0,1,5,1,1,5,5,4,5,2,3,2,2,1,1,9,4,4,5,4,11,11,4,5,3,1,6,7
Em-0198,Mazda E1800-2200/929 Front L/R,3-A-5-4,9346140001356,03 Silver,140,0,19,13,7,10,5,10,7,13,5,3,8,11,10,9,7,4,5,4,3,2,4,4,8,5,9,5,6,1,5,0,2,6,2,5,11,8
Em-0224,Nissan Sunny B310 Rear mount,37B-1-2,9346140001363,04 Bronze,3,0,0,0,0,0,0,0,0,0,0,0,0,0,0,0,0,0,1,0,0,0,0,0,0,0,0,0,0,0,0,0,0,0,0,0,1,0
Em-0291,"Pulsar N12/Astra LB,LC Rear mt",3-A-5-3,9346140001370,04 Bronze,10,0,0,0,0,0,0,0,0,0,0,0,0,1,0,0,1,0,1,0,0,0,0,0,0,0,0,1,2,0,0,0,1,1,0,0,0,0
Em-0292,"Pulsar N12/Astra LB,LC Rear sb",37B-1-2,9346140001387,04 Bronze,1,0,0,0,0,0,0,0,0,0,0,0,0,0,0,1,0,0,0,0,0,0,0,0,0,0,0,1,2,0,0,0,0,1,0,0,0,0
Em-0293,"Pulsar N12/Astra LB,LC Front B",37B-1-2,9346140001394,04 Bronze,4,0,0,0,0,0,0,0,0,0,0,0,1,0,0,1,0,0,0,0,0,0,0,0,0,0,0,1,2,0,0,0,0,1,0,0,0,0
Em-0294,"Pulsar N12/Astra LB,LC RH mnt",3-B-2-2,9346140001400,04 Bronze,10,0,0,0,0,0,0,0,1,0,0,0,0,2,0,0,1,0,1,1,1,0,0,0,0,0,0,1,2,0,0,0,1,0,0,0,0,0
Em-0295,Volvo XC90 3.2L 07-15 RH mount,3-B-1-4,9346140041321,04 Bronze,34,0,1,0,0,0,0,1,1,0,0,0,0,2,1,2,0,1,0,1,0,0,1,1,0,0,2,1,1,0,1,0,1,0,0,0,0,0
Em-0323,"Pulsar N12/Astra LB,LC LH mnt",3-B-1-TOP,9346140001417,04 Bronze,14,0,0,0,0,0,0,0,1,0,0,0,0,0,0,0,0,0,1,1,0,0,0,0,0,0,0,1,0,0,0,0,1,1,1,0,0,0
Em-0392,"200B, L20 Rear mount",3-B-1-1,9346140001448,04 Bronze,0,,0,0,0,0,0,0,0,1,0,0,0,2,0,0,3,0,0,1,0,2,0,0,0,0,0,0,0,0,0,0,0,0,0,0,0,0
Em-0393,"S60,S90,XC60,XC90 2.0 LH L/Rod",37B-2-3,9346140041369,04 Bronze,23,0,0,0,1,0,0,0,0,0,0,0,0,0,0,1,0,0,0,0,0,0,0,0,0,0,1,0,0,0,1,0,0,1,0,0,0,0
Em-0394,Cooper R55-R59 07-on LH Rear,3-B-3-2,9346140041345,04 Bronze,20,0,0,1,0,0,1,0,0,0,0,1,0,1,1,2,1,1,0,0,0,1,2,1,0,0,0,0,2,3,1,1,1,0,1,3,1,1
Em-0481,Civic 634 Front mount,37B-1-2,9346140001462,04 Bronze,8,0,0,0,1,0,0,0,0,0,0,0,0,0,0,0,0,0,0,0,0,1,0,0,0,0,0,0,0,0,0,0,0,0,0,0,0,0
Em-0510,"Nissan 720,L18 Front RH mount",3-B-2-2,9346140001493,04 Bronze,0,,0,0,0,0,0,0,0,0,0,0,0,2,0,0,0,0,6,0,-2,0,2,-2,5,2,6,0,0,0,1,0,0,0,0,0,0,0
Em-0511,"Nissan 720,L18 Front LH mount",37B-1-2,9346140001509,04 Bronze,1,0,0,-1,0,0,0,0,0,0,0,0,0,0,0,0,0,0,0,0,0,0,0,0,1,0,0,0,0,0,1,0,0,0,0,0,0,0
Em-0513,Kizashi 2.4L 10-16 Front mount,3-B-3-1,9346140041468,04 Bronze,27,0,0,0,0,1,1,0,1,0,-1,1,1,-1,0,0,2,0,0,0,0,0,0,2,0,1,3,-1,0,1,1,0,0,2,0,0,2,0
Em-0601,Ford EF-EL 4.0L Front L/R mnt,3-A-5-5,9346140001554,04 Bronze,10,0,8,2,1,0,4,3,0,2,2,3,0,0,0,0,0,0,2,0,2,0,0,0,2,0,0,8,0,2,0,3,0,1,0,0,0,2
Em-0602,"Falcon AU II,III Front L&R mt",3-B-1-5,9346140001578,03 Silver,24,0,2,3,4,8,9,0,1,2,2,1,8,1,3,2,4,13,2,2,0,5,3,6,7,10,4,16,6,0,5,5,2,2,0,0,2,17
Em-0715,Sierra SJ413 - ute Rear mount,3-B-7-2,9346140001592,04 Bronze,26,0,1,1,3,0,2,1,1,0,3,6,0,0,3,4,0,0,2,2,0,0,1,1,0,2,0,0,2,2,1,0,0,2,3,2,3,1
Em-0716,"Sierra SJ410,SJ413 Rear mount",3-B-7-2,9346140001608,04 Bronze,10,0,3,0,0,0,1,0,0,0,0,0,0,0,-1,1,2,1,0,2,0,0,0,0,0,0,0,4,2,3,0,-1,1,0,4,1,1,0
Em-0717,Juke 1.6L MR16DDT Rear 2WD,3-B-8-2,9346140039212,04 Bronze,9,20,0,0,0,0,0,0,1,0,1,-1,1,0,1,0,0,0,0,0,0,0,0,1,0,0,0,0,0,0,0,1,1,0,1,0,0,1
Em-0727,Mazda 323 RWD Front mount,3-B-9-2,9346140001615,04 Bronze,126,0,2,-1,3,0,3,6,0,6,2,1,1,3,0,5,9,5,6,2,0,2,5,0,4,1,2,1,5,0,7,1,0,7,4,0,8,1
Em-0801,Kodiaq 132TSI 2.0L17-on LH DCT,3-B-10-1,9346140044117,04 Bronze,20,0,0,0,0,0,0,0,0,0,0,0,0,0,0,0,0,0,0,0,0,0,1,0,0,0,1,1,0,0,1,0,0,1,0,1,1,3
Em-0808,"Landcruiser FJ40,45,60 Front",3-B-7-1,9346140001622,04 Bronze,25,0,2,0,0,0,0,0,0,0,0,0,0,0,0,0,0,0,0,0,0,0,0,0,0,0,0,0,0,0,0,2,0,0,0,0,0,2
Em-0821,"Landcrui FJ40,HJ47 Front L/R",3-B-8-1,9346140001639,04 Bronze,19,0,4,0,0,1,0,0,0,0,2,0,0,0,0,0,0,2,-1,0,0,0,0,0,2,0,4,4,2,1,0,0,0,0,0,2,2,0
Em-0822,Landcruiser HJ60 Rear mount,3-B-7-5,9346140001646,04 Bronze,3,41,0,0,0,0,0,0,0,0,1,0,0,0,0,0,0,2,1,0,0,0,0,0,2,-1,1,2,3,0,1,2,2,0,0,0,1,0
Em-0823,"Merc A,B,CLA,GLA 12-on RH Up",3-B-8-5,9346140039236,02 Gold,249,0,3,7,13,16,5,5,2,6,6,6,10,10,8,17,20,14,22,16,6,9,19,10,9,12,11,13,15,32,24,19,11,17,16,21,15,17
Em-0856,"Merc Sprinter,Vito 04-on Rear",3-B-2-4,9346140033364,04 Bronze,14,50,1,5,4,0,2,4,1,1,1,1,4,3,5,4,5,2,1,0,1,4,2,5,4,3,3,6,3,1,4,3,4,6,1,2,2,6
Em-0858,"Accord,Civic 81-83 LH mount",37B-2-3,9346140001684,05 No Sales FY25,10,0,0,0,0,0,0,0,0,0,0,0,0,0,0,0,0,0,0,0,0,0,0,0,0,0,0,0,0,0,0,0,0,0,0,0,1,0
Em-0858 WB,"Accord, Civic LH mnt w/brac",37B-2-3,9346140001691,05 No Sales FY25,16,0,0,0,0,0,0,0,0,0,0,0,0,0,0,0,0,0,0,0,0,0,0,0,0,0,0,0,0,0,0,0,0,0,0,0,0,0
Em-0861,i45 YF 2.4L 10-12 LH Manual,3-B-2-3,9346140039151,05 No Sales FY25,9,0,0,0,0,0,0,0,1,0,0,0,0,0,0,0,0,0,0,0,0,0,0,0,0,0,0,0,0,0,0,0,0,0,0,0,0,0
Em-0862S=EM-6030S,A6 C7 3.0TD 11-19 Front Sensor,3-B-3-3,9346140041314,07 Not Classed,0,,,,,,,,,,,,,,,,,,,,,,,,,,,,,,,,,,,,,
Em-0889,Charade G11 E/steady bar,3-B-4-6,9346140001752,05 No Sales FY25,1,0,0,0,0,0,0,0,0,0,0,0,0,0,0,0,0,0,0,0,0,0,0,0,0,0,0,0,0,0,0,0,0,0,0,0,1,0
Em-0890,Charade G11 E/steady bar,3-B-4-6,9346140001769,07 Not Classed,4,0,,,,,,,,,,,,,,,,,,,,,,,,,,,,,,,,,,,,
Em-0949,Transit VM 2.2TD 06-14 Rear M,3-B-4-3,9346140040737,04 Bronze,12,10,3,-2,1,1,1,1,0,1,1,0,1,1,2,-2,2,0,0,0,1,0,0,0,0,0,1,0,0,0,1,1,0,1,0,1,2,0
Em-0950,Nis Juke F15 1.6T 13- RH SBar,3-B-5-3,9346140031773,04 Bronze,59,50,6,7,4,2,6,4,1,1,0,2,1,3,5,0,7,4,5,0,3,3,3,7,5,4,8,8,5,2,9,4,4,3,4,8,2,3
Em-0951,"Galant,Lancer,Colt F/E/steady",3-B-3-4,9346140001783,04 Bronze,18,0,0,0,0,0,0,0,0,0,0,0,0,0,0,0,0,1,0,0,0,0,0,0,0,0,0,0,0,0,0,0,0,1,0,0,0,0
Em-0952,"Civic 12V,SB2 LH mount",3-B-3-4,9346140001790,05 No Sales FY25,1,0,1,0,0,0,0,0,0,0,0,0,0,0,0,0,0,0,0,0,0,0,0,0,0,0,0,0,0,0,0,0,0,1,0,0,0,0
Em-1115,Commodore VB-VL Rear mount,3-B-7-3,9346140001820,02 Gold,66,300,1,2,10,3,4,1,13,7,2,8,1,29,9,72,22,0,0,0,0,1,0,3,6,18,2,6,2,3,3,1,0,3,3,4,4,10
Em-1128,"Holden HK,HT,HG V8 68-71 F L/R",3-B-6-4,9346140016411,04 Bronze,92,0,0,2,4,1,0,4,0,0,0,2,-2,2,2,4,5,4,0,1,0,2,0,2,6,2,2,4,0,4,6,0,0,0,0,2,0,6
Em-1140,"Fairlane,Falcon Front mount",3-B-3-5,9346140001837,04 Bronze,288,0,2,5,10,4,6,5,7,9,8,0,7,0,2,8,3,4,0,0,0,1,6,1,2,8,0,3,0,8,2,2,11,2,1,3,7,8
Em-1141,"Fairlane,Falcon Rear mount",3-B-4-5,9346140001844,03 Silver,96,0,5,1,10,1,4,19,6,6,5,7,9,4,4,3,3,5,6,3,4,6,3,2,6,7,4,4,0,6,3,10,2,4,6,3,3,13
Em-1156,Holden VB-VK Front mount,3-B-8-3,9346140001868,03 Silver,86,300,2,2,18,1,2,4,2,14,4,3,9,7,1,10,8,16,2,8,5,4,0,4,8,7,0,5,0,6,2,9,8,1,6,7,2,11
Em-1157,Holden V8 Front mount,3-B-5-5,9346140001875,03 Silver,174,0,4,5,17,9,6,13,11,6,6,12,7,9,4,10,4,19,5,6,0,6,11,21,14,8,1,5,9,12,2,7,10,8,6,22,13,18
Em-1158,Holden V8 65-81 Rear mount,3-B-5-4,9346140001882,04 Bronze,129,0,2,6,6,9,3,14,5,8,7,3,4,4,6,4,10,5,5,5,2,1,5,1,2,2,3,1,1,9,3,5,2,6,5,6,2,9
Em-1159,"Mini R60, R61 11-17 Rear S/Bar",3-B-4-4,9346140040713,04 Bronze,15,0,1,0,1,0,1,0,0,1,0,0,0,1,0,0,1,0,0,1,0,0,0,0,0,0,0,0,0,1,0,0,0,0,2,0,-1,1
Em-1161,Cressida E/steady bar,37A-2-1,9346140001899,05 No Sales FY25,3,0,0,0,0,0,0,0,0,0,0,2,0,0,0,0,0,0,0,0,0,0,0,0,0,0,0,0,0,0,0,0,0,0,0,0,0,0
Em-1162,Cressida E/steady bar,37A-2-1,9346140001905,07 Not Classed,5,0,,,,,,,,,,,,,,,,,,,,,,,,,,,,,,,,,,,,
Em-1421,"Sky R33 GTS 2.5,R32 GTR F L/R",3-B-8-4,9346140038284,04 Bronze,22,0,0,1,2,2,2,0,0,0,1,0,4,1,0,3,0,0,2,4,0,1,1,2,0,2,2,2,1,0,0,3,2,0,0,0,0,0
Em-1422,Nissan R32 Skyline Front mnt,3-B-9-3,9346140028919,04 Bronze,18,0,-4,-1,2,1,3,2,-3,2,1,2,-2,0,0,0,2,4,0,4,0,0,0,0,0,2,0,0,0,0,0,0,0,2,1,2,0,0
Em-1423,"Holden VL,Skyline R30 Front",3-B-9-4,9346140001912,04 Bronze,47,0,0,0,0,0,4,0,-2,8,4,10,2,2,2,0,0,0,0,0,0,0,0,0,4,4,0,0,2,4,0,0,0,0,0,0,0,0
Em-1426H,"A3,Golf R32,Passat RH Hydro mt",3-B-10-3,9346140041437,04 Bronze,13,0,0,0,0,0,0,0,0,0,0,0,0,1,0,1,0,0,0,0,0,0,0,0,-1,0,0,2,0,1,2,1,-1,0,0,1,0,0
Em-1427,"BMW 520d,520i,528i Rear At mnt",3-B-10-4,9346140041444,04 Bronze,87,0,0,0,0,0,1,1,2,0,0,0,1,1,0,1,0,0,0,0,0,0,2,1,-2,3,0,1,1,0,0,0,0,1,2,0,1,1
Em-1447,Comm. VG-VS V6  Rear mount,3-B-7-4,9346140001943,04 Bronze,96,0,1,2,2,0,2,2,3,2,2,3,7,1,1,0,0,0,1,2,5,8,1,1,0,1,2,2,0,4,1,0,1,1,-1,4,3,2
Em-1447A,Comm. VG-VT V8 Rear mount - At,3-B-6-3,9346140001950,04 Bronze,268,0,2,3,2,5,4,5,1,6,3,1,3,5,3,2,4,1,4,2,1,2,4,1,0,3,3,2,0,0,5,3,0,2,5,2,1,3
Em-1448,"Fairlane,Falcon,LTD Front R/L",3-B-6-5,9346140001967,03 Silver,159,0,2,8,9,2,8,1,0,3,3,1,2,0,0,4,1,6,2,4,3,5,10,8,2,2,5,2,0,4,1,5,3,0,0,0,2,2
Em-2001,"Camira JB,JD,JE Front RH mount",3-B-9-1,9346140001974,04 Bronze,0,,0,0,0,0,0,0,0,0,0,0,0,0,2,0,0,0,1,0,0,1,0,0,0,1,0,0,0,0,1,1,0,0,0,0,2,0
Em-2002,"Camira JB,JD,JE Front LH mount",3-B-9-1,9346140001981,04 Bronze,0,,0,0,0,0,0,0,0,0,0,0,2,0,0,2,0,0,2,0,0,0,0,0,0,1,0,0,0,0,1,1,1,0,0,0,1,0
Em-2005,"Comm. V6 VR-VX, V8 95-on Rear",3-B-9-5,9346140001998,03 Silver,129,0,7,9,13,5,5,2,2,4,2,3,3,1,3,9,5,3,1,6,3,13,6,4,7,3,2,5,7,8,4,5,4,6,6,7,6,4
Em-2006H,Comm. VN-VT V6 Frnt Hydro L/R,9-A-1-2,9346140002001,01 Platinum,304,0,64,46,58,49,41,41,18,19,23,60,35,35,33,46,34,38,28,33,31,36,46,45,19,32,30,50,40,31,31,22,14,20,17,23,19,15
Em-2007,"Coaster BB50,HZB50 4.2 Rear M",37A-2-1,9346140039243,07 Not Classed,13,0,,,,,,,,,,,,,,,,,,,,,,,,,,,,,,,,,,,,
Em-2008,"Land HDJ/VDJ78,79 4.5L Rear M",3-B-5-1,9346140040560,04 Bronze,10,0,3,3,3,0,2,2,2,1,1,0,1,2,1,2,2,0,0,0,1,1,0,1,1,2,2,0,0,1,0,3,2,2,3,4,1,5
Em-2009,Landcruiser FJ45 Front mount,37B-1-4,9346140002018,07 Not Classed,18,0,,,,,,,,,,,,,,,,,,,,,,,,,,,,,,,,,,,,
Em-2010H,"Cit DS3,Peug 207,208,2008 RH H",3-B-6-1,9346140039519,04 Bronze,21,20,0,1,0,2,1,1,2,0,1,0,1,0,1,3,2,1,2,1,3,1,1,1,1,4,1,0,1,2,4,0,3,0,1,0,4,2
Em-2011,"Merc A,B,CLA,GLA 12-on Rear Lo",3-B-6-2,9346140041451,04 Bronze,71,50,0,0,1,4,0,-2,2,1,-1,0,3,1,2,1,6,-1,2,4,1,1,0,2,1,3,4,0,5,2,5,1,5,1,1,3,2,6
Em-2016,Maz3 BK 1.6L 03-08 RH mnt,3-B-10-1,9346140029800,07 Not Classed,3,0,,,,,,,,,,,,,,,,,,,,,,,,,,,,,,,,,,,,
Em-2030,"Pulsar N13,Astra LD LH m  All",3-C-1-1,9346140002032,04 Bronze,28,0,0,0,0,1,1,0,0,0,2,0,1,0,0,0,1,1,1,1,0,0,0,0,1,2,1,0,0,0,1,0,0,1,1,2,-1,0
Em-2067L,"Lan CJ,Outl ZG-ZH Rear LH Diff",3-C-2-2,9346140039137,04 Bronze,18,30,1,0,1,0,0,1,2,1,0,3,0,0,1,0,2,0,0,0,0,2,2,0,1,0,1,1,0,3,1,2,0,2,2,2,0,-1
Em-2067R,"Lan CJ,Outl ZG-ZH Rear RH Diff",3-C-3-2,9346140039144,04 Bronze,21,30,1,0,1,0,0,2,2,1,0,3,0,0,0,0,2,0,0,0,0,2,2,0,1,0,1,0,0,3,1,2,0,2,2,2,0,-1
Em-2149,Telstar AR-AS/626 RH E/B stop,3-C-1-4,9346140002056,04 Bronze,5,0,1,0,0,0,0,0,0,0,0,0,0,0,0,0,0,0,0,0,0,0,1,0,0,0,0,0,0,0,0,0,0,0,0,0,0,0
Em-2169,Telstar AR-AS/626 RH mount,3-C-1-4,9346140002063,05 No Sales FY25,2,0,0,0,0,0,0,0,0,0,0,0,0,0,0,0,0,0,0,0,0,0,0,0,0,0,0,0,0,0,0,0,0,0,0,0,0,0
Em-2170H,"118i,218i,X2,Cooper F54-57 RH",3-C-2-5,9346140040911,02 Gold,169,0,8,6,6,6,12,11,15,10,20,14,14,21,21,29,13,13,9,13,22,31,27,23,15,19,21,26,16,19,11,8,15,19,15,21,23,38
Em-2180,Telstar AR-AS/626 RH mount,3-C-3-3,9346140002070,05 No Sales FY25,30,0,0,0,0,0,0,0,0,0,0,0,0,0,0,0,0,0,0,0,0,0,0,0,0,0,0,0,0,0,1,0,0,0,0,0,0,0
Em-2184,Mazda E1800-E2200 Rear mount,3-C-1-3,9346140002087,04 Bronze,28,0,5,1,-1,1,0,1,0,0,0,0,1,1,0,0,0,0,0,2,0,1,0,0,0,0,0,0,2,0,0,0,1,0,0,1,1,0
Em-21840,"Excel,SCoupe,Galant Front mnt",3-C-2-4,9346140002094,04 Bronze,60,0,1,1,0,0,0,0,1,0,0,0,0,0,0,0,0,0,1,0,0,0,0,0,0,0,0,0,1,-1,0,0,0,1,0,1,0,0
Em-2185,Lexus UZZ40 4.3L 3UZFE Rear A,3-C-2-3,9346140038499,05 No Sales FY25,6,0,0,0,0,0,1,0,0,0,0,0,0,0,0,0,0,0,0,0,0,0,0,0,0,0,0,0,0,0,0,0,0,0,0,0,0,0
Em-21850G,Excel Rear mount,3-C-1-5,9346140002124,04 Bronze,23,0,0,0,0,0,0,0,0,0,0,0,0,0,0,0,0,0,0,1,0,0,0,0,0,0,0,0,0,0,0,0,0,1,0,1,0,0
Em-2208,"Pulsar N13,Astra LD RH mount",3-C-2-1,9346140002131,04 Bronze,174,0,1,1,0,0,1,0,0,1,1,2,1,1,0,1,3,0,0,0,0,0,1,0,0,2,0,0,0,1,1,0,0,2,1,2,2,0
Em-2209,"Pulsar N13,Astra LD Frnt s/bar",3-C-3-4,9346140002148,04 Bronze,3,0,2,1,0,0,-1,-1,1,2,0,0,0,0,0,0,0,1,1,0,0,0,0,0,0,1,1,1,1,2,1,1,0,1,3,1,0,0
Em-2210,"Pulsar N13,Astra LD Rear mount",3-C-1-2,9346140002155,04 Bronze,1,0,0,0,0,0,0,0,0,0,1,0,0,2,0,-1,0,0,0,0,0,1,0,0,0,1,0,0,0,0,0,0,0,1,0,1,0,0
Em-2211,"Pulsar N13,Astra LD Rear E/S/b",3-C-3-4,9346140002162,04 Bronze,27,0,1,0,0,0,0,0,0,0,1,0,0,0,0,0,0,0,0,0,0,0,0,0,0,1,0,0,0,0,0,1,0,1,1,1,0,0
Em-2257,"Mazda 626,929 RWD Front mount",3-C-4-2,9346140002193,04 Bronze,35,0,0,0,0,0,0,0,0,0,0,0,2,0,0,0,0,0,0,1,1,1,0,0,0,0,0,0,0,0,0,0,0,0,0,0,0,0
Em-2258,"Mazda 121,626,929 Rear mount",3-C-4-2,9346140002209,04 Bronze,44,0,2,3,0,1,1,0,2,0,0,0,0,1,1,1,0,1,0,0,0,1,0,2,3,0,1,0,0,1,0,0,1,0,0,0,0,0
Em-2284,"X-tra T31,Koleos 2.5L 07-16 RH",3-C-6-3,9346140039588,04 Bronze,82,50,1,5,4,3,2,0,1,1,0,4,5,2,1,6,1,4,3,2,1,1,3,2,3,3,3,6,4,7,4,4,3,7,3,5,7,3
Em-2285,Hol Trax TJ 1.4L 14-on LH Auto,3-C-6-1,9346140039595,04 Bronze,7,20,0,0,-1,1,1,1,1,1,-1,0,0,2,1,1,-1,0,0,0,0,1,0,0,1,-1,0,0,-1,1,0,1,0,0,-1,0,1,0
Em-2286,Hold Trax TJ 1.4L 14-20 LH A,3-C-7-1,9346140042335,06 First Sale in FY26,18,0,0,0,0,0,0,0,0,0,0,0,0,0,0,0,0,0,0,0,0,0,0,0,0,0,0,0,0,0,0,0,0,0,0,1,1,0
Em-2288,Landcruiser FJ45 Front mount,3-C-6-2,9346140002230,05 No Sales FY25,17,0,0,2,0,0,0,0,0,0,0,0,2,0,0,0,0,0,0,0,0,0,0,0,0,0,0,0,0,0,0,0,0,0,0,0,0,0
Em-2305,"Celica TA,RA Front mount",3-C-6-2,9346140002278,04 Bronze,25,0,0,0,0,0,0,0,0,0,0,0,0,2,0,0,0,0,2,0,0,2,0,0,7,0,0,0,0,0,0,0,2,0,0,0,0,0
Em-2306,Corona RT100 Front mount,3-C-8-2,9346140002285,05 No Sales FY25,5,0,0,0,0,0,0,0,0,0,0,0,0,0,0,0,0,0,0,0,0,0,0,0,0,0,0,0,0,1,0,0,0,0,0,0,0,0
Em-2307,Corolla KE30 Rear mount,3-C-8-2,9346140002292,04 Bronze,34,0,0,0,0,0,0,0,0,3,0,0,0,0,2,1,0,0,1,0,0,1,0,1,0,1,0,0,0,0,1,0,0,0,1,0,0,1
Em-2308,"Celica,Cressida  Rear mount",3-C-4-4,9346140002308,04 Bronze,4,30,0,0,0,0,1,0,0,12,3,11,0,0,0,1,1,0,2,1,0,0,1,2,1,0,3,3,0,1,4,1,0,0,4,6,5,3
Em-2309,"Corona, Hilux Rear mount",3-C-5-4,9346140002315,04 Bronze,55,0,-1,2,0,1,1,2,1,2,0,0,0,5,0,0,2,-1,2,10,0,2,1,0,2,1,3,1,1,5,1,3,5,2,4,2,5,3
Em-2311H,Cooper R55-R61 1.6L RH Hydro,3-C-4-3,9346140039526,04 Bronze,44,0,0,2,1,1,1,1,0,1,0,0,0,1,0,2,1,-1,1,0,0,2,1,1,2,0,2,1,0,1,4,0,1,-1,1,0,0,2
Em-2312H,Cooper R55-R61 1.6L LH Hydro A,3-C-5-3,9346140043356,04 Bronze,26,0,0,0,0,0,0,0,0,0,0,0,0,0,0,1,0,1,0,0,0,0,1,1,0,0,2,0,0,1,3,1,0,0,0,1,0,0
Em-2313D,"Hiace KCH,RCH,RZH Front Diff",3-C-5-1,9346140045527,06 First Sale in FY26,295,0,0,0,0,0,0,0,0,0,0,0,0,0,0,0,0,0,0,0,0,0,0,0,0,0,0,0,1,0,0,0,0,1,0,0,1,0
Em-2347,Galant Rear mount,3-C-8-1,9346140002339,04 Bronze,6,0,1,0,1,1,0,0,2,0,0,1,0,0,0,0,0,0,0,0,0,2,0,0,0,3,0,4,0,0,0,0,0,0,1,3,0,0
Em-2349,"Lex IS250/350,GS300/430 Rear",3-C-10-2,9346140028773,04 Bronze,12,50,1,2,1,1,1,1,0,1,0,0,1,0,2,0,4,3,2,1,1,0,1,0,2,2,0,2,3,3,1,2,0,1,3,0,1,3
Em-2350,"IS250/350, GS300 05-on Front A",3-C-9-1,9346140028780,04 Bronze,29,40,1,3,4,1,0,2,2,3,4,2,2,0,3,0,7,2,2,0,0,0,4,2,3,4,0,0,5,3,0,1,1,1,7,0,3,6
Em-2440,Charade G11 Rear mount,3-C-6-6,9346140002353,04 Bronze,10,0,0,0,0,0,1,0,0,0,0,0,0,0,0,0,0,0,0,0,0,0,1,0,0,0,0,0,0,0,0,0,0,0,1,0,0,1
Em-2441,Charade G11 Front mount,3-C-5-4,9346140002360,07 Not Classed,0,,,,,,,,,,,,,,,,,,,,,,,,,,,,,,,,,,,,,
Em-2481LS,"Audi A4,A5,A6,A7,Q7 LH Hy/Sens",3-C-3-5,9346140043325,04 Bronze,28,20,0,0,1,1,0,0,1,0,0,1,0,2,0,0,1,0,0,0,0,1,0,0,0,0,0,2,-1,0,1,1,0,1,2,0,-2,0
Em-2482RS,"Audi A4,A5,A6,A7,Q7 RH Hy/Sens",3-C-4-5,9346140043332,04 Bronze,24,20,0,0,1,1,1,0,0,0,0,1,0,1,0,0,1,0,0,0,0,1,1,0,0,0,1,2,0,0,1,1,0,1,3,0,-2,0
Em-2483,"Corolla KE30,55,70 Front LH mt",3-C-10-3,9346140002384,04 Bronze,27,0,0,0,0,0,0,0,0,1,0,-1,0,0,1,0,0,0,0,0,0,2,2,1,0,1,0,1,0,1,3,1,1,0,1,0,1,1
Em-2484,Corolla KE70 Front RH,3-C-10-4,9346140002391,04 Bronze,21,0,0,0,0,0,0,0,0,1,0,0,0,0,0,1,0,0,0,0,0,1,1,2,0,0,0,0,0,1,1,2,1,1,0,0,1,0
Em-2485H,SX4 RW420 2.0L 10-on RH Hydro,3-C-5-5,9346140029749,04 Bronze,18,50,1,1,0,0,0,0,1,2,1,2,0,1,0,1,0,1,0,0,0,0,2,0,1,0,2,0,4,2,2,0,2,0,3,3,2,0
Em-2575,"Landcruiser HJ60,61 Front L/R",3-C-10-1,9346140002407,04 Bronze,27,0,8,4,0,4,5,4,2,6,0,2,1,2,4,2,3,1,0,1,0,1,1,3,4,3,2,0,0,0,0,0,0,2,1,0,0,6
Em-2613,"C-HR,UX200,Coro MZEA Rear Up",3-C-7-3,9346140043295,06 First Sale in FY26,22,0,0,0,0,0,0,0,0,0,0,0,0,0,0,0,0,0,0,0,0,0,0,0,0,0,0,0,0,0,0,1,0,1,1,2,2,0
Em-2614,Telstar AT-AV/626 Rear mount,3-C-5-2,9346140002414,06 First Sale in FY26,4,0,0,0,0,0,0,0,0,0,0,0,0,0,0,0,0,0,0,0,0,0,0,0,0,0,0,0,1,0,0,0,0,0,0,0,0,0
Em-2615,Telstar AT-AV/626 Front mount,3-C-5-2,9346140002421,05 No Sales FY25,27,0,0,0,0,0,0,0,1,0,0,0,0,1,0,0,0,0,0,0,0,0,0,0,0,0,0,0,1,0,0,0,0,0,0,0,0,0
Em-2616,Telstar AT-AV/626 RH mount,3-C-7-2,9346140002438,04 Bronze,0,30,0,0,0,0,0,0,0,1,0,0,3,0,0,0,1,0,0,0,0,0,1,0,0,0,0,0,0,0,1,0,0,1,0,0,0,0
Em-2617,Telstar AT-AV/626 LH mount,3-C-6-5,9346140002445,07 Not Classed,22,0,,,,,,,,,,,,,,,,,,,,,,,,,,,,,,,,,,,,
Em-2618H,Maz CX-3 DK 1.5TD 15-18 RH Hyd,3-C-7-5,9346140041154,04 Bronze,23,0,1,1,0,0,0,0,0,0,0,0,1,0,0,1,0,0,1,0,0,1,1,0,0,0,0,1,0,0,1,1,1,1,0,2,0,0
Em-2619H,"CX-5,Maz 6 GJ 2.2D 11-18 RH Hy",3-C-8-5,9346140042038,02 Gold,101,100,10,16,9,12,21,11,15,15,24,14,26,23,13,29,26,16,26,18,22,18,19,23,10,16,16,37,15,11,17,23,8,15,17,23,20,15
Em-2625,Telstar AT-AV/626 Front mount,3-C-9-2,9346140002452,04 Bronze,6,0,0,0,1,0,0,1,0,1,0,0,0,0,0,0,0,0,1,0,0,0,1,0,0,0,0,0,0,0,0,0,0,0,0,2,0,0
Em-2627,Telstar AT-AV 2.2 Rear mount,3-C-9-5,9346140002476,04 Bronze,15,0,0,0,1,0,-1,0,0,1,0,0,1,-1,0,0,0,0,1,0,0,0,1,0,0,0,0,0,0,0,1,0,0,0,0,0,0,0
Em-2956,"Landcruiser FJ62,70,73 Fro L/R",3-C-8-3,9346140002490,04 Bronze,43,0,0,0,0,0,2,0,0,0,0,0,1,2,0,0,0,0,0,0,0,1,0,0,0,0,0,0,0,0,2,0,0,0,0,2,0,0
Em-2957,"Landcruiser FJ62,70,73 Rear mt",3-C-9-3,9346140002506,04 Bronze,9,0,0,1,0,0,0,0,0,0,0,0,0,1,0,0,0,0,0,0,0,0,0,0,0,1,0,0,0,0,0,0,0,0,0,1,0,0
Em-2968,"Festiva WA,121 Rear mount",3-C-6-4,9346140002513,04 Bronze,4,0,0,0,0,0,0,0,0,0,0,0,0,0,0,0,0,0,0,0,0,0,0,1,0,0,0,1,0,0,0,0,-1,0,0,0,0,0
Em-2969,"Festiva WA,121 Front mount",3-C-7-4,9346140002520,04 Bronze,2,0,0,0,0,0,0,0,0,0,0,0,0,0,0,0,0,0,0,0,0,0,0,1,0,0,0,1,0,0,0,0,-1,0,0,0,0,0
Em-2970,"Festiva WA,121 Rear mount",3-C-6-4,9346140002537,04 Bronze,13,0,0,0,0,0,0,0,0,0,0,0,0,0,0,0,0,0,0,0,0,1,0,1,0,0,0,0,0,0,0,0,0,0,0,0,0,0
Em-2971,"Festiva WA,121 RH mount",3-C-9-4,9346140002544,04 Bronze,43,0,3,0,0,0,1,1,0,0,1,0,2,1,2,0,0,0,0,0,0,2,1,2,2,0,0,1,1,0,0,0,-1,0,0,0,0,0
Em-2972,"121 DB, DW1.3,1.5L 90-92 RH",3-C-8-4,9346140029725,04 Bronze,16,50,2,4,1,5,1,2,0,1,2,1,1,2,3,0,1,0,0,6,1,6,5,0,0,2,1,6,6,2,0,1,2,0,1,6,6,5
Em-2980LH,"116i-328i,118d-420d F/LH Hydro",3-D-1-1,9346140039496,04 Bronze,25,0,3,0,1,0,2,0,0,2,2,2,0,0,1,2,0,0,0,0,1,1,2,1,2,1,2,2,1,0,0,1,0,0,3,4,4,1
Em-2980RH,"116i-328i,118d-420d F/RH Hydro",3-D-1-2,9346140039502,04 Bronze,24,0,2,0,1,0,1,1,0,2,1,2,0,0,1,2,0,0,0,0,0,1,2,1,2,1,3,2,1,0,0,1,0,0,4,3,5,0
Em-2981,Pintara R31 86-90 Rear mnt A,3-C-10-T,9346140002551,07 Not Classed,10,0,,,,,,,,,,,,,,,,,,,,,,,,,,,,,,,,,,,,
Em-2983,Nissan 300ZX turbo Rear mount,3-D-2-2,9346140002575,04 Bronze,35,0,2,4,3,2,4,4,1,5,1,2,2,5,2,2,12,0,1,2,0,0,3,2,2,0,2,5,1,2,0,1,0,3,0,5,3,4
Em-2994,Hilux T18 Rear mount,3-D-2-1,9346140002582,04 Bronze,7,20,0,0,1,2,1,0,0,0,0,0,1,1,1,0,0,0,0,2,0,1,0,2,3,0,3,1,0,0,1,1,1,1,1,0,0,0
Em-2995,"Hilux RN30,40 Rear mount",37B-1-4,9346140002599,07 Not Classed,27,0,,,,,,,,,,,,,,,,,,,,,,,,,,,,,,,,,,,,
Em-3019,"Hiace LH,LN61 Front L/R mnt",3-D-3-3,9346140002605,02 Gold,2,200,15,19,7,14,9,13,1,13,19,17,12,8,12,10,11,22,20,10,13,9,10,9,7,11,9,19,8,4,18,13,5,12,17,6,7,15
Em-3020,"Hiace LH,Dyna 2L Rear mount",3-D-4-2,9346140002612,04 Bronze,38,0,0,0,0,0,0,0,0,0,0,1,2,2,-1,0,1,1,2,1,-1,0,1,0,0,1,2,2,0,1,0,3,0,0,-1,0,0,0
Em-3024,"Civic 16V,CRX Rear mount",3-D-4-1,9346140002629,04 Bronze,10,0,0,0,3,0,0,0,0,0,0,1,1,1,0,0,0,0,0,0,0,0,1,0,0,1,0,0,0,1,1,0,0,0,1,0,0,0
Em-3025,"Civic 16V,CRX Front mount",3-D-5-2,9346140002636,04 Bronze,4,0,0,0,3,0,0,0,0,0,0,1,1,1,0,0,0,0,0,0,0,0,0,0,0,2,0,0,1,2,1,0,0,0,1,0,0,0
Em-3026,"Bari TM 1.4,1.6L 11-16 TRod At",3-D-5-1,9346140039625,04 Bronze,19,50,1,0,0,0,0,1,0,2,1,-1,0,3,1,0,2,2,1,2,0,1,1,0,2,0,1,2,1,2,4,0,0,2,2,2,1,2
Em-303770,Magna TR 2.6 Front mount,3-D-1-3,9346140002643,05 No Sales FY25,19,0,2,0,1,0,0,1,0,1,0,0,1,0,0,0,0,0,0,0,0,0,0,0,0,0,0,0,0,0,2,0,0,0,1,2,0,2
Em-303835,Magna TR 2.6 Rear mount,3-D-1-4,9346140002650,04 Bronze,52,0,2,1,0,0,0,0,0,0,0,1,0,0,0,1,0,0,1,0,0,0,0,0,0,0,0,0,0,0,2,0,1,0,1,3,0,1
Em-309261,"Magna TM,TN,TP Rear mount",3-C-7-3,9346140002667,04 Bronze,6,0,1,0,0,1,-1,0,0,0,0,0,1,0,0,1,0,0,1,0,-1,0,0,0,0,0,0,1,0,0,0,1,0,0,0,0,0,0
Em-309799,"Magna TM,TN,TP Front mount",3-C-7-3,9346140002674,04 Bronze,17,0,0,0,0,0,0,0,0,0,1,0,1,0,1,1,0,0,1,-1,0,0,0,0,0,1,0,0,0,0,0,1,0,0,0,0,0,0
Em-3130,"Civic 16V,CRX Front mount",3-D-5-2,9346140002681,04 Bronze,2,10,0,1,0,0,0,-1,0,0,0,0,0,0,0,0,0,0,0,0,0,0,0,0,1,-1,0,0,0,0,1,0,0,0,1,2,1,-1
Em-3202,Corolla AE90-AE95 Front Manual,3-D-6-2,9346140002698,04 Bronze,19,0,0,2,0,0,3,0,1,0,3,1,0,0,0,2,1,0,0,0,0,1,0,3,1,5,3,1,-1,2,-1,1,0,2,0,2,3,3
Em-3203,"Corolla AE100,112 Rear mount",3-D-6-1,9346140002704,04 Bronze,16,20,10,7,3,3,1,5,0,3,1,5,2,4,2,1,3,1,2,0,0,1,4,0,0,3,6,2,4,2,1,2,2,3,2,6,2,2
Em-3205,Corolla AE100 Front mount,3-D-7-2,9346140002711,04 Bronze,6,0,1,0,1,0,1,1,0,0,0,0,0,0,1,1,0,0,0,0,0,0,1,0,0,0,0,0,0,0,1,0,0,0,0,1,-1,0
Em-3208,Dyna 200 Front mount,3-D-7-1,9346140002728,04 Bronze,26,0,0,2,0,0,0,0,0,4,0,0,1,0,0,0,0,2,7,-2,1,0,0,0,0,0,0,0,0,0,0,0,0,0,2,0,0,2
Em-3213,"Feroza, Rocky 88-99 Front mnt",3-D-8-2,9346140002735,04 Bronze,82,0,-1,2,0,0,0,1,0,0,2,0,2,0,0,0,2,0,0,0,0,0,3,0,2,0,2,0,2,3,0,0,0,0,0,0,0,0
Em-3214,Feroza 88-99 Rear mount A&M,3-D-8-1,9346140002742,04 Bronze,37,0,0,-1,1,0,0,-1,0,0,1,0,2,1,0,0,1,0,0,0,1,1,0,0,1,0,0,0,0,0,0,0,0,0,0,1,0,0
Em-3215,Hilux TGN16 2.7L 05-14 Rear M,3-D-9-2,9346140029022,04 Bronze,29,0,1,0,1,1,0,0,1,1,0,2,1,3,1,0,0,0,0,0,0,0,1,1,0,2,-1,-1,1,3,2,0,1,-1,3,0,1,1
Em-3215G,Hilux TGN16 2.7L 05-14 Rear M,3-D-10-3,9346140026731,07 Not Classed,3,0,,,,,,,,,,,,,,,,,,,,,,,,,,,,,,,,,,,,
Em-3216,"Hilux RZN169,172 2.7L Rear Mtm",3-D-3-2,9346140038895,07 Not Classed,30,0,,,,,,,,,,,,,,,,,,,,,,,,,,,,,,,,,,,,
Em-3216G,"Hilux RZN169,172 2.7L Rear Mtm",3-D-10-1,9346140026748,04 Bronze,0,,0,0,0,2,0,0,0,0,0,0,0,0,0,0,0,0,0,0,0,0,0,0,0,0,1,0,1,0,0,0,0,0,0,1,0,0
Em-3217,"Urvan E23,24 Rear mount",3-D-9-1,9346140002759,05 No Sales FY25,36,0,0,1,0,0,0,0,0,0,1,0,0,0,0,0,0,0,0,0,0,0,0,0,0,0,0,0,0,0,0,0,0,0,0,0,0,0
Em-3222,Mira L/H  mount,3-D-10-2,9346140002773,04 Bronze,20,0,0,0,0,0,0,0,0,0,0,0,0,0,0,0,0,0,0,0,0,1,0,0,0,0,0,0,0,0,0,0,0,1,1,0,0,1
Em-3228,"Laser KC,KE/323 RH mount",3-D-10-1,9346140002780,04 Bronze,25,0,0,0,1,0,0,-1,0,1,0,0,0,0,1,0,0,1,1,0,0,0,0,0,0,0,0,0,1,0,0,0,0,0,0,1,0,0
Em-3241,"Charade G100,102 Front mnt-A&M",3-D-2-4,9346140002797,04 Bronze,24,0,0,0,0,0,0,0,0,0,0,0,1,0,1,0,0,0,1,0,0,0,0,0,0,0,0,0,1,0,0,2,0,0,0,0,0,0
Em-3243,Charade G100 LH mount,3-D-2-4,9346140002810,05 No Sales FY25,0,,0,0,0,0,0,0,0,0,0,0,0,0,1,0,0,0,0,0,0,0,0,0,0,0,0,0,0,0,0,0,0,0,0,0,0,0
Em-3244,Charade G100 RH mount,3-D-2-3,9346140002827,05 No Sales FY25,7,0,0,0,0,0,0,0,0,0,0,0,0,0,0,0,0,0,0,0,0,0,0,0,0,0,0,0,1,0,0,0,0,0,0,0,0,0
Em-3245,Corolla AE95 1.6L 88-95 Rear,3-D-2-4,9346140027479,05 No Sales FY25,0,10,0,0,0,0,0,0,0,0,0,1,0,1,0,0,0,0,0,0,0,0,0,0,0,0,0,0,0,1,0,0,0,2,0,0,0,0
Em-3246H,"Esc,Foc,Kuga 1.5,1.6  RH Hydro",3-D-1-5,9346140039601,02 Gold,304,0,18,24,12,12,11,15,7,6,19,20,17,12,9,26,20,17,18,14,4,5,11,13,16,8,14,22,23,17,7,15,6,14,13,18,8,13
Em-3247H,Volvo XC90 LH Hydro mount,3-D-2-5,9346140039618,04 Bronze,43,30,1,0,0,0,0,1,0,0,0,0,2,1,-1,1,0,0,1,2,0,1,0,1,1,3,2,0,0,2,1,1,1,2,4,1,0,1
Em-3248H,Kuga TF 2.0TD 13-15 RH Hydro,3-D-3-5,9346140041895,03 Silver,112,50,1,2,4,1,2,4,0,1,3,6,4,5,3,4,2,3,7,3,4,3,3,2,6,6,12,11,13,6,10,3,4,7,9,8,15,7
Em-3251SB,"A3,S3,Q3,Golf7,Tig 13-24 Rear",3-D-3-1,9346140045909,04 Bronze,58,0,0,0,0,0,0,0,0,0,0,0,0,0,0,0,0,0,0,0,0,0,0,0,0,1,0,1,2,0,0,2,0,1,1,1,1,2
Em-3252,Charade G102 Rear mount,3-D-3-4,9346140002834,04 Bronze,4,0,0,0,1,0,1,-1,0,0,0,0,0,1,1,0,1,0,0,0,0,0,0,0,0,0,0,0,0,0,0,1,0,0,0,0,0,0
Em-3253,Charade G102 LH mount,3-D-2-3,9346140002841,04 Bronze,21,0,0,0,0,0,1,0,0,0,0,0,0,1,0,0,1,0,1,0,0,0,1,0,0,0,0,0,0,0,0,0,0,0,0,0,0,0
Em-3255,"Applause A101,Charade G102 LH",3-D-4-3,9346140002858,05 No Sales FY25,14,0,1,0,-1,0,0,1,0,0,0,0,0,0,0,0,0,0,0,0,0,0,0,0,0,0,0,0,1,0,0,1,0,0,0,0,0,0
Em-3256,Charade G102 RH mount,3-D-3-4,9346140002865,04 Bronze,35,0,0,0,0,0,0,0,0,0,0,0,0,0,0,0,1,0,1,0,0,0,1,0,0,0,0,0,0,0,0,1,0,0,0,0,0,0
Em-3300,Accord 2.0 Front & Rear mount,3-C-8-1,9346140002872,04 Bronze,2,0,0,0,0,0,0,0,0,0,0,0,0,0,0,2,0,0,0,0,0,0,0,1,0,0,0,0,0,2,0,0,0,0,0,0,0,0
Em-3305,Swift/Barina Rear lower mnt-M,3-D-4-4,9346140002889,05 No Sales FY25,5,0,0,0,0,0,0,0,0,0,0,0,0,0,0,0,0,0,0,0,0,0,0,0,0,0,0,0,0,0,0,0,0,0,0,0,1,0
Em-3311,Suzuki Vitara Front LH/RH mt,3-D-5-3,9346140002896,04 Bronze,7,0,0,0,0,0,0,1,0,1,1,2,0,0,0,0,0,0,0,0,0,0,1,0,0,0,0,0,0,0,1,0,2,0,0,1,0,1
Em-3312,"Vitara 1.6,Jimny 1.3L Frnt L/R",3-D-6-3,9346140019108,04 Bronze,0,70,4,-1,6,0,1,2,0,2,4,10,4,4,0,2,2,1,5,3,1,3,0,2,4,2,0,0,9,6,0,5,4,8,2,6,3,0
Em-3313,Suzuki Vitara Front mount,3-D-5-4,9346140002902,04 Bronze,13,0,0,0,0,0,0,0,0,0,1,0,0,0,0,0,0,0,0,0,0,0,1,0,0,0,0,1,1,0,1,0,0,0,0,1,0,0
Em-3315,Suzuki Vitara 2.0L 98-02 Rear,3-D-4-4,9346140002926,04 Bronze,11,16,1,0,0,0,0,0,0,0,1,0,1,1,0,0,0,1,1,0,0,1,1,0,1,1,0,0,1,1,1,0,3,1,1,0,0,0
Em-3316,Suzuki Vitara 2.0L 98-02 Rear,3-D-6-4,9346140002933,04 Bronze,11,0,1,-1,0,0,0,0,0,0,1,-1,0,0,0,0,0,0,0,1,0,0,0,0,2,1,-1,1,0,-1,0,0,0,0,0,0,0,0
Em-3316B,"G.Vitara J20A, X90 SZ416 RearA",3-D-6-4,9346140042496,04 Bronze,10,0,0,0,0,0,0,0,0,0,0,0,0,0,0,0,0,0,1,0,0,0,-1,0,0,0,0,0,0,0,0,0,0,0,0,0,0,0
Em-3319G,Supra JZA80 95-02 Front mt Gen,3-D-8-3,9346140039168,04 Bronze,2,0,0,0,0,1,-1,2,0,0,0,0,0,0,0,4,0,0,0,0,0,0,0,0,0,0,0,2,0,0,0,0,0,0,0,0,0,0
Em-3319H,Supra JZA80 95-02 Front mt,3-D-8-3,9346140047095,06 First Sale in FY26,28,0,0,0,0,0,0,0,0,0,0,0,0,0,0,0,0,0,0,0,0,0,0,0,0,0,0,0,0,0,0,0,0,0,0,2,0,0
Em-3320G,Supra JZA80 93-02 Rear M Gen,3-D-8-3,9346140039199,05 No Sales FY25,1,1,0,0,0,0,0,0,1,0,0,0,0,0,0,0,0,0,0,0,0,0,0,0,0,0,0,1,0,0,0,0,0,0,0,1,0,0
Em-3321,Suzuki Swift Front LH mount,3-D-7-4,9346140002964,04 Bronze,34,0,1,1,0,1,0,0,0,1,0,0,0,0,0,0,0,0,0,0,0,0,0,1,-1,0,0,0,1,0,0,1,1,0,0,1,0,0
Em-3322G,Supra JZA80 93-95 Front mt Gen,3-D-9-3,9346140039175,05 No Sales FY25,4,0,0,0,2,3,0,0,0,0,0,0,0,0,0,0,0,0,0,0,0,0,0,0,0,0,0,0,0,0,0,0,0,0,0,0,0,0
Em-3323,Suzuki Swift Front RH mount,3-D-8-4,9346140002971,04 Bronze,11,0,1,0,0,0,0,0,0,1,0,1,0,0,0,0,0,0,0,0,0,0,0,1,-1,0,0,0,1,0,0,1,1,0,0,1,0,0
Em-3324,Musso 3.2L 96-98 Rear mount,3-D-8-4,9346140027851,05 No Sales FY25,3,0,0,0,0,0,0,0,0,0,0,0,0,0,1,0,0,0,0,0,0,0,0,0,0,0,0,0,0,0,0,0,0,0,0,0,0,0
Em-3325,Suzuki Swift Front RH mount,3-D-9-4,9346140002988,05 No Sales FY25,10,0,0,0,0,0,0,0,0,0,0,0,0,0,0,0,0,0,0,0,0,0,0,0,0,0,0,0,0,0,0,0,0,0,0,0,0,0
Em-3326,Suzuki Swift Rear mount - A,3-D-9-3,9346140002995,05 No Sales FY25,12,0,0,0,0,0,0,0,0,0,0,0,0,0,0,0,0,0,0,0,0,0,0,0,0,0,0,0,0,0,0,0,0,0,0,0,0,0
Em-3328,Suzuki Swift Rear mount,3-D-10-4,9346140003008,04 Bronze,1,10,0,1,0,0,0,0,0,1,0,0,0,0,0,1,0,0,0,0,1,0,0,1,-1,0,0,0,1,0,0,1,1,0,0,1,0,0
Em-3329,Suzuki Swift Engine buffer,3-D-9-4,9346140003015,05 No Sales FY25,5,0,0,0,0,1,0,1,0,0,0,0,0,0,0,0,0,0,0,0,0,0,0,0,0,0,0,0,0,0,0,0,0,0,0,0,0,0
Em-3489,"Pulsar N12,Astra LB,LC LH mnt",3-D-7-2,9346140003022,05 No Sales FY25,3,0,0,0,0,0,0,0,0,0,0,0,0,1,0,0,0,0,0,0,0,0,0,0,0,0,0,0,2,0,0,0,0,0,0,0,0,0
Em-3505,Vanette Front mount,3-D-10-4,9346140003039,04 Bronze,13,0,0,0,0,0,0,0,0,0,0,0,0,2,0,0,0,0,2,0,0,0,0,0,0,0,0,0,0,0,0,0,0,0,0,0,3,0
Em-3510H,Focus RS 2.3T 16-19 RH Hydo mt,3-D-7-5,9346140039632,04 Bronze,58,0,-2,0,0,0,0,0,0,0,0,0,0,0,1,0,-1,0,0,0,0,0,0,0,0,0,0,0,0,0,0,0,0,0,0,0,0,0
Em-3511,Patrol GQ 4.2 91-97 Front L/R,3-D-8-5,9346140003046,04 Bronze,132,0,2,0,6,1,3,2,3,0,0,0,4,3,0,2,4,2,3,1,2,0,2,0,0,0,0,0,1,1,0,4,2,3,2,2,4,2
Em-3512,Patrol GQ 4.2 88-91 Frt L/R mt,3-D-9-5,9346140003053,04 Bronze,61,0,0,2,6,7,7,1,0,2,0,0,0,4,2,6,4,2,-2,2,0,3,5,7,0,3,6,0,2,2,4,2,2,4,0,3,0,3
Em-3513,"Patrol GQ, GU 4.2 Rear LH/RH",3-D-7-3,9346140003060,03 Silver,121,0,7,4,6,15,9,14,2,13,2,4,8,8,2,12,6,2,8,7,10,15,0,11,9,2,10,5,5,8,6,9,6,7,3,11,8,17
Em-3514H,Mond MA-MC 2.0TD 07-15 RH Hyd,3-D-10-5,9346140039656,04 Bronze,26,30,4,4,3,5,-1,0,2,0,2,1,2,3,2,2,6,1,3,0,1,0,1,1,2,1,1,5,3,4,4,2,2,4,4,1,2,3
Em-3520H,"Lex CT200H,Prius ZVW30/40 RH",4-D-9-5,9346140029060,04 Bronze,14,50,0,0,0,0,1,1,1,0,0,1,1,1,0,0,1,0,0,0,0,0,1,2,2,0,0,1,0,2,2,2,0,0,3,1,1,0
Em-3521,Lex.LS430 4.3L 00-07 Front L/R,4-D-10-1A,9346140029077,04 Bronze,19,0,0,0,0,0,0,0,0,0,0,1,0,0,1,0,0,0,2,2,0,0,2,0,3,0,2,0,0,0,0,0,2,2,-2,0,4,0
Em-3521G,Lex.LS430 4.3L 00-07 F L/R Gen,4-D-10-1,9346140039731,07 Not Classed,2,0,,,,,,,,,,,,,,,,,,,,,,,,,,,,,,,,,,,,
Em-3522,"Accord,Civic,CRV Rear Diff mnt",4-D-9-2,9346140029084,04 Bronze,55,0,0,0,0,1,1,0,1,-1,0,0,2,0,0,0,0,0,0,1,0,1,0,0,1,2,3,5,1,0,2,7,1,2,2,6,2,0
Em-3523,Acco CL9 2.4 LH Rear Lower Mtm,4-D-9-1,9346140029091,04 Bronze,27,100,1,0,0,3,0,-1,0,3,1,1,0,4,1,0,2,0,1,2,0,2,0,1,2,2,1,5,2,2,1,3,4,5,2,2,3,3
Em-3524,"Pintara,Corsair Rear mount",4-D-10-2,9346140003084,04 Bronze,8,12,0,0,1,0,0,1,0,2,0,1,0,1,0,0,2,0,0,2,0,0,1,0,1,0,1,1,0,1,0,1,1,1,0,1,2,0
Em-3525,"Pintara,Corsair Front mount",4-D-10-6,9346140003107,05 No Sales FY25,15,0,0,0,0,0,0,0,0,1,0,0,0,0,0,0,0,0,0,0,0,0,0,0,0,0,0,1,0,1,0,0,1,1,0,1,1,0
Em-3526,Pint/Cor 2.4 Front RH mount,4-D-9-4,9346140003114,04 Bronze,52,0,0,0,0,0,0,0,0,0,0,0,0,0,0,1,0,0,0,0,0,0,0,0,0,0,0,0,1,0,1,0,1,0,0,0,0,0
Em-3527A,"Corsair,Pintara 2.0 RH mount",4-D-8-3,9346140003138,04 Bronze,12,0,0,0,0,1,0,0,0,1,0,0,1,0,0,0,0,1,1,0,0,0,0,0,1,0,0,0,0,0,0,1,0,0,0,0,0,0
Em-3529,"Pulsar N14, N15 2.0 RH mount",4-D-7-3,9346140003152,04 Bronze,35,0,1,2,1,4,-1,0,2,1,2,2,1,2,0,2,2,2,0,1,1,4,1,1,1,1,2,5,2,6,2,6,2,1,5,4,4,2
Em-3531=EM-5714,"Lanc EVO V,VI 2.0L RH 5Spd Man",4-D-7-2,9346140029107,05 No Sales FY25,0,,0,0,0,0,0,0,0,0,0,0,0,0,0,0,0,0,0,0,0,0,0,0,0,0,0,0,0,0,0,0,0,0,0,0,1,0
EM-3532RH,"S40,V40 2.0T 99-04 RH Lower",4-D-8-2,9346140048214,07 Not Classed,20,0,,,,,,,,,,,,,,,,,,,,,,,,,,,,,,,,,,,,
Em-3533,"Volvo S40, V40 1.9T 00-04 LH",4-D-8-1,9346140036440,04 Bronze,24,0,0,0,0,1,1,0,0,0,0,0,0,0,1,0,0,0,1,0,0,0,0,0,0,2,0,1,2,1,0,0,0,1,0,1,1,0
Em-3535SB,"Kangoo X61 1.5TD,1.6L Rear S/B",3-A-1-1,9346140048337,06 First Sale in FY26,57,0,0,0,0,0,0,0,0,0,0,0,0,0,0,0,0,0,0,0,0,0,0,0,0,0,0,0,0,0,0,0,0,0,0,0,0,1
Em-3540,Pulsar N15 Gear lever mount,4-D-10-4,9346140003190,04 Bronze,9,50,0,0,2,1,0,0,2,1,2,3,2,3,2,4,3,0,2,0,1,0,2,0,4,4,0,4,3,1,4,8,4,3,4,1,1,5
Em-3541,Landcruiser HJ61 4.0L Rear At,4-D-9-3,9346140033395,04 Bronze,13,0,1,2,4,0,0,0,1,2,0,0,1,0,0,0,0,0,1,0,0,0,0,1,0,0,0,0,0,2,0,0,0,0,0,0,1,0
Em-3542,"Pulsar N14,N15 Rear Mount Mtm",4-D-10-3,9346140003206,04 Bronze,1,50,1,0,2,3,3,3,4,3,3,3,2,4,5,3,4,3,2,2,2,2,2,2,4,2,5,5,2,6,2,6,4,1,4,3,3,5
Em-3546,"Landcruiser HJ60,61,75 Rear mt",4-D-7-1,9346140003237,04 Bronze,28,0,2,0,1,0,3,1,0,1,3,2,0,0,1,0,1,0,0,0,0,1,0,1,1,2,1,0,0,0,0,1,0,0,0,0,1,1
Em-3547,Dyna BU20 Rear mount,4-D-6-2,9346140003244,05 No Sales FY25,4,0,0,0,0,0,0,0,0,0,0,0,0,0,0,0,0,0,0,0,0,0,0,0,0,0,0,0,0,0,0,0,0,0,0,0,0,0
Em-3553,Pulsar N14 Front E/steady bar,4-D-8-4,9346140003268,04 Bronze,48,0,1,4,8,2,5,3,3,4,2,1,5,3,5,5,0,5,2,1,1,1,1,1,4,3,4,7,5,8,4,5,2,3,6,5,3,5
Em-3561,"Path D21,Nav D21-22 Front L/R",4-D-6-1,9346140003275,04 Bronze,8,36,0,0,1,1,0,2,3,0,2,0,0,0,2,2,0,0,2,0,2,0,2,0,0,0,0,2,2,2,0,0,6,0,0,2,5,1
Em-3570,Liberty FB25 12-20 Front Lower,4-D-5-1,9346140040867,02 Gold,160,0,9,15,8,5,10,16,3,8,12,15,14,3,8,13,15,19,15,11,9,8,23,8,4,10,17,9,19,15,11,11,8,14,5,15,20,9
Em-3571B,"Hiace RCH41,47 97-02 Front LR",4-D-4-1,9346140040850,05 No Sales FY25,19,0,0,0,0,0,0,0,0,0,0,0,0,0,1,0,0,0,0,0,0,0,0,0,0,0,0,0,0,0,0,0,0,0,0,0,0,0
Em-3572B,Outback 3.6L 09-20 Front centr,4-D-3-1,9346140041161,04 Bronze,79,0,0,1,0,3,2,0,2,2,1,0,0,1,0,0,0,1,2,0,0,2,0,0,2,0,1,1,1,3,2,2,1,2,6,2,2,4
Em-3594,"Galant,Lancer,Sigma Rear mount",4-D-1-5,9346140003343,04 Bronze,19,0,0,1,0,0,0,1,1,1,1,0,0,1,0,0,0,1,0,1,1,3,0,0,0,0,0,0,0,0,0,1,0,1,0,0,0,0
Em-3627,Corolla KE70 Rear mount,4-D-2-2,9346140003374,04 Bronze,24,0,1,0,0,0,2,1,0,0,0,0,0,0,0,0,0,0,0,1,0,0,0,1,0,0,0,0,0,1,0,1,1,1,0,0,0,0
Em-3630,"L200/300,Pajer NA-NH 4WD Front",4-D-7-6,9346140028902,04 Bronze,151,0,0,2,0,0,0,0,0,0,0,0,0,0,0,0,0,0,0,0,2,0,0,0,0,0,0,0,0,0,0,0,2,0,0,2,0,0
Em-3631,"Galant,Sigma,Pajero Front R/L",4-D-10-5,9346140003381,04 Bronze,41,60,4,6,3,4,5,0,0,0,5,2,4,2,9,6,7,9,3,0,2,0,2,2,0,2,2,2,7,4,1,4,0,4,0,2,4,1
Em-3632,"Sigma,Scorpion Front emount",4-D-2-2,9346140003398,07 Not Classed,0,,,,,,,,,,,,,,,,,,,,,,,,,,,,,,,,,,,,,
Em-3633,"Drover,Sierra  Front R/L mount",4-D-2-4,9346140003404,04 Bronze,45,0,1,0,7,4,0,0,5,2,2,4,0,3,0,3,0,1,0,4,0,0,0,0,2,0,0,0,0,0,0,4,0,0,0,0,0,4
Em-3634,Amarok TDI340-420 2.0TD Front,4-D-6-3,9346140032022,04 Bronze,61,50,2,5,3,2,-1,0,0,2,0,0,0,0,5,0,1,7,4,4,0,6,9,0,3,2,-2,5,0,1,2,-1,0,4,6,14,4,6
Em-3635,Amarok TDI400-420 2.0TD Rear A,4-D-5-3,9346140032039,04 Bronze,188,0,0,0,0,0,0,0,0,0,0,0,0,0,0,0,0,0,0,0,0,0,0,0,0,0,0,0,0,0,0,0,0,0,0,4,2,5
Em-3636,Amarok TDI340-420 2.0TD Rear M,4-D-4-3,9346140032046,04 Bronze,116,0,0,0,0,0,0,0,0,0,0,0,2,0,0,0,0,1,2,2,0,1,1,0,1,1,0,0,0,1,2,0,1,0,2,5,0,1
Em-3643,Carni YP 2.2TD 15-20 Front S/B,4-D-5-4,9346140043431,04 Bronze,33,0,0,0,0,0,0,0,0,0,0,1,0,0,0,1,0,1,1,1,0,0,0,0,0,3,0,4,0,1,0,2,0,0,1,1,1,2
Em-3644,"T18, 3TC Front LH/RH mount",4-D-4-4,9346140003411,07 Not Classed,0,10,,,,,,,,,,,,,,,,,,,,,,,,,,,,,,,,,,,,
Em-3648,Patrol Front RH mount,4-D-7-4,9346140003428,04 Bronze,0,10,0,0,0,0,0,0,0,0,0,0,0,0,0,0,0,0,1,0,0,0,0,0,0,0,2,1,0,0,1,2,0,0,0,1,0,0
Em-3649,Patrol Front LH mount,4-D-7-4,9346140003435,04 Bronze,3,5,0,0,0,0,0,0,0,0,0,0,0,0,0,0,0,0,1,0,0,0,0,0,0,0,2,1,-1,0,0,1,0,0,0,0,0,1
Em-3650,Patrol Rear mount,4-D-6-4,9346140003442,04 Bronze,0,,0,0,0,0,0,3,-1,0,3,0,0,0,0,0,0,0,0,0,0,0,1,2,0,0,0,0,0,0,0,2,0,0,2,0,3,1
Em-3651,Patrol MQ 80-87 Rear LH mount,4-D-6-4,9346140003459,04 Bronze,1,0,0,0,0,0,0,1,0,-1,0,0,0,0,0,0,0,0,0,0,0,0,0,0,1,0,1,1,1,0,0,0,0,0,0,0,2,1
Em-3652,Colt RB 84-92 Rear mount - A&M,4-D-6-2,9346140003466,04 Bronze,1,0,0,0,0,0,0,0,0,0,0,0,0,0,0,0,0,1,0,0,0,0,0,0,0,0,0,0,0,0,0,0,0,1,0,0,0,0
Em-3653,G.Voyager RT 08-16 LH mount A,4-D-4-5,9346140040898,04 Bronze,49,0,3,-1,1,0,0,0,2,2,0,0,1,2,0,1,0,1,0,0,0,0,0,0,1,1,0,0,0,0,1,0,0,0,0,0,0,1
Em-3654L,"Colo RG,Trail RG 12-on Front L",4-D-5-2,9346140041178,04 Bronze,42,0,0,3,4,4,1,2,2,2,0,2,1,3,1,8,1,2,3,1,0,1,3,-1,1,4,3,4,5,-1,2,1,2,3,2,3,6,9
Em-3654R,"Colo RG,Trail RG 12-on Front R",4-D-4-2,9346140041185,04 Bronze,46,0,0,3,2,4,1,2,2,2,1,2,1,2,0,6,3,3,1,2,0,1,4,-2,1,3,2,4,4,0,2,1,2,3,2,3,8,8
Em-3655,Galant HG RH mount - MTM,4-D-6-G,9346140003473,06 First Sale in FY26,4,0,0,0,0,0,0,0,0,0,0,0,0,0,0,0,0,0,0,0,0,0,0,0,0,0,0,1,0,0,0,0,0,0,0,0,0,0
Em-3656,"Color RG,Trailb RG 12-on Rear",4-D-3-2,9346140041192,03 Silver,106,100,0,0,0,0,7,6,6,18,6,7,1,7,6,12,3,6,2,4,1,10,14,10,8,11,8,10,11,6,1,5,3,6,10,6,5,14
Em-3657,Journey JC 3.6L 12-on Front mt,4-D-2-1,9346140041383,04 Bronze,99,0,8,9,6,9,4,8,5,4,5,6,12,1,4,8,3,4,3,3,1,1,4,9,4,4,2,7,2,7,5,2,4,3,3,5,3,5
Em-3658,Journey JC 3.6L 12-on Rear mt,4-D-5-5,9346140041390,03 Silver,146,0,8,10,5,7,6,6,5,5,4,7,14,6,4,7,2,6,5,6,4,8,7,6,4,9,3,7,4,11,3,3,6,3,3,6,2,5
Em-3663,"Barina,Swift Front RH mount",4-D-2-B,9346140003480,05 No Sales FY25,83,0,0,0,0,0,0,0,0,0,0,0,0,0,0,0,0,0,0,0,0,0,0,0,0,0,0,0,0,0,0,0,0,0,0,0,0,0
Em-3664,Swift SA310 Front RH mnt A&M,4-D-4-4,9346140003497,07 Not Classed,17,0,,,,,,,,,,,,,,,,,,,,,,,,,,,,,,,,,,,,
Em-3672,"L200,Pajero,Trit Rear Trans mt",4-D-2-2a,9346140003510,04 Bronze,22,0,0,0,0,1,0,2,0,0,0,-1,0,0,1,1,0,0,0,0,0,0,0,0,0,1,1,1,0,0,0,0,0,0,0,0,1,0
Em-3673,"Pajero,Triton V6 Trans support",9-A-2-2,9346140003527,02 Gold,173,0,23,17,25,38,31,21,20,15,30,28,28,52,43,55,33,28,21,50,20,10,23,23,34,31,42,25,28,34,37,29,24,36,32,26,27,28
Em-3674H,X-Trail T31 2.5L 07-14 LH CVT,4-D-1-5,9346140040744,04 Bronze,27,60,1,1,1,2,1,1,0,0,1,1,2,1,-2,1,0,1,0,2,1,3,3,2,2,0,0,1,1,5,4,1,0,3,4,0,2,1
Em-3675,"Pajero V6,Triton MK Rear mt M",3-C-10-5,9346140003534,04 Bronze,19,0,0,1,0,1,0,1,0,0,1,1,0,0,0,1,0,0,0,1,1,0,1,0,0,0,0,0,2,0,0,0,0,0,0,0,0,0
Em-3681,"Hilux LN50,Corona Front mount",4-D-3-5,9346140003541,04 Bronze,22,240,4,4,6,3,2,0,4,6,4,2,2,4,2,5,0,6,2,6,0,0,1,0,0,4,2,0,6,0,1,0,1,3,1,1,8,3
Em-3682,"Hilux LN 50,65,106 Rear mount",4-D-2-5,9346140003558,04 Bronze,15,40,2,0,1,3,2,3,1,0,2,2,0,0,4,0,2,3,3,4,0,3,1,4,2,1,0,6,2,3,4,2,1,1,1,2,0,3
Em-3683,"Hilux RN105,106,YN60,65,67 R/M",4-D-3-4,9346140029817,04 Bronze,14,0,0,0,0,0,0,0,0,0,0,0,1,-1,1,0,0,0,0,0,0,0,0,0,0,1,0,0,0,0,1,0,0,1,0,0,0,-1
Em-3684,"Elgr E52, Mura Z51 3.5L 09- LH",4-D-3-3,9346140031742,04 Bronze,26,0,2,1,5,0,1,3,1,1,2,3,0,1,0,1,0,0,1,6,2,2,2,-3,0,2,0,2,3,1,0,1,1,2,4,1,1,1
Em-3685,Lancer CC Front mount,4-D-2-3,9346140003565,04 Bronze,33,0,-1,2,4,1,1,3,1,3,5,0,2,2,2,2,4,1,0,0,0,0,1,1,1,2,0,0,3,5,5,0,0,0,2,0,4,1
Em-3687,Lancer CC Rear mount,4-D-1-3,9346140003572,04 Bronze,16,50,-2,0,3,1,3,4,1,2,2,0,1,1,2,1,3,1,0,0,0,0,0,0,0,3,0,1,3,5,2,0,0,0,3,1,0,2
Em-3700,"Cielo,Lanos 95-on Front RH mnt",4-C-10-G,9346140003589,04 Bronze,4,0,0,0,0,0,0,0,0,0,0,1,0,0,0,2,2,0,-1,0,0,0,0,0,0,0,0,0,0,0,0,0,0,0,0,0,0,0
Em-3701,Lanos SX 1.6L 97-03 Rear Mount,4-C-10-G,9346140003596,05 No Sales FY25,3,0,0,0,0,0,0,0,0,0,0,0,1,1,0,0,0,0,0,0,0,0,0,0,0,0,0,0,0,0,0,0,0,0,0,0,0,0
Em-3702B,"508,C5,Scudo Van RH Upper SBar",4-C-9-2,9346140043240,04 Bronze,24,0,0,0,0,0,0,0,1,2,1,0,3,1,1,3,1,1,1,2,1,1,1,2,3,4,1,3,2,3,0,1,1,0,2,3,2,3
Em-3703=EM-3705,Camry SV11 Rear mount,4-C-8-2,9346140003619,07 Not Classed,0,,,,,,,,,,,,,,,,,,,,,,,,,,,,,,,,,,,,,
Em-3704B,"Qash J11, Xtrail T32 2.0L LH M",4-C-4-2,9346140043035,04 Bronze,20,0,0,0,0,0,3,0,1,1,1,1,-1,0,0,0,1,-1,1,0,0,0,-1,0,0,0,0,1,0,0,1,0,0,0,0,1,1,0
Em-3705,Camry SV11 Rear mount,4-C-8-2,9346140003633,07 Not Classed,2,0,,,,,,,,,,,,,,,,,,,,,,,,,,,,,,,,,,,,
Em-3706,"Camry SV11,ST151 LH mount",4-C-9-1,9346140003640,07 Not Classed,9,0,,,,,,,,,,,,,,,,,,,,,,,,,,,,,,,,,,,,
Em-3707,"i45 YF,Opti TF 2.4L 10-15 LH A",4-C-10-5,9346140039694,04 Bronze,28,0,2,1,1,1,1,3,6,2,0,1,2,3,0,0,1,2,1,0,0,0,0,1,2,0,0,1,1,0,0,1,2,2,1,0,0,0
Em-3708,Celica ST184 2.2 Front mount,4-C-10-4,9346140003657,04 Bronze,3,30,2,6,2,1,0,1,0,0,2,1,1,0,2,1,0,0,2,0,2,0,2,6,2,2,1,4,0,2,2,2,3,5,1,2,2,1
Em-3709,Celica ST184 2.2 Rear mount,4-C-9-4,9346140003664,04 Bronze,0,130,2,4,3,1,0,-1,-1,0,3,0,2,2,1,2,0,1,2,2,1,3,1,4,3,3,1,2,2,3,3,2,2,5,2,3,0,0
Em-3710,Celica ST162 2.0 Rear mount,4-C-9-4,9346140003671,04 Bronze,7,0,0,0,0,0,0,0,0,0,0,0,0,0,0,0,0,0,0,0,0,0,0,0,0,1,0,0,0,0,0,0,0,0,0,0,2,0
Em-3711,Celica ST162 2.0 Front mount,4-C-8-4,9346140003688,04 Bronze,26,0,1,0,0,0,1,0,0,1,0,2,2,1,1,0,1,0,1,2,1,2,0,0,1,1,1,0,0,1,1,0,0,0,1,0,0,2
Em-3712,"Corolla KE30,55 Front RH mount",4-C-9-1,9346140003695,04 Bronze,5,0,0,0,0,0,0,0,0,0,0,0,0,0,2,1,0,1,0,0,0,1,1,0,0,1,0,2,0,0,1,1,1,0,1,0,1,1
Em-3713,"Econ,E1400/18/20/22 Radiator",4-C-6-2,9346140027486,03 Silver,52,300,0,0,4,0,16,0,2,2,6,0,6,15,2,10,0,2,0,4,8,7,12,9,13,7,0,0,0,0,10,2,0,0,-1,8,0,3
Em-3714,Hilux RH60 Front mount,4-C-7-2,9346140003701,07 Not Classed,14,0,,,,,,,,,,,,,,,,,,,,,,,,,,,,,,,,,,,,
Em-3716,CRV RM4 2.4L 12-16 LH mnt At,4-C-8-1,9346140031759,04 Bronze,16,20,0,0,0,0,1,1,0,2,1,-1,0,0,0,0,1,1,0,2,1,0,2,1,0,1,0,0,2,2,0,2,1,0,1,3,0,-1
Em-3720,"Celi ST204,Rav4 ACA20 94-01 RH",4-C-5-1,9346140003725,04 Bronze,0,20,0,0,0,0,0,0,1,1,1,0,4,1,1,2,0,0,1,0,0,0,0,0,0,0,0,0,0,0,0,1,1,0,2,3,3,0
Em-3722,Cooper R50-53 1.6L Rear S/Bar,4-C-7-1,9346140040676,04 Bronze,71,0,5,8,8,4,4,4,2,2,5,4,5,2,10,6,2,5,4,2,1,3,4,4,3,5,5,8,2,7,7,9,4,8,1,5,2,4
Em-3723,"C30,C70,S40,V40,V50 04-15 LH",4-C-6-1,9346140040683,03 Silver,64,0,6,3,1,0,3,1,0,1,1,3,2,4,3,6,7,1,6,5,2,2,4,5,10,5,7,5,4,2,8,6,7,5,2,8,1,11
Em-3724,"Corolla AE90,92,95 Front Auto",4-C-8-3,9346140003732,04 Bronze,4,40,1,0,1,1,0,0,1,2,1,0,1,0,1,1,1,0,1,0,0,1,0,2,2,1,1,0,1,0,2,3,3,1,2,0,0,2
Em-3728,"Pulsar N13,Astra LD Rear mount",4-C-10-3,9346140003749,04 Bronze,8,0,1,0,0,0,0,0,0,0,0,0,1,1,1,2,1,0,0,0,0,0,1,0,0,0,0,1,0,0,0,0,0,0,1,1,0,0
Em-3733,"Camry SV20,21,22 Front mnt M",4-C-8-4,9346140003763,04 Bronze,9,0,0,1,0,0,1,0,0,0,0,0,0,2,0,0,0,0,0,1,2,1,0,0,0,0,2,0,0,0,0,0,0,0,2,0,0,0
Em-3734,"Camry SV20,21,22 Front mount",4-C-7-4,9346140003770,04 Bronze,41,0,2,0,1,0,0,0,0,0,0,0,0,0,0,1,0,0,1,0,1,0,0,0,0,0,0,0,2,0,0,0,0,0,0,1,2,0
Em-3735,"Camry SV20,21,22 Rear mount",4-C-6-4,9346140003787,04 Bronze,25,0,1,0,0,0,0,0,0,1,0,0,1,0,0,1,1,0,0,0,1,0,1,0,0,0,0,0,1,0,0,0,1,0,0,0,3,0
Em-3739,Civic Hybrid 1.3 06-12 Rear SB,4-C-9-3,9346140031780,04 Bronze,145,0,3,4,2,6,3,7,2,4,1,4,2,2,2,2,3,3,-1,4,0,3,-1,4,2,1,2,4,0,2,7,3,0,4,1,1,1,2
Em-3740,"4 Runner LNLN,RN,YN Front L/R",4-C-5-2,9346140003794,04 Bronze,26,0,0,0,0,1,0,0,2,0,0,0,0,2,0,2,0,0,0,0,0,6,0,2,0,4,2,0,0,0,0,2,0,0,0,4,0,0
Em-3742,"Hiace LH,YH Rear mount",4-C-4-1,9346140003817,04 Bronze,93,0,0,0,1,3,1,0,0,0,0,1,3,3,0,0,1,0,0,1,2,1,0,0,2,1,3,0,6,1,0,0,0,0,0,1,0,2
Em-3744,"Hiace RH60, Tarago Rear mnt",4-C-3-1,9346140003824,04 Bronze,12,30,0,1,2,2,0,0,0,0,0,0,1,0,0,2,0,3,1,3,1,2,1,0,2,1,2,2,1,2,2,0,0,0,3,0,0,0
Em-3747,"S-Cross JY, Vitara LY 1.6L LH",4-C-1-3,9346140041475,04 Bronze,33,0,1,0,0,0,0,0,1,0,0,0,0,1,1,1,0,1,1,1,1,0,0,0,1,1,2,0,0,0,0,0,1,0,1,1,0,0
Em-3748,Micra K13 1.2L 10-on Rear mnt,4-C-2-1,9346140031803,04 Bronze,50,0,3,1,0,1,1,0,1,2,5,1,3,2,0,4,2,1,0,4,0,4,1,0,3,3,2,7,3,5,3,-1,2,3,1,1,3,5
Em-3749,Corolla 1.6 Front mount,4-C-3-2,9346140003831,04 Bronze,11,0,0,0,0,0,0,0,0,0,0,0,0,0,0,2,0,0,0,0,0,0,2,0,0,0,0,0,0,0,0,2,0,4,2,2,0,0
Em-3750,"Camry SDV10,Apollo Front mount",4-C-9-5,9346140003848,04 Bronze,29,0,1,0,1,1,-2,-1,2,1,0,-1,1,1,1,0,0,0,0,0,0,0,2,0,0,1,2,0,0,0,0,0,0,1,0,1,0,0
Em-3751,"Camry SDV10,Apollo Front mnt M",4-C-8-5,9346140003855,05 No Sales FY25,12,0,2,1,0,0,0,0,0,0,0,0,1,1,0,0,0,0,0,0,0,0,0,0,0,0,0,1,1,1,0,0,0,0,0,0,0,0
Em-3752,"Camry SDV10,Apollo Rear mount",4-C-7-5,9346140003862,04 Bronze,27,0,2,0,1,0,0,0,0,1,0,0,0,0,0,0,0,0,0,0,0,0,0,1,0,2,1,0,0,0,1,0,0,0,0,0,0,0
Em-3753,"Camry SDV10,Apollo Rear mnt M",4-C-6-5,9346140003879,05 No Sales FY25,5,0,1,0,0,0,0,0,0,0,0,0,1,0,1,0,0,0,0,0,0,0,0,0,0,0,0,1,1,0,0,0,0,0,0,0,0,0
Em-3754,"Camry SDV10,Apollo RH E/steady",4-C-6-3,9346140003886,04 Bronze,54,0,2,1,3,2,2,0,0,2,1,1,1,1,1,2,2,2,1,2,1,2,2,2,2,1,1,4,3,1,0,-2,3,3,0,6,0,0
Em-3755,Micra K13 1.2L 10-on LH mnt,4-C-7-3,9346140031797,04 Bronze,34,50,2,2,1,0,2,3,0,1,0,1,3,2,2,2,3,1,0,3,1,4,1,3,2,2,0,2,3,2,1,1,1,0,2,1,1,2
Em-3756,"Camry SDV10,Apollo LH mount",4-C-2-5,9346140003893,04 Bronze,43,0,-1,2,0,3,1,0,1,3,1,0,0,0,3,0,0,1,0,1,2,0,0,2,0,1,2,0,0,4,0,-1,1,0,3,2,0,1
Em-3757,Camry V6 3.0 Front mount,4-C-5-5,9346140003909,04 Bronze,39,0,0,0,-1,0,0,0,0,0,0,0,1,0,1,0,0,0,1,-1,0,0,0,0,0,0,0,0,0,0,0,0,0,1,0,0,0,0
Em-3758,Camry V6 3.0 Front mount,4-C-4-3,9346140003916,04 Bronze,0,20,1,2,0,0,0,1,0,0,0,0,0,1,0,0,0,1,1,-1,0,0,1,0,0,0,3,0,0,0,0,0,0,1,1,0,0,0
Em-3759,Santa Fe SM 2.7L 00-06 LH AT,4-C-2-3,9346140041338,07 Not Classed,20,0,,,,,,,,,,,,,,,,,,,,,,,,,,,,,,,,,,,,
Em-3760,Camry SDV10 2.2 Front mount- A,4-C-3-5,9346140003923,04 Bronze,7,99,3,3,7,2,4,2,4,6,3,8,4,1,3,4,7,2,0,5,3,1,1,2,4,2,3,1,3,3,6,1,5,5,5,3,4,3
Em-3762B,Santa Fe 2.2TD 12-on Sbar,4-C-5-4,9346140042908,04 Bronze,31,0,0,0,0,0,0,1,0,2,1,0,1,0,0,0,0,3,1,1,3,1,2,1,1,2,0,4,1,2,0,1,0,2,3,3,3,2
Em-3764,"Lexus RX330, Kluger 3.3L S/Bar",4-C-5-3,9346140016688,04 Bronze,38,50,3,2,6,3,3,6,3,5,1,2,1,5,5,8,6,6,1,2,3,4,1,2,2,3,5,3,4,2,6,3,2,6,0,3,3,4
Em-3765,Paseo 1.5 '92 RH mount,4-C-1-1,9346140003961,04 Bronze,41,0,4,1,5,2,3,0,2,1,3,-1,1,2,2,4,0,2,1,2,2,1,0,4,4,5,1,7,0,2,1,1,6,1,4,3,1,5
Em-3766,"Corolla AE93,94 Rear mount",4-C-4-4,9346140003978,04 Bronze,0,110,0,1,0,2,0,0,1,1,0,0,0,0,0,0,0,0,1,0,0,1,0,0,0,0,0,1,1,0,0,1,0,1,0,0,0,0
Em-3767LH,Landcruiser UZJ200 4.7L F/LH,4-C-1-2,9346140041406,05 No Sales FY25,13,0,1,1,0,0,0,0,0,0,0,1,1,0,0,0,0,0,0,0,0,0,0,0,0,0,0,0,1,0,0,0,0,0,0,0,0,0
Em-3767RH,Landcruiser UZJ200 4.7L F/RH,4-C-2-2,9346140041413,05 No Sales FY25,16,0,0,0,0,0,0,0,0,0,0,0,1,0,0,0,0,0,0,0,0,0,0,0,0,0,0,0,1,0,0,0,0,0,0,0,0,0
Em-3769,"Corolla  AE93,94 Rear mount -M",4-C-4-4,9346140004005,04 Bronze,4,10,0,1,0,2,3,-1,0,2,3,1,0,0,0,1,0,0,0,0,0,0,0,2,0,1,0,0,0,0,0,1,0,0,0,2,3,-1
Em-3770,Camry V6 3.0 RH E/steady bar,9-A-4-2,9346140004012,02 Gold,246,200,29,37,35,28,28,53,47,28,15,19,43,30,39,36,36,33,35,30,34,16,31,23,20,29,35,36,25,38,20,14,20,22,27,26,31,21
Em-3771,"Corolla AE101,102 Front mount",4-C-3-3,9346140004029,03 Silver,91,100,13,14,8,7,5,9,5,8,9,9,6,8,10,13,12,7,7,5,7,4,4,3,4,11,11,10,12,8,4,7,3,6,3,10,8,5
Em-3772,"Corolla AE101,102 Front mount",4-C-3-4,9346140004036,04 Bronze,39,0,0,1,0,0,0,0,0,0,0,0,0,0,0,1,0,0,0,0,0,0,0,0,0,0,0,1,0,0,0,0,0,0,0,0,0,1
Em-3773,"Corolla AE101,102 Rear mount",4-C-1-5,9346140004043,04 Bronze,28,60,8,7,1,2,3,3,2,2,3,3,-1,3,9,5,6,3,2,3,2,1,3,0,3,6,4,9,7,6,3,6,0,2,4,7,1,7
Em-3774,"Civic 16V,CRX RH mount",4-C-1-5,9346140004050,04 Bronze,3,20,1,0,2,0,0,0,0,0,0,0,0,0,0,0,0,0,0,0,0,0,1,0,0,1,0,0,1,1,1,0,0,0,0,0,0,0
Em-3775,"Civic 16V,CRX RH mount",4-C-1-4,9346140004067,04 Bronze,24,0,0,0,0,0,0,0,0,0,0,0,0,0,0,0,0,1,0,-1,0,0,0,0,1,-1,0,0,0,0,1,0,0,0,0,3,1,0
Em-3776,"Civic 16V,CRX LH mount",4-C-2-4,9346140004074,04 Bronze,0,20,1,0,1,0,0,0,0,0,0,1,0,0,0,0,0,0,0,0,1,0,0,0,1,0,0,0,1,1,2,0,0,0,1,2,0,1
Em-3777,Civic SR3 LH mount,4-C-2-4,9346140004081,05 No Sales FY25,3,20,0,0,0,0,1,0,0,0,0,0,0,0,0,0,0,0,0,0,0,0,0,0,0,0,0,0,0,0,0,0,1,0,0,1,0,-1
Em-3778,"Corolla AE101,102 RH mount",4-B-10-1,9346140004098,03 Silver,70,0,9,10,7,7,2,3,3,5,4,6,3,11,10,9,6,10,6,3,1,2,9,1,7,8,15,16,7,7,2,2,1,4,6,8,5,6
Em-3779,Corolla AE101 RH mount,4-B-9-1,9346140004104,07 Not Classed,0,,,,,,,,,,,,,,,,,,,,,,,,,,,,,,,,,,,,,
Em-3780,"Corolla AE101,102 LH mount-A",4-B-8-1,9346140004111,04 Bronze,43,0,2,2,3,2,0,1,2,1,0,2,1,5,6,2,3,1,2,0,2,4,2,-1,0,2,2,7,2,1,0,4,0,0,2,-1,0,4
Em-3781,Corolla AE102 RH mount,4-B-7-1,9346140004128,04 Bronze,19,0,1,4,1,-2,0,1,0,0,1,0,0,3,1,0,1,0,1,1,-1,1,0,0,1,3,0,4,3,3,0,3,1,1,2,-1,0,1
Em-3784B,Vol XC90 4.4L V8 Rear Upper A,4-B-10-5,9346140040928,04 Bronze,20,0,0,0,0,1,0,0,0,0,1,0,1,0,0,0,0,0,0,0,0,1,0,0,0,0,0,2,-1,0,0,1,0,0,1,1,1,-1
Em-3785,Toyota ST190 Rear mount,4-B-10-G,9346140004166,07 Not Classed,2,0,,,,,,,,,,,,,,,,,,,,,,,,,,,,,,,,,,,,
Em-3786,"Corolla AE95,AT171 RH mount",4-B-8-2,9346140004173,04 Bronze,24,0,0,0,0,0,0,0,0,0,0,0,0,0,0,0,0,0,0,0,0,0,0,1,0,0,0,0,1,0,0,1,0,0,0,1,0,0
Em-3788,"Paseo, Tercel Rear mount A&M",4-B-7-5,9346140004197,04 Bronze,38,0,6,5,4,0,3,4,5,2,5,6,3,7,3,4,1,5,2,1,2,4,4,4,5,5,4,9,2,8,2,4,12,4,4,5,2,7
Em-3789,Pulsar N14 1.6 RH mount,4-B-10-4,9346140004203,04 Bronze,6,25,0,0,2,-1,0,0,1,0,0,0,0,2,0,1,0,0,1,0,1,0,0,1,0,2,1,0,0,2,2,3,0,0,4,1,0,4
Em-3790,"Pulsar N14,N15 1.6,2.0 Rear Au",4-B-10-3,9346140004210,04 Bronze,2,72,5,3,5,1,2,0,0,1,3,1,2,3,0,4,5,1,3,0,3,2,1,5,2,2,4,0,2,5,3,4,1,0,4,1,2,2
Em-3791AH,X-Trail T32 2.5L 14-on LH S/Br,4-B-6-3,9346140046616,06 First Sale in FY26,25,100,0,0,0,0,0,0,0,0,0,0,0,0,0,0,0,0,0,0,0,0,0,0,0,0,0,0,0,0,0,1,0,0,0,2,-1,1
Em-3791H,X-Trail T32 2.5L 14-on LH L/Br,4-B-6-5,9346140029497,04 Bronze,156,0,4,4,1,5,5,2,1,2,1,5,2,0,2,4,4,2,1,3,2,3,3,6,8,1,7,2,4,6,13,6,0,4,6,8,6,6
Em-3791HB go to EM-3791AH,X-Trail T32 2.5L LH Hydro bush,4-B-10-2,9346140039229,06 First Sale in FY26,0,,0,0,0,0,0,0,0,0,0,0,0,0,0,0,0,0,0,0,0,0,0,0,0,0,0,0,0,0,0,0,0,0,0,0,0,2
Em-3792,Altima L33 2.5L 13-17 Rear,4-B-9-2,9346140041499,04 Bronze,22,0,0,0,0,0,0,0,0,0,0,0,0,1,1,0,0,1,0,0,0,0,0,0,0,1,0,1,2,0,3,0,0,1,2,2,-1,2
Em-3804,"MaxJ32,,X-trail 08-on RH S/Bar",4-B-7-2,9346140029206,03 Silver,184,0,6,7,4,6,5,1,5,1,2,3,2,11,1,5,8,7,7,4,1,1,4,3,2,5,6,10,8,4,5,3,2,9,7,6,9,10
Em-3807,Accord Front E/steady bar,4-B-6-1,9346140004234,04 Bronze,5,0,1,0,1,0,2,0,0,0,0,0,2,0,0,0,1,0,0,1,1,1,0,0,0,0,0,0,0,0,0,0,0,1,1,1,0,1
Em-3808,"Aven,Sebr 2.4,2.7L 07-10 Front",4-B-6-2,9346140039571,04 Bronze,78,0,4,4,2,5,4,3,1,3,1,0,1,3,0,2,2,2,1,4,1,0,1,2,0,5,3,5,4,4,1,1,0,3,0,1,0,1
Em-3816,Honda CRV 2.0L 97-01 LH mnt At,4-B-5-1,9346140020753,04 Bronze,4,300,0,1,3,1,2,1,0,1,3,0,0,0,1,3,2,0,2,2,1,0,1,5,0,0,3,2,0,3,2,2,3,3,2,1,2,2
Em-3817,Avensis ACM21 2.4L 03-10 LH mt,4-B-4-1,9346140027776,03 Silver,87,0,14,4,4,9,2,6,1,6,7,8,6,13,6,10,6,10,3,3,5,4,6,4,5,5,5,7,7,3,5,0,5,2,4,4,3,5
Em-3818,Kia Soul AM 1.6L 09-14 LH Mtm,4-B-3-1,9346140036419,05 No Sales FY25,8,0,0,0,0,0,0,0,0,0,0,0,0,0,2,0,0,0,0,0,0,0,0,0,0,0,0,0,0,0,0,0,0,0,0,0,0,0
Em-3819,"Camry SV20,21,22 Rear mnt M",4-C-6-4,9346140004289,04 Bronze,16,0,0,0,0,-1,0,0,0,0,0,1,0,2,0,0,0,0,0,1,2,1,0,0,0,0,1,0,1,0,0,1,0,0,1,0,0,0
Em-3823,Prelude 92-00 Front mount,4-B-2-1,9346140004319,04 Bronze,48,0,6,1,1,1,3,4,1,2,0,2,0,2,1,0,0,0,2,2,0,0,0,0,1,0,5,1,4,2,0,1,0,3,3,2,5,2
Em-3825,"Vect ZC,SAAB 9-3 03-10 Front A",4-B-1-1,9346140041512,04 Bronze,29,0,0,0,0,2,2,0,0,0,0,0,2,3,0,2,0,0,1,0,0,0,0,1,0,-1,1,0,0,0,1,0,0,0,1,0,0,0
Em-3826,Prelude 92-00 Rear mount,4-B-3-2,9346140004326,04 Bronze,6,0,5,1,0,0,2,2,2,2,1,1,0,0,1,0,0,0,0,1,0,1,0,1,1,1,6,1,2,2,0,3,3,3,5,1,0,0
Em-3827,Prelude LH mount,4-B-5-2,9346140004333,06 First Sale in FY26,24,0,0,0,0,0,0,0,0,0,0,0,0,0,0,0,0,0,0,0,0,0,0,0,0,0,0,0,1,0,1,0,0,2,0,0,0,0
Em-3828,Prelude RH mount,4-B-2-2,9346140004340,05 No Sales FY25,13,0,1,0,0,0,0,1,0,0,0,0,0,1,0,0,0,0,0,0,0,0,0,0,0,0,0,0,0,0,0,0,0,0,1,0,1,0
Em-3830,Prelude Front & Rear mount,4-B-1-2,9346140004357,05 No Sales FY25,14,0,0,0,0,0,0,0,0,0,0,0,0,0,0,0,0,0,0,0,0,0,0,0,0,0,0,0,0,0,0,0,0,0,0,0,2,0
Em-3833,Prelude Front mount,4-B-1-2,9346140004364,04 Bronze,29,0,1,1,0,0,0,0,0,0,0,0,0,0,0,0,0,0,0,0,0,0,0,0,0,2,1,2,0,2,1,3,2,1,1,0,5,0
Em-3854,Civic 12V Rear mount,4-B-10-T,9346140004371,07 Not Classed,24,0,,,,,,,,,,,,,,,,,,,,,,,,,,,,,,,,,,,,
Em-3855H,"Bora,Golf 2.3L 98-05 RH Hydro",4-B-8-5,9346140040904,04 Bronze,26,0,2,2,1,0,0,0,0,1,0,0,0,0,0,0,0,2,0,0,0,0,1,1,1,1,1,2,1,1,1,3,0,1,0,0,0,0
Em-3866,Honda Civic LH mount,4-B-9-4,9346140004388,04 Bronze,19,0,0,0,0,0,0,0,0,0,0,0,0,0,0,0,1,0,0,0,0,1,0,0,0,0,0,0,0,0,0,0,0,0,0,0,0,0
Em-3868,"Civic, CRX 9-98 LH mnt Mtm",4-B-9-4,9346140004395,04 Bronze,1,0,0,0,1,0,0,1,0,0,1,1,0,0,0,0,0,0,0,1,0,0,0,0,1,1,0,0,0,0,0,1,0,1,1,-1,1,0
Em-3869,Civic SR3 Front LH mount,4-B-8-4,9346140004401,03 Silver,14,100,2,4,7,4,4,7,3,5,8,5,5,3,3,2,10,4,1,4,3,5,1,7,5,6,4,5,2,7,2,5,10,7,7,4,7,8
Em-3871,Maxima J32 2.5L 09-14 LH CVT,4-B-9-3,9346140042847,04 Bronze,20,0,0,0,0,0,0,0,0,0,0,0,0,0,0,0,0,0,0,1,-1,0,0,0,0,0,0,0,0,0,0,0,0,0,0,0,0,0
Em-3873,"S60,S90,V60,XC60,XC90 - RH Up",4-B-8-3,9346140040690,03 Silver,101,0,6,3,4,6,6,5,5,6,5,1,3,7,5,17,13,10,5,6,6,6,9,8,4,6,6,7,8,7,8,4,6,3,5,4,4,3
Em-3874,"Cit C5/6,Peu 407 01-10 RH SBar",4-B-7-3,9346140029787,04 Bronze,17,0,0,2,1,1,0,0,0,0,0,0,0,0,0,0,0,1,0,0,0,0,1,0,0,1,0,0,0,0,1,0,0,0,0,0,0,1
Em-3875,"Civic S04, CRV RH mount",4-B-7-4,9346140004418,04 Bronze,0,30,1,1,0,1,0,1,1,1,0,1,0,2,2,1,0,0,0,1,1,0,1,3,1,0,1,1,0,0,1,3,6,4,3,0,1,2
Em-3876,Civic SO4 LH mount,4-B-5-5,9346140004425,04 Bronze,13,30,2,4,0,2,2,0,2,1,2,2,1,3,1,1,2,2,3,-1,3,0,1,1,1,1,1,1,0,1,0,2,2,0,2,2,0,3
Em-3877,Accord SM4 LH mount,4-B-6-4,9346140004432,04 Bronze,4,0,1,0,1,0,0,0,0,0,0,0,0,0,0,0,0,0,0,0,0,0,0,0,0,2,0,0,0,0,0,0,0,0,0,0,0,1
Em-3881,Accord SV4 Front mount,4-B-9-1,9346140004449,04 Bronze,22,0,1,1,1,0,-1,-1,0,1,1,1,0,1,1,0,1,-1,1,1,0,0,0,1,0,1,0,0,0,2,0,0,0,1,0,0,0,0
Em-3882,"S60,S90,XC60,XC90 2.0 LH Lower",4-B-5-3,9346140040706,04 Bronze,21,0,0,0,0,1,0,0,0,0,0,0,0,0,0,1,0,0,0,1,0,0,0,0,0,0,0,0,0,0,1,0,0,1,0,0,0,2
Em-3884,Pathfinder 3.5L 99-04 Front mt,4-B-5-2,9346140029503,05 No Sales FY25,0,,0,0,0,0,0,0,0,0,0,0,0,0,0,0,0,0,0,0,0,0,0,0,0,0,0,0,0,0,0,0,0,0,0,0,0,0
Em-3885,Altima L33 2.5L Rear SteadyBar,4-B-4-2,9346140041505,04 Bronze,37,0,3,1,2,0,2,2,1,0,1,0,0,1,4,2,0,1,0,1,4,1,-1,1,0,2,2,2,3,1,2,4,1,2,1,3,1,7
Em-3886,Honda Accord 93-97 LH mount,4-B-10-2,9346140004463,04 Bronze,9,0,0,0,0,0,1,2,0,-1,1,0,1,0,1,0,0,0,1,0,0,1,1,0,0,0,0,0,0,2,0,0,0,1,0,0,0,0
Em-3887,Accord SV4 Rear mount,4-B-3-5,9346140004470,04 Bronze,18,0,1,0,0,1,1,0,0,0,1,0,0,0,1,0,0,0,1,0,0,0,0,1,0,1,0,0,0,1,0,0,0,1,0,0,0,0
Em-3888,Accord SV4 Rear mount,4-B-3-4,9346140004487,05 No Sales FY25,0,30,0,0,0,0,1,0,0,0,0,0,0,0,0,0,0,0,0,0,0,0,0,0,0,0,0,0,0,0,0,0,0,0,0,0,0,0
Em-3889,"Accord, Odyssey RH mount",4-B-5-4,9346140004494,04 Bronze,13,0,1,0,0,0,0,1,-1,0,2,0,0,0,0,1,0,0,1,0,0,0,0,0,0,1,0,0,1,2,-1,0,0,0,0,0,0,0
Em-3890,"BMW 116i-328i,118d-420d R L/R",4-B-4-4,9346140039670,04 Bronze,46,0,0,0,2,-1,0,2,0,0,0,0,0,0,2,0,2,0,0,0,3,2,4,0,0,6,0,6,6,4,0,0,0,2,4,2,6,0
Em-3896,"Trans T5 2.0,2.5L 04-14 Front",4-B-4-3,9346140029794,04 Bronze,78,0,2,5,3,1,2,0,2,1,2,4,3,3,3,4,1,3,2,4,2,2,6,4,5,6,2,5,2,5,1,4,5,3,4,7,5,7
Em-3897,"Urvan E24,TD23 Front LH/RH mt",4-B-2-4,9346140004524,05 No Sales FY25,89,0,2,2,0,0,0,0,0,0,0,0,0,0,0,0,0,0,0,0,0,0,0,0,0,0,0,0,0,1,0,0,4,2,0,0,0,0
Em-3900,"Laser KF,KH/323 Rear mount",4-B-3-3,9346140004531,04 Bronze,13,0,1,0,1,0,0,1,2,-1,0,0,1,1,1,0,0,0,0,0,0,0,0,1,0,0,2,2,1,0,1,2,0,1,0,0,0,2
Em-3902,323/Laser KJ Front mount,4-B-2-3,9346140004548,04 Bronze,27,0,0,0,0,-2,0,2,0,0,3,1,0,0,1,-1,0,1,0,1,-1,2,0,0,1,0,0,3,1,2,0,0,0,0,0,0,0,0
Em-3904,323/Laser KJ Rear mount,4-B-3-4,9346140004562,04 Bronze,9,0,0,0,-1,0,-1,0,-1,0,0,0,2,0,0,0,0,1,0,1,0,0,1,0,2,0,2,4,1,0,1,-1,0,1,1,1,1,0
Em-3905,Laser KJ/323 Front mount,4-B-1-4,9346140004579,04 Bronze,18,0,0,0,0,1,0,0,0,0,1,0,0,0,0,0,0,0,0,0,0,0,0,0,0,0,1,1,0,0,1,0,0,0,1,0,0,0
Em-3906,323/Laser KJ RH 94-98  ALL,4-B-1-5,9346140004586,04 Bronze,6,0,1,-1,0,2,1,2,2,1,0,1,1,0,0,1,0,1,0,4,0,0,0,1,2,0,0,2,2,2,1,0,0,0,1,1,1,1
Em-3907,323/Laser KJ LH mount,3-A-1-4,9346140004593,04 Bronze,7,0,0,0,1,0,1,1,1,0,0,1,0,0,0,0,0,1,0,1,0,0,0,0,1,0,0,1,1,1,0,0,0,0,0,0,0,0
Em-3908,"Lancer CB,Lantra Rear mount",4-A-5-1,9346140004623,04 Bronze,14,0,0,0,0,0,0,0,0,0,1,0,1,0,0,0,0,1,0,0,0,0,0,0,0,0,1,0,0,-1,0,0,1,0,0,0,1,0
Em-3909,"CHR ZYX10,Cor ZWE211 Rear CVT",4-A-4-1,9346140042632,04 Bronze,100,0,0,0,0,0,0,0,0,0,0,1,0,0,1,1,0,0,0,0,0,0,0,1,0,0,0,1,1,2,2,1,0,1,0,1,1,0
Em-3910,Mazda 323 V6 Front mount,4-A-5-2,9346140004647,05 No Sales FY25,58,0,0,0,0,0,1,1,0,1,0,0,0,0,0,0,0,0,0,0,0,0,0,0,0,0,0,1,0,0,0,0,0,0,0,0,1,0
Em-3913,"Festiva WB, 121 Front mnt Auto",4-A-3-2,9346140004654,04 Bronze,283,0,4,6,7,2,0,0,0,3,4,2,2,4,3,4,1,2,2,2,0,1,4,7,3,2,1,4,7,3,2,-2,1,0,0,1,3,8
Em-3914,"Festiva WB, 121 Rear mount",4-A-4-2,9346140004661,04 Bronze,7,0,3,6,6,1,1,0,0,1,7,3,1,3,2,5,3,1,4,4,0,0,6,3,2,6,5,6,6,3,1,1,1,1,1,2,7,3
Em-3915,Tarago ACR50 2.4L 05-on LH CVT,4-A-2-5,9346140039557,03 Silver,159,0,8,2,7,8,2,7,1,2,6,10,10,11,5,6,3,11,14,7,4,13,9,1,5,2,13,10,17,12,18,4,6,7,7,2,16,15
Em-3916G,Kluger MCU28 3.3L 03-07 Rear K,4-A-3-1,9346140032282,04 Bronze,0,,0,0,0,1,1,0,0,0,1,1,0,0,0,0,1,1,0,1,1,0,0,0,0,0,0,0,0,0,0,0,0,0,0,0,0,0
Em-3916K,"RX330-400H,Klug GSU40,45 R Kit",4-A-5-4,9346140045930,04 Bronze,66,0,0,0,0,0,0,0,0,0,0,0,0,0,0,0,0,0,0,0,0,0,0,1,-1,2,1,1,2,4,-1,2,0,3,3,5,2,2
Em-3917,Nissan Vanette Front mount,4-A-3-1,9346140004678,05 No Sales FY25,5,0,0,1,0,0,0,1,0,0,0,0,0,0,0,0,0,0,0,0,0,0,0,0,0,0,0,0,0,0,0,0,0,0,0,0,0,0
Em-3918,Nissan 720 Front mount,4-A-3-2,9346140004685,04 Bronze,10,0,0,0,0,0,0,0,0,0,0,0,0,0,0,0,0,0,0,0,0,0,0,0,1,0,0,0,0,0,0,0,0,0,0,0,0,0
Em-3919,Nissan Navara Front mount,4-A-2-1,9346140004692,04 Bronze,9,0,1,2,1,0,0,1,0,0,1,1,0,0,1,1,0,0,0,0,0,1,0,0,1,0,1,0,2,0,0,0,0,1,0,0,1,0
Em-3920,Navara 88-92 Front mount,4-A-2-2,9346140004708,04 Bronze,4,0,1,0,1,0,0,0,0,0,1,1,0,0,1,0,0,0,0,0,0,0,0,0,1,0,1,0,2,0,0,0,0,1,0,0,1,0
Em-3927,"Civic, CRV, Integra Rear mount",4-A-1-1,9346140004715,04 Bronze,38,0,5,4,2,2,2,3,4,3,4,4,3,2,2,2,2,2,2,5,3,1,3,6,3,3,2,6,5,6,3,7,8,8,6,2,4,6
Em-3936,"Lancer,Lantra Front mount",4-A-1-2,9346140004722,04 Bronze,23,0,0,0,0,1,0,0,0,0,1,1,1,0,0,0,0,0,0,0,0,0,0,1,0,0,0,0,1,0,0,0,1,0,0,0,1,0
Em-3947,Telstar AX-AY/626 Front mount,4-A-5-3,9346140004739,04 Bronze,21,0,0,1,0,1,0,0,0,1,0,0,1,0,0,0,0,0,0,0,0,0,0,1,0,1,0,1,0,0,0,1,0,0,0,0,0,2
Em-3952,Telstar AX-AY/626 Rear mount,4-A-4-3,9346140004746,04 Bronze,31,0,0,2,0,1,0,0,0,1,0,0,0,0,0,0,0,0,0,1,0,2,0,1,0,1,0,1,0,0,0,0,0,0,0,0,0,0
Em-3953,Pulsar N14  N15 1.6 LH  AUTO,4-A-3-3,9346140004753,04 Bronze,3,20,2,1,3,0,1,0,0,0,2,0,0,0,1,1,2,2,1,0,0,0,0,1,0,3,0,-1,1,5,2,2,2,0,2,2,2,2
Em-3953A,Pulsar N14 N15 2.0L LH mnt Atm,4-A-2-3,9346140004760,04 Bronze,12,0,1,1,0,0,0,0,0,0,1,2,1,0,0,2,-1,0,1,0,0,0,0,0,0,0,1,0,0,0,0,0,0,0,1,0,1,0
Em-3954,"Pulsar N14,N15 1.6 LH Mtm",4-A-2-4,9346140004777,04 Bronze,33,0,0,0,2,0,0,0,0,0,0,0,0,0,0,0,0,0,0,0,1,0,1,1,0,0,0,1,0,0,0,1,0,0,1,0,0,1
Em-3954A,Pulsar N15 91-00 2.0L LH M,4-A-1-3,9346140004784,04 Bronze,9,30,1,2,1,4,3,0,1,4,2,0,3,1,0,2,2,2,3,1,1,1,0,1,1,2,2,3,1,1,0,4,1,1,3,3,2,1
Em-3955,Telstar AX-AY/626 LH mount,4-A-1-4,9346140004791,04 Bronze,5,0,0,0,0,1,0,0,0,1,3,1,0,0,0,0,0,0,0,0,0,0,0,3,0,0,0,1,0,0,0,1,0,0,1,0,1,-1
Em-3957,Telstar AX-AY/626 LH mount,3-A-1-3,9346140004807,04 Bronze,49,0,0,0,0,1,0,0,0,0,1,0,1,0,0,0,0,0,0,0,0,0,0,0,0,2,0,0,0,0,0,1,0,0,0,0,0,0
Em-3961,"Corolla AE80,82 Front mnt All",4-A-5-4,9346140004814,04 Bronze,3,0,0,0,0,0,0,0,0,0,0,0,1,0,0,1,0,0,1,1,0,0,0,0,0,0,0,0,0,0,0,0,0,0,0,0,0,0
Em-3962,"Corolla AE80,82 Front mount",4-A-5-4,9346140004821,04 Bronze,2,0,0,0,1,0,0,1,0,0,0,1,0,1,0,0,1,0,0,0,0,0,0,0,0,0,1,0,0,0,0,0,0,1,0,0,0,0
Em-3963,"Corolla AE80,82 RH mount",4-A-3-4,9346140004838,04 Bronze,21,0,0,0,0,0,0,0,0,0,0,1,0,0,0,0,0,0,0,0,0,0,0,0,0,0,1,0,0,0,1,0,0,0,0,1,0,0
Em-3964,"Cit C4,Peug 307-308,3008 Front",4-A-4-4,9346140039687,04 Bronze,23,0,0,2,0,2,2,0,1,0,1,0,1,3,1,1,2,0,0,0,1,1,2,3,0,0,0,3,0,0,2,1,2,2,0,1,1,-1
Em-3980,"Mazda,Courier Front mount",5-A-1-T,9346140004876,04 Bronze,0,,0,0,0,1,0,0,0,0,0,0,0,0,0,0,0,0,0,0,0,0,0,0,2,0,0,0,0,0,0,0,0,0,0,0,0,0
Em-4021,D-Max 3.0L 12-on Rear 4WD Mtm,5-A-2-1,9346140044162,04 Bronze,0,160,0,0,0,0,0,0,0,0,0,0,0,0,0,0,0,0,0,0,0,4,3,3,2,3,3,1,4,5,10,8,1,8,11,7,1,0
Em-4021A,"DMax TFS85,MUX UCS85 3.0 RearA",5-A-3-1,9346140046555,06 First Sale in FY26,38,100,0,0,0,0,0,0,0,0,0,0,0,0,0,0,0,0,0,0,0,0,0,0,0,0,0,0,0,0,3,1,0,0,2,3,1,1
Em-4022,Transit VN 2.0TD 16-on Rear At,5-A-3-3,9346140043783,04 Bronze,47,200,0,0,0,0,0,0,0,0,0,0,0,1,1,2,2,4,2,1,2,2,3,5,2,3,5,3,4,5,7,5,6,7,2,6,9,11
Em-4023,Delta Rear mount L/R,5-A-1-2,9346140004890,04 Bronze,34,0,0,1,4,4,6,2,2,8,0,2,4,1,-1,2,2,2,0,2,1,0,4,-2,12,0,0,0,0,8,2,0,1,0,0,0,0,0
Em-4024,"Laser KF,KH/323/Mentor Front",5-A-3-2,9346140004906,04 Bronze,22,0,2,0,1,0,0,1,1,0,0,0,0,2,1,0,0,0,0,0,0,0,0,3,1,-1,3,2,4,2,2,2,0,2,0,2,0,1
Em-4025,"Fiesta WP,WQ 1.6L 04-08 R SBar",5-A-1-3,9346140029220,04 Bronze,28,60,4,0,2,0,4,3,0,2,3,3,5,6,4,8,2,6,4,3,1,3,1,3,1,2,1,3,3,5,0,8,1,1,2,9,3,2
Em-4028,"Civic, CRX, Integra Rear mount",5-A-4-1,9346140004920,04 Bronze,22,0,0,2,1,0,0,0,0,0,0,0,0,0,0,0,0,0,0,0,0,0,0,0,1,-1,1,1,0,0,1,0,0,0,1,2,1,-1
Em-4051,Barina/Swift Rear mount,5-A-4-1,9346140004937,04 Bronze,6,0,-2,0,2,0,0,0,0,0,0,1,0,0,0,0,1,0,0,0,0,0,0,0,0,0,0,0,0,0,0,0,0,0,0,0,0,0
Em-4054,Civic Front RH mount,5-A-4-2,9346140004944,04 Bronze,42,0,0,2,3,3,2,4,1,0,3,3,2,1,1,2,3,2,2,0,3,1,3,6,2,2,3,1,0,1,3,2,6,6,3,2,4,5
Em-4093,Corolla AE92/Nova Rear mount,5-A-5-1,9346140004951,04 Bronze,45,0,0,0,0,0,1,0,0,1,0,0,0,0,0,2,0,0,0,0,0,0,1,0,1,2,2,0,0,1,1,0,0,0,0,0,1,2
Em-4094,Laser KC.KE/323 RH mount,5-A-5-2,9346140004968,04 Bronze,37,0,0,0,0,1,0,0,0,0,0,0,0,0,0,0,0,0,0,0,0,2,0,0,1,0,0,0,0,0,0,0,0,0,0,0,0,0
Em-4121,"Corolla AE80,82 Rear mnt - At",5-A-1-T,9346140004982,04 Bronze,58,0,0,0,1,0,0,1,0,0,1,1,0,0,0,0,1,0,0,0,0,0,0,0,0,0,2,1,0,0,0,0,0,0,0,0,0,0
Em-4122,Maz 3 BL SP20 2.0L 11-14 Rear,5-A-2-3,9346140042601,03 Silver,144,0,1,5,4,2,7,1,2,3,5,1,5,5,2,8,7,3,2,4,2,2,9,3,6,5,2,7,8,9,13,1,6,4,5,8,8,7
Em-4123,Fiesta WZ 1.5L 13-14 Rear SB,5-A-2-4,9346140042618,04 Bronze,46,100,0,0,2,-1,1,1,0,3,1,3,0,6,4,2,6,0,2,3,0,2,2,3,0,0,4,2,3,2,3,4,3,6,4,3,5,8
EM-4124,"City,Fit,Jazz 1.5L 07-14 LH M",5-A-1-4,9346140044438,04 Bronze,16,0,0,0,0,0,0,0,0,0,0,0,0,0,0,0,0,0,0,0,0,0,1,1,0,2,0,0,0,0,0,0,0,0,0,0,0,0
Em-4158,Rodeo Front LH mount,5-B-1-5,9346140005002,04 Bronze,40,0,0,1,0,2,2,4,1,1,1,1,1,2,2,2,1,1,0,3,-1,1,1,1,0,0,0,0,1,2,1,0,1,1,1,2,1,1
Em-4159,Rodeo Front RH mount,5-B-2-5,9346140005019,04 Bronze,26,0,0,2,0,0,2,3,1,1,0,3,0,2,1,1,1,2,0,2,0,0,0,0,0,0,1,1,1,1,1,2,1,1,1,2,1,1
Em-4160,Rodeo KB Front LH mount,5-C-7-5,9346140005026,05 No Sales FY25,14,0,0,0,0,0,1,0,0,0,0,1,0,0,0,0,0,0,0,0,0,0,0,0,0,0,0,0,0,0,0,0,0,0,0,0,0,0
Em-4161,Rodeo KB Front RH mount,5-C-7-5,9346140005033,05 No Sales FY25,9,0,0,0,0,0,1,0,0,0,0,1,0,0,0,0,0,0,0,0,0,0,0,0,0,0,0,0,0,0,0,0,0,1,0,0,0,0
Em-4168,Corolla AE92/Nova Rear mount,5-A-2-2,9346140005057,04 Bronze,5,20,2,1,0,0,0,0,1,1,0,-1,0,1,1,1,0,1,0,0,0,0,1,1,0,1,1,0,1,1,0,1,1,0,1,1,-1,2
Em-4170,Nissan 720 Rear mount,5-A-4-4,9346140005064,04 Bronze,26,0,1,0,0,0,0,0,0,1,1,1,0,0,0,0,1,0,0,0,0,0,0,0,1,1,2,0,2,2,1,0,0,0,0,0,1,2
Em-4180,Accord 2.0 LH mount,5-A-5-4,9346140005095,04 Bronze,13,0,0,0,0,0,0,0,0,0,0,0,0,0,0,1,0,0,0,0,0,0,0,1,0,0,0,0,0,2,0,0,0,0,0,0,1,0
Em-4181,"Qashqai J11,X-Trail T32 LH CVT",5-A-4-3,9346140042168,04 Bronze,35,0,1,0,1,1,1,1,1,0,0,3,-2,1,1,0,0,0,1,0,0,0,2,3,0,0,0,1,0,2,2,-1,1,5,0,1,1,1
Em-4182,"Merc GL, ML, R 05-16 Rear A",5-A-3-4,9346140042502,04 Bronze,40,0,4,-4,1,0,2,0,0,1,1,0,2,0,4,1,1,0,1,1,1,1,0,3,1,0,0,2,0,0,0,2,1,3,0,2,1,0
Em-4183,"Juke F15 1.2,1.6L 12-on RH mnt",5-A-4-5,9346140037669,04 Bronze,23,0,0,0,0,0,0,0,1,-1,0,0,0,0,0,0,0,1,0,1,0,0,0,0,0,0,0,0,2,-1,0,0,0,0,0,0,0,1
Em-4184,Corollae AE93 1.8L 92-94 LH mt,5-D-W-0,9346140005101,04 Bronze,21,0,0,0,0,0,3,-2,0,0,1,0,0,0,0,2,-1,0,0,0,0,0,0,0,0,1,0,0,0,0,0,0,0,0,0,0,0,0
Em-4185,Corolla AE92/Nova RH mount,5-A-5-5,9346140005118,04 Bronze,13,0,1,0,0,1,3,1,0,0,1,1,-1,1,0,2,0,1,1,0,0,1,0,2,0,1,1,0,1,0,1,0,1,0,4,2,-1,1
Em-4186,Corolla AE92/Nova LH mount,5-A-5-5,9346140005125,04 Bronze,14,0,0,0,0,0,2,0,0,1,1,1,1,1,0,2,0,0,0,1,0,0,0,2,0,0,0,0,1,0,0,1,0,1,1,1,2,1
Em-4188,"Corolla AE80,82 LH Auto",5-B-1-1,9346140005149,04 Bronze,2,0,0,0,0,0,0,0,0,0,0,1,0,0,0,0,0,0,0,0,0,0,0,0,0,0,1,0,0,0,0,0,0,0,0,0,0,0
Em-4189,"G.Cheroke WK 6.2,6.8 V8 Rear A",5-A-5-3,9346140042830,04 Bronze,44,0,-1,0,0,0,0,1,1,0,1,1,0,1,1,2,0,0,1,0,0,0,0,0,0,0,0,3,0,1,4,1,0,1,2,3,1,3
Em-4193,"Telstar AT,AV/626 LH mount",5-B-8-1a,9346140005156,04 Bronze,3,10,0,0,0,0,0,0,0,1,0,0,1,0,0,0,0,0,0,0,0,1,1,0,0,0,0,0,1,0,0,0,0,0,0,0,0,0
Em-4197,"Telstar AX,AY/626 RH mount",5-B-6-1,9346140005163,04 Bronze,11,0,0,1,0,0,0,-1,0,1,0,0,0,1,0,0,0,0,1,1,0,0,0,1,0,1,0,0,0,0,0,1,0,0,0,0,0,0
Em-4198,"Laser KF,KH/323/Mentor RH mnt",5-B-2-1,9346140005170,04 Bronze,11,0,0,0,1,0,0,0,1,1,0,1,0,0,0,1,0,0,0,2,-1,0,1,2,1,-1,3,0,2,-1,1,2,0,2,1,0,2,4
Em-4205,"Cress MX83,Crest GX81 Front LR",5-B-0-3,9346140005194,04 Bronze,4,15,0,0,0,0,0,0,0,0,0,0,0,0,0,0,0,0,0,0,0,0,0,0,0,4,0,2,0,2,0,4,0,0,0,2,2,0
Em-4205B,"Chas GX90,Cres GX100,Crown Fnt",5-B-0-3,9346140048078,06 First Sale in FY26,20,0,0,0,0,0,0,0,0,0,0,0,0,0,0,0,0,0,0,0,0,0,0,0,0,0,0,0,0,0,0,2,0,0,0,0,0,0
Em-4206H,Murano Z51 3.5L 09-06 Rear Hyd,5-B-6-5,9346140036761,04 Bronze,10,20,0,0,0,2,1,0,0,0,1,0,0,1,1,0,-1,0,1,0,0,0,0,1,0,2,1,4,1,0,2,0,0,1,0,2,0,0
Em-4207,Civic FK2 1.8L 06-12 LH mnt,5-B-7-5,9346140042045,04 Bronze,35,0,1,0,0,0,0,1,2,0,0,0,0,0,0,0,0,0,1,0,0,0,0,0,0,0,1,0,1,0,2,0,-1,0,0,0,2,0
Em-4208,Civic FK2 1.8L 06-12 Rear mnt,5-B-9-3,9346140042052,04 Bronze,10,100,1,0,4,-1,2,5,1,1,3,4,3,6,1,1,4,2,3,3,1,1,1,4,-1,1,1,1,3,4,6,1,0,2,7,4,8,5
Em-4214,Telstar AX-AY/626 Mid mount,5-B-1-2,9346140005200,04 Bronze,33,0,0,1,1,1,2,-1,0,0,1,3,0,1,0,1,0,0,0,0,0,0,0,0,0,0,0,0,1,0,0,0,0,1,0,2,0,0
Em-4215,"Telstar AX,AY/626 Mid mount",5-B-2-2,9346140005217,04 Bronze,88,0,0,1,0,0,0,0,0,0,0,0,0,0,0,0,0,0,0,0,0,1,0,0,0,0,0,0,0,0,0,0,0,0,0,0,0,0
Em-4223,"Camry SV20,21,22 Mid mount",5-B-4-2,9346140005224,04 Bronze,10,0,1,0,0,0,0,0,0,0,0,0,0,0,0,0,0,0,0,0,0,0,0,0,1,0,1,0,0,0,0,0,0,0,0,0,2,0
Em-4227,Camry V6 RH E/steady bar,5-B-1-4,9346140005231,04 Bronze,247,0,1,5,2,-1,1,0,0,1,0,1,1,2,0,1,0,1,0,2,0,1,0,0,0,2,0,0,0,0,0,0,0,2,3,0,0,3
Em-4235,Civic SR3 RH mount,5-B-3-2,9346140005248,04 Bronze,19,0,1,0,2,0,0,1,0,1,0,1,1,0,0,0,1,1,0,1,1,1,0,0,1,0,-1,1,0,4,0,-1,2,2,4,0,1,0
Em-4237,Civic SR3 RH mount,5-B-5-1,9346140005255,04 Bronze,48,0,0,0,0,0,0,1,0,0,0,0,0,0,0,0,1,-1,0,0,0,1,-1,0,0,0,0,0,0,0,0,0,0,0,0,0,0,0
Em-4238,Civic SR3 LH mount,5-B-4-1,9346140005262,04 Bronze,18,0,1,2,0,0,1,0,0,1,0,0,1,0,0,2,0,1,1,0,1,0,0,0,0,0,-1,4,0,0,0,2,2,2,2,2,0,0
Em-4240H,"Maz2 DJ,DL 1.5L RH  w/o/i-stop",5-B-8-5,9346140041147,04 Bronze,74,0,2,2,2,3,5,2,3,3,1,1,3,6,3,4,5,6,6,8,3,2,5,3,-3,1,2,3,2,2,4,7,3,3,2,2,4,3
Em-4241L,"Accord,Legend F & R Hydro mnt",5-C-1-5,9346140005286,04 Bronze,10,0,0,0,0,0,0,0,1,1,0,0,0,1,0,0,0,0,0,0,0,0,0,1,0,0,0,0,0,0,0,0,0,0,0,0,0,0
Em-4241S,Accd 85-89 Frnt mnt short bolt,5-C-1-5,9346140005279,04 Bronze,35,0,0,0,0,0,0,0,0,0,0,0,0,0,0,0,0,0,1,-1,0,0,0,0,0,0,0,0,0,1,0,0,0,0,0,0,0,0
Em-4242,Accord 2.0 Rear top steady  b,5-B- FLR,9346140005293,04 Bronze,2,0,0,0,0,0,0,0,0,0,0,0,0,0,0,0,0,0,0,0,0,1,0,1,0,0,0,0,0,1,0,0,0,0,0,0,0,1
Em-4243,Accord SA5 84-86 S/bar 205mm,5-B-FLOOR,9346140005309,07 Not Classed,3,0,,,,,,,,,,,,,,,,,,,,,,,,,,,,,,,,,,,,
Em-4244,"L200,Pajero Rear mount",5-B-2-4,9346140005316,05 No Sales FY25,5,0,0,0,0,0,0,0,0,1,0,0,0,1,1,0,0,0,0,0,0,0,0,0,0,0,0,0,0,0,0,0,0,1,0,-1,0,0
Em-4245,"Pajero NF,NG 3.0L 88-91 Rear M",5-B-3-1,9346140020739,04 Bronze,10,0,0,1,2,0,0,1,0,0,1,1,0,0,0,0,0,0,0,0,0,0,1,0,0,0,0,0,0,1,1,1,0,2,1,1,2,1
Em-4269,"Accord 2.2, Odyssey 2.3 RH mnt",5-B-6-2,9346140005323,05 No Sales FY25,4,0,0,0,1,0,0,0,0,0,0,0,0,0,0,0,0,0,0,0,0,0,0,0,0,0,0,0,0,0,0,0,0,0,0,0,0,0
Em-4301,"Land FZJ70,75,78,79 92- Rear M",6-B-4-1,9346140031629,05 No Sales FY25,13,0,0,0,1,0,0,0,0,0,0,0,0,0,0,0,0,0,0,0,0,0,0,0,0,0,0,0,0,0,0,0,0,0,0,1,0,0
Em-4302,L200 Front mount,5-B-7-2,9346140005330,07 Not Classed,5,0,,,,,,,,,,,,,,,,,,,,,,,,,,,,,,,,,,,,
Em-4337,"Laser KF,KH/323 Astina LH mnt",5-B-5-2,9346140005347,04 Bronze,13,0,0,0,0,1,0,1,1,0,0,0,1,1,0,0,0,1,0,0,0,1,0,1,1,-1,3,0,2,0,2,1,0,2,1,1,1,1
Em-4338,"Telstar AX,AY/626 Rear mount",5-B-8-3,9346140005361,04 Bronze,13,0,1,0,0,1,0,0,0,0,1,0,2,1,0,0,0,0,0,0,0,0,1,1,0,1,0,0,0,0,0,1,0,1,0,0,0,1
Em-4350,"Camry SV21,22 V6 2.5LH mount",5-B-7-2b,9346140005378,04 Bronze,2,0,0,1,0,0,1,0,0,0,1,0,0,0,0,1,2,0,1,0,0,0,0,0,0,0,1,0,0,0,0,0,0,0,0,0,2,0
Em-4351,"Camry SV21,22 V6 2.5 LH mount",5-B-7-1,9346140005385,04 Bronze,7,0,0,0,0,0,0,0,0,0,0,0,0,1,0,0,1,0,0,0,1,0,1,0,0,0,1,0,0,0,0,0,0,0,0,0,0,0
Em-4352,L300 Express Rear mount,5-B-8-2,9346140005392,04 Bronze,12,0,0,0,1,0,0,-1,0,0,0,0,0,0,0,0,1,0,0,0,0,0,0,0,0,0,0,0,0,0,0,0,0,0,0,1,0,0
Em-4371,Accord SM4 Rear mount,5-B-8-1b,9346140005408,05 No Sales FY25,4,20,0,0,1,0,0,1,0,0,0,0,0,0,0,0,0,0,0,0,0,0,0,0,0,0,0,0,0,0,0,0,0,0,0,0,0,0
Em-4375,"L200, Triton MN,ML Rear  O/B/I",5-B-9-2,9346140005415,04 Bronze,96,0,2,2,1,1,3,1,0,2,0,0,0,1,2,0,1,1,0,0,0,0,0,0,0,0,0,0,1,0,1,1,0,1,0,1,1,0
Em-4400,"Elgr E52,Mura Z51 3.5L RH SBar",5-B-9-1,9346140021569,03 Silver,67,100,8,6,6,15,12,10,12,8,7,9,4,8,3,10,9,9,8,3,5,8,7,5,4,8,10,12,12,11,8,20,12,20,12,12,15,14
Em-4401,"Celica ST162,ST170 RH mount",5-B-10-1,9346140005422,04 Bronze,10,0,0,0,0,0,0,0,0,0,0,0,1,1,0,0,0,0,0,1,0,0,0,0,1,1,0,0,0,1,0,0,0,0,0,1,0,0
Em-4402,Celica ST162 2.0 LH mount,5-B-10-1,9346140005439,04 Bronze,11,0,0,0,0,0,0,0,0,0,1,-1,1,0,0,0,0,0,0,1,0,0,0,0,1,1,0,0,0,1,0,0,0,0,0,0,0,0
Em-4403,Lancer CB LH mount,5-B-2-3,9346140005446,04 Bronze,22,0,0,0,0,1,0,1,1,2,2,0,0,0,2,0,0,0,1,0,0,0,0,0,1,3,0,0,3,1,1,0,0,0,2,1,-1,1
Em-4419,Lancer CB RH mount,5-B-3-3,9346140005453,04 Bronze,12,0,0,0,0,1,0,0,0,0,0,0,0,0,1,0,0,0,0,0,0,0,1,0,0,1,0,0,1,0,1,0,0,0,0,0,0,0
Em-4420,"Camry SV20, Celica RH mount",5-B-1-3,9346140005460,04 Bronze,20,0,0,0,0,1,0,0,0,0,0,0,0,0,0,0,1,0,0,0,0,0,0,1,0,0,-1,0,0,0,0,0,0,1,0,0,0,0
Em-4421,Celica ST184 2.2L RH mount,5-A-1-1,9346140043424,04 Bronze,30,0,0,0,0,0,0,0,0,0,4,0,6,5,2,-1,3,2,2,1,4,1,1,4,2,4,2,2,0,0,4,2,2,2,3,2,2,4
Em-4422,"Camry SV21,22 RH mount",5-B-3-4,9346140005484,04 Bronze,5,0,0,0,0,-1,0,0,1,0,0,0,0,0,0,0,0,0,0,0,0,0,0,0,2,1,2,0,0,0,0,0,0,0,1,1,2,1
Em-4423G,Celica ST184 2.2L LH Auto mnt,5-A-2-1,9346140005491,07 Not Classed,0,,,,,,,,,,,,,,,,,,,,,,,,,,,,,,,,,,,,,
Em-4424G,Celica ST184 2.2L LH Mtm man,5-A-2-2,9346140005507,04 Bronze,0,,0,0,0,0,0,0,0,0,0,0,0,0,0,0,0,0,1,2,1,1,0,1,0,1,0,0,0,0,0,0,0,0,0,0,0,0
Em-4425H,"Maz3/6,CX5 2.5L 12-17 RH Hydro",5-B-3-5,9346140033111,03 Silver,73,150,7,5,7,5,5,4,3,5,9,14,9,13,14,3,9,4,4,7,11,3,11,8,12,10,17,12,10,14,17,17,11,20,16,13,24,35
Em-4427,"BT50 UP,Rang PX 2.2D RWD Rear",5-C-1-3,9346140036372,04 Bronze,41,0,0,0,2,-1,2,1,0,2,1,0,1,-1,1,0,0,1,1,0,0,1,1,1,2,0,3,0,2,3,0,2,1,1,4,3,0,0
Em-4428,"BT50 UP,Rang PX 11-15 Rear 4WD",5-C-1-5,9346140036808,04 Bronze,49,100,3,2,5,10,4,4,2,2,0,5,4,6,1,1,3,4,2,4,2,3,5,3,2,0,-1,2,8,5,7,3,1,8,1,7,1,2
Em-4429,"SX4 1.6,2.0L 06-on Rear mnt",5-B-7-3,9346140041659,04 Bronze,17,0,0,0,1,0,1,1,0,3,1,1,0,2,1,2,2,0,1,0,1,0,0,0,2,0,3,2,1,2,0,0,1,0,1,3,2,1
Em-4471,Camry VDV10 V6 3.0 LH Auto,5-B-10-2,9346140005521,04 Bronze,24,50,0,0,0,2,4,3,0,4,6,2,4,1,3,1,6,3,1,3,3,2,7,2,0,3,5,4,1,4,6,4,3,4,5,3,4,3
Em-4534,Celica ST162 2.0 Front Auto,5-B-8-4,9346140005545,04 Bronze,7,0,0,0,0,0,0,0,0,0,0,0,0,0,0,0,0,0,0,0,0,0,1,0,0,1,0,0,1,0,0,1,0,1,1,0,1,0
Em-4535G,Lexus GS430 4.2L V8 Front mnt,6-D-9-1,9346140032565,04 Bronze,6,0,2,0,0,0,0,0,0,0,0,2,0,0,0,0,0,0,2,0,0,0,4,0,0,2,0,2,0,1,0,0,0,0,0,0,0,0
Em-4536,"Lancer CC, Proton LH mount",5-B-4-3,9346140005552,04 Bronze,23,0,0,0,1,0,1,0,-1,0,0,0,0,2,2,2,3,1,0,1,0,0,0,1,0,1,1,1,1,1,0,0,0,0,2,0,2,-1
Em-4537,"Lancer, Proton RH mount - 3spd",5-B-4-4,9346140005569,04 Bronze,19,0,0,0,0,0,0,0,0,2,1,0,0,0,1,0,0,0,0,0,0,0,0,0,1,0,0,0,0,1,0,0,0,0,2,1,-1,1
Em-4538,"Lancer, Proton RH mount - 4spd",5-B-5-3,9346140005576,05 No Sales FY25,60,0,0,0,0,0,0,0,0,0,0,0,0,0,0,0,0,0,0,0,0,0,0,0,0,0,0,0,1,0,0,0,0,0,0,0,1,-1
Em-4539G,Supra JZ80 3.0 93-02 R/5Spd M,5-B-5-4,9346140039182,04 Bronze,1,0,0,0,0,0,0,0,0,0,1,2,0,0,0,0,0,1,1,1,0,0,0,0,0,0,0,1,0,0,2,0,1,0,1,0,0,0
Em-4540,"Dai. Delta V22,DV24 Rear mount",5-B-5-4,9346140005583,04 Bronze,12,0,0,0,0,0,0,0,0,0,0,0,0,0,0,0,0,0,0,0,0,0,3,0,2,0,0,0,0,0,0,0,0,0,0,0,0,0
Em-4541,Delta DV 79-95 Front L/R mount,5-B-6-3,9346140005590,04 Bronze,53,0,0,0,0,12,1,-1,4,0,0,0,0,0,0,4,0,0,10,6,0,0,0,2,0,0,0,0,0,0,1,0,0,11,0,0,0,-1
Em-4543,"Vitara, X90 88-00 Roll Stopper",5-B-6-4,9346140005613,04 Bronze,4,0,0,0,0,0,0,0,0,0,1,0,0,0,0,0,0,1,-1,0,0,0,0,0,1,0,0,0,0,0,0,0,0,0,0,0,0,0
Em-4546,Excel X3 95-on Front mount -A,5-B-7-4,9346140005644,04 Bronze,22,0,0,2,0,1,1,1,0,3,0,0,0,1,0,0,0,0,1,0,0,0,2,-2,1,1,0,0,2,1,1,1,0,0,1,0,0,0
Em-4547,Excel X3 95-on Rear mount A&M,5-B-8-4,9346140005651,04 Bronze,26,0,2,1,0,1,0,2,0,2,4,2,1,1,0,0,2,0,0,0,0,1,1,0,2,0,1,1,2,0,0,2,0,1,0,0,1,0
Em-4548,"Accent, Excel X3 95-03 RH",5-B-10-4,9346140005668,04 Bronze,4,20,2,0,0,3,0,2,2,-1,2,0,1,0,0,2,0,1,1,0,1,1,2,0,0,0,3,0,0,0,0,1,0,1,1,0,0,3
Em-4549,Astra AH 1.9TD Front A,5-B-9-4,9346140039700,04 Bronze,31,0,1,0,0,0,0,0,1,0,0,0,0,1,0,0,1,1,1,0,0,0,0,1,0,0,1,0,1,0,0,1,0,0,0,1,3,1
Em-4550B,"S-Cross JY,Vitara LY 1.6L Rear",5-B-10-3,9346140042977,04 Bronze,21,0,0,0,-1,0,1,0,2,0,0,0,2,1,0,0,0,1,0,0,0,0,0,0,1,1,0,0,0,1,0,-1,0,0,0,0,0,0
Em-4551,Lancer CE Front mount - A&M,5-C-1-1,9346140005682,03 Silver,71,0,11,11,3,4,4,8,7,6,14,4,12,8,8,4,7,6,4,14,3,11,10,8,7,10,8,11,10,8,8,10,7,7,12,10,6,13
Em-4552,"Lancer,Mirage CE Rear - A&M",5-C-1-2,9346140005699,03 Silver,69,0,8,6,4,5,5,8,0,4,2,5,8,8,9,5,5,3,5,6,0,9,3,9,4,9,6,14,5,1,12,10,7,10,12,12,5,10
Em-4553G,RX350 GSU35 3.5L 06-09 Front,6-C-2-2,9346140036426,04 Bronze,0,1,1,1,0,0,0,0,0,0,0,0,1,1,0,2,0,1,-1,0,0,0,1,0,0,2,0,1,0,1,0,0,0,1,1,0,0,1
Em-4553H,RX350 GSU35 3.5L 06-09 Front,5-C-2-1,9346140042649,05 No Sales FY25,37,0,0,0,0,0,0,0,0,0,0,0,0,0,0,0,0,0,0,0,0,0,0,0,0,0,0,0,0,0,0,0,0,0,0,1,1,0
Em-4554H,"TT, Golf IV 3.2L 03-06 RH Hydr",6-C-1-5,9346140036464,04 Bronze,48,0,1,-1,0,0,0,0,0,0,0,0,1,0,0,0,0,1,0,0,0,0,0,0,1,-1,0,1,0,0,0,0,0,0,0,0,0,0
Em-4555=EM-3742,Mit.L300 2WD 90-02 Rear Auto,5-C-1-2,9346140005705,07 Not Classed,0,,,,,,,,,,,,,,,,,,,,,,,,,,,,,,,,,,,,,
Em-4556,Pajero NJ Front L/R mount - A,5-C-2-2,9346140005712,04 Bronze,21,0,0,2,0,0,0,0,0,0,0,0,0,0,0,0,2,0,0,0,0,2,2,0,0,0,0,0,0,0,0,0,0,0,0,0,0,0
Em-4558,"Pajero NC,ND Rear mount - M",5-B-10-5,9346140005736,04 Bronze,29,0,0,0,0,0,0,0,0,0,0,1,0,0,0,1,0,0,0,0,0,0,0,0,0,0,0,0,0,0,0,0,0,0,0,0,0,0
Em-4559,Starwagon 2.5 Rear mount - A&M,5-C-3-2,9346140005743,05 No Sales FY25,68,0,0,0,0,0,1,0,0,0,0,0,0,0,0,0,0,0,0,0,0,0,0,0,0,0,0,0,0,0,0,0,0,0,0,0,0,0
Em-4560,Charade G200-203 Front mount A,5-C-4-2,9346140005750,04 Bronze,0,,0,0,1,1,0,-2,0,0,1,0,0,0,0,0,0,0,0,0,0,0,0,0,1,0,0,0,0,0,0,0,0,0,0,0,0,0
Em-4565,"Festiva WB,WF Front mount A&M",5-C-3-1,9346140005767,04 Bronze,16,30,2,3,0,0,2,3,0,0,0,0,1,0,0,1,0,2,2,-1,0,0,2,0,2,2,3,0,1,1,1,1,0,1,1,1,0,-1
Em-4566,Festiva WF RH mount - A&M,5-C-4-1,9346140005774,04 Bronze,39,0,1,3,2,0,1,0,0,0,0,0,0,0,0,0,1,0,0,0,0,0,0,0,0,2,-2,1,0,1,0,0,0,0,0,0,0,-1
Em-4570,Mazda 626 Rear mount - Auto,5-C-5-2,9346140005804,04 Bronze,7,0,0,0,0,0,0,0,0,0,0,0,0,0,0,0,0,0,0,0,0,0,0,0,1,0,0,0,0,0,0,0,0,0,0,0,0,0
Em-4571,"626, MX6 4Cyl 94-97 LH mnt - A",5-C-4-2,9346140005811,07 Not Classed,12,0,,,,,,,,,,,,,,,,,,,,,,,,,,,,,,,,,,,,
Em-4572,Celica ST204 Rav4 Front  - A&M,5-C-5-1,9346140005828,04 Bronze,13,50,2,4,3,3,1,5,1,0,2,2,1,3,1,1,3,1,1,1,1,1,1,0,0,1,3,6,1,1,1,2,1,1,2,3,3,1
Em-4573,Celica ST204 Rav4 Rear  - A&M,5-C-6-2,9346140005835,04 Bronze,39,0,0,3,1,1,2,2,1,1,1,2,1,2,1,1,0,0,1,0,0,2,0,0,0,1,2,5,3,2,2,0,3,0,2,2,4,6
Em-4574,Celica ST204 LH mount - Manual,5-C-6-1,9346140005842,04 Bronze,3,30,1,0,0,1,1,0,2,-1,0,1,1,0,1,1,0,0,0,0,0,0,2,0,0,1,1,2,2,2,2,1,4,-1,0,2,3,3
Em-4575,Excel X3 Front mount - Auto,5-C-7-1,9346140005859,04 Bronze,18,0,0,0,0,0,0,0,0,0,0,0,0,0,0,1,0,0,0,0,0,1,0,0,1,0,0,0,0,0,0,0,0,2,-1,0,2,1
Em-4576,Excel X3 LH 94-00 -auto,5-C-8-1,9346140005866,04 Bronze,0,,0,1,0,-1,0,1,0,-1,0,0,0,1,0,0,0,0,0,0,0,0,0,0,1,0,0,0,1,0,0,0,0,1,-1,0,2,0
Em-4578,Nimbus UF 2.4 6/92-98 Front A,5-C-8-2,9346140005873,07 Not Classed,34,0,,,,,,,,,,,,,,,,,,,,,,,,,,,,,,,,,,,,
Em-4579,Nimbus UF 2.4 Front M 6/92-98,5-C-9-2,9346140005880,04 Bronze,0,,0,0,0,0,0,0,0,0,0,0,0,0,0,0,0,0,1,0,0,0,0,0,0,0,0,0,0,0,0,0,0,0,0,0,0,0
Em-4580A,Nimbus UF 92-98 2.4L Rear Atm,5-C-7-2,9346140005897,07 Not Classed,10,0,,,,,,,,,,,,,,,,,,,,,,,,,,,,,,,,,,,,
Em-4580M,Nimbus UF 92-98 2.4L Rear Mtm,5-C-7-2B,9346140005903,04 Bronze,10,0,0,0,0,0,0,0,0,0,0,0,0,0,0,0,0,0,0,0,0,0,0,1,0,0,0,0,0,0,0,0,0,0,0,0,0,0
Em-4581,Nimbus UF 2.4 LH A&M 6/92 - 98,5-C-10-1,9346140005910,05 No Sales FY25,100,0,0,0,0,0,0,0,0,0,0,0,0,0,1,0,0,0,0,0,0,0,0,0,0,0,0,0,0,0,0,0,0,0,0,0,0,2
Em-4582,Bluebird U13 2.4L Front mount,5-C-10-2,9346140005927,04 Bronze,36,0,0,0,0,-1,0,0,0,0,0,0,0,0,0,0,1,0,0,0,0,0,0,0,0,0,0,0,0,0,0,0,0,0,0,0,1,0
Em-4583,Bluebird U13 2.4L RH mount - A,5-C-1-4,9346140005934,04 Bronze,23,0,0,0,0,1,0,0,0,0,0,0,0,0,0,0,0,0,0,0,1,0,0,0,0,0,-1,0,1,0,0,0,0,0,0,0,1,0
Em-4584,Bluebird U13 2.4L LH mount -A,5-C-2-3,9346140005941,04 Bronze,40,0,0,0,0,0,0,0,0,0,0,0,0,0,0,0,0,0,0,0,0,0,0,0,0,0,-1,0,0,0,0,0,0,0,0,0,1,0
Em-4585,"929,Vitara V6 Front L&R mount",5-C-3-3,9346140005958,04 Bronze,38,0,0,2,1,6,0,0,0,0,7,0,0,2,0,0,1,4,0,0,2,4,4,0,0,2,0,0,4,2,0,0,0,0,0,0,2,2
Em-4586,Mazda MPV V6 Rear mount - A&M,5-C-1-4,9346140005965,07 Not Classed,0,,,,,,,,,,,,,,,,,,,,,,,,,,,,,,,,,,,,,
Em-4586RE,"Cro,For,Imp,XV 16-on Rear CVT",5-C-1-4,9346140046845,06 First Sale in FY26,27,0,0,0,0,0,0,0,0,0,0,0,0,0,0,0,0,0,0,0,0,0,0,0,0,0,0,0,0,0,1,0,0,1,0,0,0,0
Em-4587,Mazda MPV V6 Front L/R mnt-A&M,5-C-2-4,9346140005972,04 Bronze,0,,0,0,0,0,0,0,0,0,0,0,0,0,0,0,0,0,0,0,0,0,0,0,1,0,0,0,0,0,0,0,0,0,0,0,0,0
Em-4588,Mazda MVP 4WD V6 Rear mnt,5-C-3-4,9346140005989,07 Not Classed,0,,,,,,,,,,,,,,,,,,,,,,,,,,,,,,,,,,,,,
Em-4589,Civic FK5 1.8L 17-on LH mnt,5-C-2-5,9346140041857,05 No Sales FY25,14,0,0,0,0,0,0,1,0,0,0,0,0,0,0,0,0,0,0,0,0,0,0,0,0,0,0,1,0,0,0,0,0,0,0,0,3,0
Em-4590R,Civic FK5 1.8L 17-on RH mnt,5-C-3-5,9346140041840,04 Bronze,20,0,1,0,1,0,0,0,0,0,0,0,0,1,0,1,1,0,0,0,1,0,0,0,1,0,0,1,0,1,1,1,0,0,0,0,3,0
Em-4591LS,Merc GLE350 Front LH w/sensor,5-C-4-5,9346140040997,04 Bronze,61,0,4,2,8,3,4,2,2,1,8,2,3,3,0,4,2,7,4,7,3,1,1,1,2,3,5,3,4,2,1,4,4,1,7,2,6,2
Em-4591RS,Merc GLE350 Front RH w/sensor,5-C-5-5,9346140040980,04 Bronze,106,0,3,1,4,2,2,1,1,0,3,0,1,2,0,1,1,3,1,3,2,1,0,1,1,1,3,1,2,0,0,2,0,2,4,0,5,0
Em-4592,"Jackaroo,Rodeo Front LH mount",5-C-6-5,9346140006016,04 Bronze,11,0,0,0,1,2,0,0,0,0,0,1,0,1,2,0,1,0,1,0,0,0,0,1,0,1,1,0,0,0,0,1,0,0,2,3,0,2
Em-4593,"Jackaroo,Rodeo Front RH mount",5-C-6-5,9346140006023,04 Bronze,16,0,0,0,1,2,0,0,0,0,0,0,0,2,2,0,0,0,1,0,0,0,0,1,0,1,1,0,0,0,0,1,0,0,2,3,0,2
Em-4595,"323, Laser Protege Front mount",5-C-4-3,9346140006030,02 Gold,38,50,20,3,16,15,14,23,13,19,7,13,22,13,9,11,15,13,11,10,11,10,10,10,14,10,10,13,13,11,17,15,11,7,8,14,5,16
Em-4596,"323, Laser Protege Rear mount",5-C-5-3,9346140006047,04 Bronze,21,50,3,3,4,3,8,3,6,0,2,4,4,3,1,2,2,2,2,4,0,1,0,2,4,5,5,3,1,4,6,3,4,4,6,6,3,4
Em-4600,"Pajero NH,NJ Rear mount - Auto",5-C-8-5,9346140006061,04 Bronze,12,0,0,0,0,0,0,0,0,0,0,0,0,0,1,0,0,0,1,0,0,0,0,0,0,0,0,0,0,0,0,0,0,0,0,0,0,0
Em-4601H,Swift FZ 1.6L 12-17 RH Hydro,5-D-8-1,9346140041604,04 Bronze,32,0,1,1,0,1,0,0,0,1,0,0,0,0,1,0,1,-1,3,0,2,1,0,0,0,0,0,1,1,0,0,0,1,1,0,3,2,2
Em-4602,"Pajero NJ-NK, NL Front L/R mnt",5-C-9-5,9346140006078,04 Bronze,33,0,4,6,2,0,0,0,0,2,0,0,2,4,0,0,2,0,0,0,0,2,0,2,2,2,-2,2,0,0,0,0,0,2,0,4,0,0
Em-4604,Galant HJ 93-96 Front mount-M,5-C-6-4,9346140006085,04 Bronze,0,,0,0,0,0,0,0,0,0,0,0,0,0,0,0,0,0,0,0,0,0,1,0,0,0,0,0,0,0,0,0,0,0,0,0,0,0
Em-4604FR,Trafic X83 2.0TD 07-15 Front L,5-C-6-4,9346140046630,06 First Sale in FY26,60,0,0,0,0,0,0,0,0,0,0,0,0,0,0,0,0,0,0,0,0,0,0,0,0,0,0,0,0,0,0,1,1,1,1,0,1,1
Em-4605,Galant HJ 93-96 Rear mount-A,5-C-4-4,9346140006092,07 Not Classed,0,,,,,,,,,,,,,,,,,,,,,,,,,,,,,,,,,,,,,
Em-4605DLH,"Maz6 GL,CX-5,CX-9 Rear Diff LH",5-C-4-4,9346140047064,06 First Sale in FY26,4,0,0,0,0,0,0,0,0,0,0,0,0,0,0,0,0,0,0,0,0,0,0,0,0,0,0,0,0,0,1,1,2,4,3,1,3,2
EM-4605DRH,"Maz6 GL,CX-5,CX-9 Rear Diff RH",5-C-5-4,9346140047071,06 First Sale in FY26,4,0,0,0,0,0,0,0,0,0,0,0,0,0,0,0,0,0,0,0,0,0,0,0,0,0,0,0,0,0,1,1,2,4,3,1,3,2
Em-4606,Galant HJ 93-96 Rear mount-M,5-C-5-4,9346140006108,04 Bronze,0,,0,0,0,0,0,0,0,0,0,0,0,0,0,0,0,0,0,0,0,0,1,0,0,0,0,0,0,0,0,0,0,0,0,0,0,0
Em-4607,Galant HJ 93-96 LH mount - A&M,5-C-8-4,9346140006115,07 Not Classed,0,,,,,,,,,,,,,,,,,,,,,,,,,,,,,,,,,,,,,
Em-4607LH,"Trafic X83 1.9T,2.0TD 04-15 LH",5-C-7-4,9346140046647,06 First Sale in FY26,67,0,0,0,0,0,0,0,0,0,0,0,0,0,0,0,0,0,0,0,0,0,0,0,0,0,0,0,0,0,0,1,0,1,0,0,1,0
Em-4608,Galant HJ 93-96 RH mount -Auto,5-C-9-4,9346140006122,07 Not Classed,0,,,,,,,,,,,,,,,,,,,,,,,,,,,,,,,,,,,,,
EM-4608RE,Trafic X83 1.9TD 04-007 Rear U,5-C-8-4,9346140046654,06 First Sale in FY26,18,0,0,0,0,0,0,0,0,0,0,0,0,0,0,0,0,0,0,0,0,0,0,0,0,0,0,0,0,0,0,0,0,1,0,0,1,0
Em-4609,Galant HJ 93-96 RH mount - MTM,5-C-7-4,9346140006139,07 Not Classed,0,,,,,,,,,,,,,,,,,,,,,,,,,,,,,,,,,,,,,
Em-4609RH,"Trafic X82-83 1.6T,2.0TD RH Up",5-C-9-4,9346140046661,06 First Sale in FY26,95,0,0,0,0,0,0,0,0,0,0,0,0,0,0,0,0,0,0,0,0,0,0,0,0,0,0,0,0,0,0,6,1,4,-1,1,0,2
Em-4610,Silvia 180SX Front L&R mount,5-C-10-5,9346140006146,04 Bronze,80,0,8,8,3,5,7,11,2,4,5,2,2,4,0,8,2,2,2,2,0,3,2,2,4,3,4,12,6,8,7,2,5,8,8,8,4,4
Em-4614,Pulsar N16  Front mount -A&M,5-C-6-3,9346140006153,04 Bronze,50,50,5,5,2,5,2,2,2,3,2,3,3,9,9,7,3,6,3,5,3,4,2,4,3,3,5,5,4,4,8,7,3,3,6,3,2,3
Em-4615,Pulsar N16  Rear mount - A&M,5-C-7-3,9346140006160,03 Silver,76,0,4,9,4,7,4,3,5,8,7,5,5,9,7,11,6,6,5,7,1,6,2,6,3,6,7,7,9,4,8,9,6,7,6,7,4,3
Em-4620,"Baleno 1.6,1.8L 95-99 LH mnt",5-C-8-3,9346140006177,05 No Sales FY25,29,0,0,0,0,0,0,0,0,0,0,0,0,0,0,0,0,0,0,0,0,0,0,0,0,0,0,0,0,0,0,0,0,0,0,0,0,0
Em-4621,"Baleno 1.6,1.8L 95-99 Rear mnt",5-C-9-3,9346140006184,05 No Sales FY25,11,0,0,0,0,0,0,0,0,0,0,0,0,0,0,0,0,0,0,0,0,0,0,0,0,0,0,1,0,0,0,0,0,0,1,0,0,2
Em-4622,Lantra J1 1.8L 92-93 RH mnt At,5-D-1-5,9346140006191,07 Not Classed,24,0,,,,,,,,,,,,,,,,,,,,,,,,,,,,,,,,,,,,
Em-4623,"Baleno 1.6,1.8L 95-99 RH mnt",5-C-10-3,9346140006207,05 No Sales FY25,17,0,0,0,0,0,0,0,1,0,0,0,0,0,0,0,0,0,0,0,0,0,0,0,0,0,0,0,0,0,0,0,0,0,0,0,0,0
Em-4624,Lantra J1 91-95 RH mnt - Auto,5-C-10-6,9346140006214,05 No Sales FY25,8,0,0,0,0,0,2,0,0,0,0,0,0,0,0,0,0,0,0,0,0,0,0,0,0,0,0,0,0,0,0,0,1,0,0,0,1,-1
Em-4624RA,"Audi 80-100,Passat B1 Radia mt",5-C-9-2,9346140047033,05 No Sales FY25,103,0,0,0,0,0,0,0,0,0,0,0,0,0,0,0,0,0,0,0,0,0,0,0,0,0,0,0,0,0,0,0,0,0,0,0,2,0
Em-4625,Lantra J1 91-95 RH mount - Man,5-D-1-1,9346140006221,04 Bronze,12,0,0,0,0,0,0,0,0,0,0,0,0,0,0,0,0,0,0,0,1,0,0,0,0,0,0,0,0,0,0,0,0,0,0,0,0,0
Em-4626,Lantra J2 95-99 Front mou All,5-C-10-4,9346140006238,04 Bronze,22,0,1,0,1,0,0,0,0,1,0,0,0,0,1,0,0,0,0,0,0,1,0,0,0,0,0,0,0,0,0,0,0,0,0,0,0,2
Em-4626RH,"Gaia, Ipsum SXM10,15 98-01 RH",5-D-1-2,9346140046937,07 Not Classed,30,0,,,,,,,,,,,,,,,,,,,,,,,,,,,,,,,,,,,,
Em-4627,Lantra J2 Rear mount - Auto,5-D-2-1,9346140006245,04 Bronze,10,0,0,0,1,0,0,0,0,0,0,0,0,0,1,0,0,0,0,0,0,0,2,0,0,0,0,0,0,0,0,1,0,0,0,0,0,2
Em-4628,"Lantra,SCoupe,Tiburon  RH - A",5-D-2-2,9346140006252,04 Bronze,18,0,0,0,0,0,0,0,1,0,0,0,0,0,0,1,0,0,0,0,0,1,1,0,0,1,0,0,0,0,0,0,0,1,0,0,0,0
Em-4629H,Mini Cooper R56-61 RH Hydro mt,5-D-1-5,9346140040942,04 Bronze,19,0,-1,3,1,0,4,1,1,1,1,0,1,2,2,1,1,1,0,1,0,0,1,0,0,1,0,1,1,0,1,3,1,1,2,4,-1,5
Em-4630,Lancer CA.CB 1.5 LH A+M,5-D-2-6,9346140006276,04 Bronze,21,0,0,0,0,0,0,0,0,0,0,0,0,0,0,0,0,0,0,0,1,0,0,0,0,0,0,0,0,0,0,0,1,0,0,0,1,-1
Em-4631,Hyn.Excel X2 RH Mtm,5-D-3-1,9346140006283,04 Bronze,19,0,0,0,0,0,0,0,0,0,0,0,0,0,0,0,0,0,0,0,0,0,0,0,0,0,0,0,0,0,0,0,0,1,0,0,0,0
Em-4632,Galant HG RH mount - Auto,5-D-4-1,9346140006290,05 No Sales FY25,22,0,0,0,0,0,0,0,0,0,0,0,0,0,0,0,0,0,0,0,0,0,0,0,0,0,0,0,0,0,-1,0,0,0,0,0,0,0
Em-4633,Camry SXV20 97-02 Rear mnt A,5-D-2-5,9346140006306,04 Bronze,37,0,4,2,3,1,2,0,1,1,1,2,2,-1,0,3,2,2,0,2,1,0,0,2,4,1,1,1,2,1,1,0,2,2,6,1,0,1
Em-4634,Pathfinder 96 Front mount A&M,5-D-3-2,9346140006313,04 Bronze,30,0,4,1,0,1,0,0,0,0,0,0,0,0,0,0,1,0,0,0,0,0,0,0,0,0,0,0,0,0,1,0,0,0,0,0,0,0
Em-4635H,Micra K13 10-17 1.5L RH Hydro,5-D-3-5,9346140039564,04 Bronze,25,20,2,2,3,3,2,3,0,1,4,0,2,2,1,5,3,1,1,2,0,3,1,1,3,2,0,5,2,3,3,3,1,4,0,2,3,4
Em-4636LHG,Genesis G80 DH 3.8L LH Gen mnt,5-D-5-1,9346140039717,05 No Sales FY25,2,0,0,0,1,0,0,0,0,0,1,0,0,0,0,0,0,0,0,0,0,0,0,0,0,0,0,0,0,0,0,0,0,0,0,0,0,0
Em-4636RHG,Genesis G80 DH 3.8L RH Gen mnt,5-D-6-1,9346140039724,04 Bronze,2,0,0,0,0,0,0,0,0,0,0,0,0,0,0,0,0,0,0,0,0,0,0,0,0,1,0,0,0,0,0,0,0,0,0,0,0,0
Em-4637,"Cuore,Move 97-00 Front LH mnt",5-D-4-2,9346140006344,04 Bronze,69,0,0,2,1,0,1,1,2,0,1,1,2,-1,1,2,0,0,1,0,0,1,1,1,1,1,0,1,1,1,0,1,0,1,0,1,0,1
Em-4638F,"i30 GD,Accent RB Front S/Bar",5-D-5-2,9346140041529,04 Bronze,26,0,0,7,3,2,3,2,1,1,2,1,0,0,0,2,0,2,3,3,2,3,1,4,0,1,5,3,1,0,3,2,0,1,4,4,9,3
Em-4639H,"iX35 LM,Tucs TLE,Spor SL RH Hy",5-D-4-5,9346140041536,04 Bronze,33,30,6,4,-1,6,2,2,1,4,10,0,3,3,7,9,2,6,0,4,6,0,2,2,4,1,4,3,10,2,5,3,3,1,7,8,3,7
Em-4640LH,Merc GLE400 Front LH,5-D-5-5,9346140039748,04 Bronze,18,0,0,0,0,3,1,0,0,2,0,1,0,0,1,0,0,1,0,0,1,1,1,0,0,0,0,0,1,1,2,-1,1,1,0,0,2,1
Em-4640RH,"Merc GLE,GLS,ML Front RH Hydro",5-D-6-5,9346140039755,04 Bronze,22,0,0,0,1,2,1,0,0,0,0,1,0,0,1,0,0,0,0,0,1,1,0,0,0,0,0,0,0,0,0,0,1,1,1,0,1,1
Em-4641,Accord 98 4Cyl Front mount ATM,5-D-7-1,9346140006382,04 Bronze,25,0,0,2,0,0,1,0,0,2,0,1,0,2,2,0,2,0,0,0,1,0,0,0,-1,0,0,0,0,0,0,0,0,1,2,0,0,0
Em-4642R,"i30, Elan AD 2.0L 16-on RH",12-A-7-5,9346140041543,02 Gold,180,200,8,9,0,7,11,8,8,4,10,1,1,0,13,27,10,8,14,13,27,38,28,17,23,25,33,39,34,38,33,17,6,16,29,32,28,34
Em-4643,Accord 98 Vtec Rear mount - A,5-D-8-5,9346140006405,04 Bronze,14,0,0,1,-1,0,0,0,0,0,0,1,0,1,0,0,1,0,0,0,0,0,0,0,0,0,1,0,0,0,0,1,0,0,0,0,0,0
Em-4644,Accord 98 4Cyl Rear mount MTM,5-D-8-2,9346140006412,05 No Sales FY25,59,0,0,0,0,0,0,0,0,0,0,0,0,0,0,0,0,0,0,0,0,0,0,0,0,0,0,0,0,0,0,0,1,-1,0,0,0,0
Em-4645,Accord 98 4Cyl RH mount MTM,5-D-9-1,9346140006429,05 No Sales FY25,28,0,0,0,0,0,0,1,0,0,-1,0,0,0,0,0,0,0,0,0,0,0,0,0,0,0,0,0,0,0,0,0,0,0,1,0,0,0
Em-4646,"Accord, Odyssey 4Cy RH mount-A",5-D-10-1,9346140006436,04 Bronze,23,0,0,1,2,0,0,0,0,0,0,1,0,1,0,0,0,1,0,0,0,0,0,0,0,0,0,0,0,0,0,1,0,0,0,0,0,0
Em-4647,"Accord,Odyss 98-04 LH mount",5-D-9-2,9346140006443,04 Bronze,15,0,0,0,1,0,0,0,0,0,0,1,0,0,1,0,0,1,0,0,0,0,0,0,0,0,-1,0,1,0,1,1,0,1,2,0,0,0
Em-4648,"Accord,Odyssey 98-on V6 LH mnt",5-D-10-2,9346140006450,04 Bronze,72,0,0,1,0,1,1,2,0,0,0,1,0,0,1,0,0,0,0,0,0,0,0,0,0,1,1,0,0,0,1,0,1,0,0,0,0,1
Em-4649,"Accord,Odyssey 98-on V6 LH mid",5-D-1-4,9346140006467,04 Bronze,40,0,0,1,0,0,1,2,0,0,1,1,0,0,1,0,0,0,2,0,0,0,1,0,0,0,1,0,0,0,1,0,1,0,0,0,0,0
Em-4650,Accord 98 V6 RH mount A&M,5-D-1-3,9346140006474,04 Bronze,47,0,0,1,2,1,1,1,0,0,1,1,0,2,1,1,1,1,1,1,1,1,0,0,0,0,1,1,0,2,0,1,0,0,1,0,0,1
Em-4651,Civic 1.7L 00-06 Front mnt Mtm,5-D-2-3,9346140006481,04 Bronze,33,0,4,3,0,3,3,1,0,1,2,0,1,2,2,0,1,0,0,4,0,1,0,2,1,1,1,1,0,2,0,1,0,0,0,0,0,0
Em-4652FR,"Elantra AD, i30 PD 1.6L Front",5-D-4-3,9346140042472,04 Bronze,51,20,1,0,2,1,0,0,1,0,3,0,0,3,3,6,5,0,2,1,0,5,2,4,1,1,1,6,6,2,2,2,0,4,5,11,8,7
Em-4653LH=EM-4653LHM,"Elantra AD, i30 PD 1.6L LH Man",5-D-5-3,9346140042465,07 Not Classed,0,,,,,,,,,,,,,,,,,,,,,,,,,,,,,,,,,,,,,
Em-4653LHA,"Elantra AD, i30 PD 1.6L LH Atm",5-D-6-3,9346140043073,04 Bronze,53,0,0,0,0,0,0,0,1,0,2,3,0,3,2,1,0,1,2,0,0,5,6,5,2,1,0,3,5,5,2,0,3,5,3,9,5,1
Em-4653LHM,"Elantra AD, i30 PD 1.6L LH Man",5-D-5-3,9346140045534,07 Not Classed,58,0,,,,,,,,,,,,,,,,,,,,,,,,,,,,,,,,,,,,
Em-4654,"Excel X1, Colt RB RH mount MTM",5-D-W-0,9346140006528,07 Not Classed,0,,,,,,,,,,,,,,,,,,,,,,,,,,,,,,,,,,,,,
Em-4654SB,Klug GSU50/55 3.5L 17-21 RH SB,5-D-6-2,9346140045817,04 Bronze,53,0,0,0,0,0,0,0,0,0,0,0,0,0,0,0,0,0,0,0,0,0,0,0,0,0,10,1,3,0,1,1,4,0,2,5,2,7
Em-4656,Nimbus UF 2.4L RH Mt 92-98 MTM,5-D-W-0,9346140006542,07 Not Classed,16,0,,,,,,,,,,,,,,,,,,,,,,,,,,,,,,,,,,,,
Em-4658,Nimbus UF 2.4L RH 6/92-98 All,5-D-2-4,9346140006566,04 Bronze,111,0,0,0,0,0,0,0,0,0,0,0,0,0,0,0,0,0,0,0,0,0,0,0,0,0,1,-1,0,0,0,0,0,0,0,0,0,0
Em-4659,Mitsubishi Front mount,5-D-3-4,9346140006573,04 Bronze,33,0,0,0,0,1,0,0,0,0,0,0,0,0,0,0,0,0,0,0,1,0,0,0,0,0,0,0,0,0,0,1,0,0,1,0,-1,1
Em-4660H,"S-Cross JY, Vitara LY 14-on RH",5-D-3-3,9346140041482,04 Bronze,33,20,0,0,1,0,1,1,1,0,0,0,1,2,1,1,1,1,1,1,2,0,0,0,1,1,1,0,0,1,3,3,1,1,1,0,1,0
Em-4661D,CRV RD 2.4L 01-13 Rear Diff mt,5-D-4-4,9346140023273,02 Gold,54,100,11,10,7,8,2,6,4,12,4,8,17,7,5,10,13,18,8,11,5,12,4,12,7,19,10,14,21,17,25,18,12,13,18,10,12,11
Em-4662D,CRV RD 2.4L Rear Diff Damper,5-D-5-4,9346140006580,03 Silver,140,0,11,7,12,8,4,3,6,18,12,6,9,6,2,14,9,11,9,8,9,8,6,5,6,6,5,7,11,7,13,19,10,14,13,6,8,8
Em-4664A,"Pulsar C12,B17 1.6,1.8L LH",5-D-6-4,9346140038901,04 Bronze,38,0,2,1,0,2,2,1,0,1,2,0,1,2,3,2,3,2,0,0,0,0,2,-1,2,2,3,0,0,1,2,0,2,0,2,1,2,1
Em-4665,Corolla AE112 LH Auto,5-D-7-3,9346140006610,04 Bronze,60,0,5,3,2,5,1,3,2,2,3,6,2,3,1,3,2,2,1,2,1,0,3,1,1,4,6,1,3,1,1,2,1,4,3,2,1,2
Em-4666,Corolla AE112 LH MTM,5-D-7-4,9346140006627,04 Bronze,7,30,1,3,-1,0,1,0,0,1,2,-1,1,1,0,0,0,0,1,1,0,0,-1,0,1,1,0,1,2,0,1,3,0,1,0,2,0,0
Em-4667,"Corona ST150,170,171 RH mount",5-D-10-4,9346140006634,04 Bronze,4,0,0,0,1,0,1,0,0,0,0,0,1,1,0,0,0,0,0,0,0,0,1,1,0,0,0,0,0,0,0,0,0,0,0,0,0,0
Em-4668,Camry SXV20R 97-on RH S/bar,5-D-8-3,9346140006641,03 Silver,105,0,5,8,11,9,7,6,7,7,5,4,8,3,0,7,10,5,3,8,4,4,2,9,3,7,3,3,6,9,4,3,5,4,4,5,3,6
Em-4669,Starlet 1.3L  Front LH mount,5-D-8-4,9346140006658,04 Bronze,29,0,2,1,1,1,2,2,1,1,2,4,1,3,2,1,0,1,1,2,0,2,1,1,3,3,1,4,2,3,2,3,4,3,1,3,0,5
Em-4670,"Magna TR,TS V6 Front mount A&M",5-D-7-2,9346140006665,04 Bronze,1,0,1,0,0,0,0,0,0,0,0,0,0,0,0,1,1,0,0,0,0,1,0,0,1,0,1,0,0,0,0,1,1,0,0,1,1,1
Em-4671,"Magna TR,TS V6 Rear mount A&M",5-D-10-3b,9346140006672,04 Bronze,16,0,1,0,1,0,1,1,0,0,2,0,1,-1,0,0,1,0,0,0,0,1,0,0,1,0,1,0,0,0,0,1,1,0,0,1,1,1
Em-4672,Tarago Rear L&R mount-A&M,5-D-10-5,9346140006689,04 Bronze,7,0,2,0,0,0,0,0,0,0,0,0,2,2,2,1,0,0,0,0,0,2,0,0,-2,0,4,0,0,0,0,0,2,2,0,2,0,0
Em-4673,Toyota Rav4 Rear mount A&M,5-D-9-3,9346140006696,04 Bronze,10,0,0,0,1,0,0,2,0,0,2,0,1,1,1,1,2,0,0,1,0,0,1,0,0,1,0,2,0,0,0,0,0,1,0,1,1,0
Em-4674,Toyota Rav4 RH mount - A&M,5-D-9-4,9346140006702,04 Bronze,29,0,0,1,1,0,0,0,0,1,0,-1,2,-1,0,0,0,0,1,2,0,0,0,0,1,0,0,1,0,0,2,0,0,1,1,1,2,0
Em-4675,Toyota Rav4 2.0  94-97 LH Mtm,5-D-10-3a,9346140006719,05 No Sales FY25,3,0,0,0,0,0,0,0,0,0,0,0,0,0,0,0,0,0,0,0,0,0,0,0,0,0,0,2,-1,0,0,0,0,1,0,0,0,0
Em-4676,Integra 89-93 Front  mount A&M,5-D-10-4,9346140006726,04 Bronze,0,,2,0,0,0,0,1,0,0,0,1,0,0,0,1,0,0,0,0,0,0,0,0,0,0,0,0,0,0,0,0,0,0,0,0,0,0
Em-4677,Integra 90-93 Rear mount Auto,6-D-10-1,9346140006733,04 Bronze,41,0,1,0,0,0,0,0,0,0,0,1,0,0,0,1,0,1,0,0,0,0,0,0,0,1,-1,1,0,0,0,0,1,0,0,0,0,0
Em-4678,"Integra,CRX 90-93 LH mount A",6-D-10-2,9346140006740,04 Bronze,51,0,0,0,2,0,0,0,0,0,0,1,0,0,0,0,0,0,0,1,1,0,0,0,1,0,0,1,1,-1,0,0,1,0,0,0,0,0
Em-4679,"CRV,Integra 94-99 Front RH mt",6-D-9-2,9346140006757,04 Bronze,29,0,3,2,0,2,2,3,1,2,2,2,5,2,2,1,1,0,6,3,1,1,1,4,2,1,0,3,3,5,1,2,9,3,6,2,1,4
Em-4680,Integra 94-96 Front LH  mount,6-D-8-2,9346140006764,04 Bronze,100,0,3,0,0,3,3,6,1,2,1,2,5,1,2,-1,1,0,6,5,1,2,0,3,2,3,2,3,1,4,1,4,5,3,5,3,0,0
Em-4681,Landcruiser VDJ200 4.5L Rear A,6-D-8-5,9346140043486,06 First Sale in FY26,17,0,0,0,0,0,0,0,0,0,0,0,0,0,0,0,0,0,0,0,0,0,0,0,0,0,0,0,0,0,0,0,0,1,2,0,2,6
Em-4681G,Landcruiser VDJ200 4.5L Rear A,6-D-8-2,9346140033388,04 Bronze,0,,1,0,0,0,0,1,0,1,0,0,1,0,0,2,0,1,1,0,0,1,1,0,1,1,1,2,0,1,0,0,0,1,1,0,0,0
Em-4684,Nimbus UG 2.4L 98-04 LH Mtm,6-D-8-1,9346140006788,07 Not Classed,12,0,,,,,,,,,,,,,,,,,,,,,,,,,,,,,,,,,,,,
Em-4686,Prelude 88-93 LH mount A&M,6-D-7-2,9346140006801,04 Bronze,10,0,0,2,1,0,0,2,0,2,0,0,1,2,0,1,2,0,1,1,0,1,1,0,1,3,1,2,0,5,-1,1,1,0,1,2,3,1
Em-4687,"Juke F15, Pulsar B17 Rear SBar",6-D-7-1,9346140038475,03 Silver,69,0,6,2,5,4,3,1,4,4,2,-1,4,5,7,5,8,9,3,1,-1,4,7,6,4,4,6,4,4,4,7,1,4,3,2,4,2,6
Em-4688,"CX-3 DK, Maz 2 DJ,DL Rear",6-D-6-1,9346140038482,04 Bronze,64,0,0,0,1,0,1,1,0,1,3,0,0,1,1,1,1,1,1,0,4,1,1,0,0,1,3,1,3,1,3,4,0,2,4,1,4,1
Em-4693,Swift 1.0L RH mount -  Auto,6-D-5-2,9346140006856,07 Not Classed,0,,,,,,,,,,,,,,,,,,,,,,,,,,,,,,,,,,,,,
Em-4695,Sonata 3.0L V6 Front mount A&M,6-D-5-2,9346140006863,04 Bronze,12,0,0,0,-1,1,0,0,0,0,0,0,0,0,0,0,0,0,0,0,0,0,0,0,1,0,0,0,0,0,0,0,0,0,0,0,0,0
Em-4696,Sonata 2.0L 93-98 RH mount A&M,6-D-3-1,9346140006887,07 Not Classed,0,,,,,,,,,,,,,,,,,,,,,,,,,,,,,,,,,,,,,
Em-4697,Lantra J2 95-99 LH mount - ATM,6-D-3-2,9346140006894,04 Bronze,4,0,0,0,0,0,0,0,0,0,0,0,0,0,0,0,0,0,1,0,0,0,0,1,0,0,0,0,0,0,0,0,0,0,0,0,0,0
Em-4698,"Colt RB-RE, Excel RH mount - A",6-D-6-2,9346140006917,04 Bronze,1,0,0,0,0,0,0,0,0,0,0,0,0,0,0,0,0,1,0,0,0,0,0,0,0,0,0,0,0,0,0,0,0,0,0,0,0,0
Em-4700,"Qash J11,XTrail T32 12-22 Rear",6-D-4-2,9346140043745,04 Bronze,67,0,0,0,0,0,0,0,0,0,0,0,0,4,2,7,1,1,1,4,3,4,2,2,2,4,4,4,7,6,10,4,2,9,5,10,11,12
Em-4701,"Nimbus,Cordia Turbo Rear mount",6-D-3-2,9346140006924,04 Bronze,1,0,0,0,0,0,0,0,0,0,0,0,0,0,0,0,0,0,0,0,0,1,0,0,0,0,0,0,0,0,0,0,0,0,0,1,0,0
Em-4702,"L300,Starwagon Front RH mount",6-D-4-1,9346140006931,04 Bronze,35,0,0,0,2,0,2,1,0,0,0,0,0,2,3,2,0,0,2,1,0,0,0,0,0,0,0,1,0,1,0,0,0,0,1,0,1,-1
Em-4703,"L300,Starwagon Front LH mount",6-D-5-1,9346140006948,04 Bronze,8,0,0,0,0,1,2,1,0,0,0,0,0,1,3,2,0,0,1,0,0,0,0,0,0,0,0,0,0,0,0,0,0,0,1,0,2,-2
Em-4704,Rodeo TFR55 97 4WD Rear mt,6-D-6-2,9346140023310,04 Bronze,54,0,0,0,0,0,0,0,0,0,0,0,0,0,0,0,0,0,0,0,0,1,0,2,0,1,2,2,1,0,1,1,0,0,1,3,0,1
Em-4705L,Rodeo 3.2 V6 6VD1 98-03 F LH,6-D-2-1,9346140006955,04 Bronze,28,0,0,2,0,0,0,0,0,0,2,-1,0,2,0,1,1,1,0,0,0,0,0,0,1,0,0,2,1,2,0,1,1,0,0,1,0,0
Em-4705R,Rodeo 3.2 V6 6VD1 98-03 F RH,6-D-1-1,9346140016701,04 Bronze,15,0,1,3,0,2,0,0,1,0,1,0,1,0,-1,1,2,1,1,0,0,0,0,0,1,-1,0,2,1,2,0,1,1,0,0,1,0,0
Em-4706,Passport 2.6L 2WD Front RH mnt,6-D-1-2,9346140006962,07 Not Classed,9,0,,,,,,,,,,,,,,,,,,,,,,,,,,,,,,,,,,,,
Em-4707,Passport 2.6L 2WD Front LH mnt,6-D-1-2,9346140006979,07 Not Classed,7,0,,,,,,,,,,,,,,,,,,,,,,,,,,,,,,,,,,,,
Em-4708,Nissan 300ZX 84-87 Rear mount,6-D-10-4,9346140006986,04 Bronze,0,,1,0,0,0,0,0,0,0,0,0,0,0,0,0,0,0,0,0,0,0,0,0,0,0,0,0,0,0,0,0,0,0,0,0,0,0
Em-4708LH=EM-5816LH,TE3786 21830-2S501 21835-2S001,6-D-10-3,9346140044414,07 Not Classed,0,,,,,,,,,,,,,,,,,,,,,,,,,,,,,,,,,,,,,
Em-4709,Maxima V6 3.0 95-on Front mnt,6-D-10-5,9346140006993,04 Bronze,18,0,0,0,1,1,1,-1,0,2,0,2,0,0,0,0,0,0,1,3,2,0,-1,0,1,0,1,0,0,0,0,0,0,0,1,1,0,0
Em-4709S,"Maxima A32, A33 V6 95-03 Front",6-D-9-5,9346140007006,04 Bronze,5,0,0,1,0,1,1,0,1,0,1,0,0,0,0,0,0,0,0,1,0,1,0,0,0,0,0,0,0,1,0,0,0,1,0,2,0,0
Em-4710,Maxima V6 3.0 95-on Rear mount,6-D-8-5,9346140007013,04 Bronze,5,0,0,0,0,0,0,0,0,0,0,0,0,0,0,0,0,0,0,0,1,0,0,-1,1,0,1,0,1,0,0,0,0,0,1,0,0,0
Em-4710S,"Maxima A32,A33 V6 95-03 Rear S",6-D-7-5,9346140007020,05 No Sales FY25,12,0,0,0,0,0,0,0,1,0,1,0,0,0,0,0,0,0,0,0,0,0,0,0,0,0,0,0,0,0,0,0,0,0,0,0,0,0
Em-4712,Maxima V6 3.0 95-on LH mnt - A,6-D-6-F,9346140007044,07 Not Classed,5,0,,,,,,,,,,,,,,,,,,,,,,,,,,,,,,,,,,,,
Em-4713H,"Megan B95,E95,K95,X32 13-on RH",6-D-5-5,9346140039663,04 Bronze,16,0,0,0,0,0,0,0,0,1,0,0,0,0,3,0,1,1,0,0,0,0,0,0,1,2,0,1,1,0,0,1,0,0,0,1,3,0
Em-4714,"Baleno, SX4 95-99 Front mt",6-D-9-4,9346140007051,04 Bronze,9,30,2,1,0,2,2,2,0,3,1,2,4,2,2,5,5,1,1,2,2,1,3,1,1,3,3,2,1,2,0,1,2,1,2,5,4,4
Em-4716,Hiace LH125 D Front L/R mount,6-D-8-4,9346140007075,04 Bronze,25,0,2,1,0,0,0,2,0,0,2,0,0,0,0,0,0,0,0,1,-1,0,0,0,0,2,3,0,2,0,0,0,0,0,0,0,0,2
Em-4717,"323 BJ, Laser KN Rear mnt -A&M",6-D-8-3,9346140007082,04 Bronze,74,0,4,1,4,4,2,4,2,3,3,3,5,4,3,2,4,2,4,0,1,2,2,2,5,-1,1,5,6,1,6,7,0,0,1,3,3,6
Em-4718WB,"323 BJ, Laser KN1.6L RH w/brk",6-D-7-3,9346140007105,04 Bronze,40,0,0,2,1,0,0,0,0,1,0,0,1,1,0,0,2,1,0,1,0,1,0,2,1,2,1,3,1,4,3,-1,0,3,1,2,1,0
Em-4719,"323 BJ, Laser KN LH mount- MTM",6-D-6-3,9346140007112,04 Bronze,32,0,0,3,0,2,1,4,1,4,3,0,3,3,0,2,4,-1,0,1,1,0,1,2,1,2,3,2,2,2,1,2,2,2,2,3,2,3
Em-4721  (NIL),"Charade G200,203 Rear mnt ALL",6-D-7-4,9346140007136,07 Not Classed,0,,,,,,,,,,,,,,,,,,,,,,,,,,,,,,,,,,,,,
EM-4721LH,500X 1.4L 15-18 Front LH AWD,6-D-7-4,9346140046883,06 First Sale in FY26,22,0,0,0,0,0,0,0,0,0,0,0,0,0,0,0,0,0,0,0,0,0,0,0,0,0,0,1,0,1,0,0,0,0,2,1,2,0
Em-4722,"Swift FZ 1.4,1.6L 11-17 Rear",6-D-9-3,9346140041628,04 Bronze,58,0,3,2,5,5,1,3,1,4,1,5,1,5,2,8,2,0,0,0,0,0,0,1,1,2,0,1,0,0,2,1,3,2,0,1,0,2
Em-4723,"Kia Sportage,MX5 Front mnt A&M",6-D-6-4,9346140007143,04 Bronze,41,0,0,2,0,0,0,0,5,2,0,0,2,0,2,4,0,9,0,2,2,2,0,0,3,2,2,4,0,0,1,0,0,4,0,2,2,0
Em-4724,"Courier, B2600 Rear mount A&M",6-D-5-4,9346140007150,04 Bronze,17,0,1,3,0,1,2,0,1,2,2,0,2,2,1,0,2,3,0,2,1,0,2,2,1,1,3,1,1,4,1,0,0,1,0,1,2,1
Em-4725,Galant HJ V6 RH mount  Auto,6-D-4-3,9346140007167,07 Not Classed,0,,,,,,,,,,,,,,,,,,,,,,,,,,,,,,,,,,,,,
Em-4726,Galant HJ V6 RH mount  Manual,6-D-4-4,9346140007174,07 Not Classed,0,,,,,,,,,,,,,,,,,,,,,,,,,,,,,,,,,,,,,
Em-4727,Nimbus 2.0L 87-92 LH mnt A&M,6-D-3-3,9346140007181,07 Not Classed,0,,,,,,,,,,,,,,,,,,,,,,,,,,,,,,,,,,,,,
Em-4728,"Pajero NH,NL Rear mount Man.",6-D-3-1,9346140007198,04 Bronze,5,0,0,0,0,0,0,0,1,0,0,1,0,-1,0,0,0,0,1,1,0,0,0,0,0,1,1,0,0,0,0,0,0,0,1,1,0,0
Em-4729,"Pajero NF,NG Rear mount Auto",6-D-2-4,9346140007204,05 No Sales FY25,13,0,0,0,0,0,0,0,0,0,0,0,0,0,0,0,0,0,0,0,0,0,0,0,0,0,0,0,0,0,0,0,0,0,0,0,0,1
Em-4730,"Pajero NJ,NK,NL V6 Rear mnt A",6-D-3-4,9346140007211,04 Bronze,26,0,0,1,0,0,0,1,0,0,0,0,0,0,0,0,1,1,0,0,0,0,0,0,0,0,0,0,0,0,0,0,0,0,0,0,0,0
Em-4731,"Starlet EP71,80,82 84-95 Rear",6-D-2-2,9346140043097,07 Not Classed,20,0,,,,,,,,,,,,,,,,,,,,,,,,,,,,,,,,,,,,
Em-4732,Pathfinder WD21V6 Rear mnt A&M,6-D-2-4,9346140007228,04 Bronze,10,0,0,1,0,-1,0,1,0,0,1,1,0,0,0,0,0,0,0,1,0,0,0,0,0,0,0,0,0,0,0,0,0,0,0,0,0,0
Em-4733,Dyna 200 86-91 Rear mount A&M,6-C-10-1,9346140007235,04 Bronze,13,0,0,0,0,0,0,1,0,3,1,0,0,0,0,0,0,1,0,0,0,0,0,0,0,0,0,0,0,0,0,1,0,1,0,0,0,0
Em-4734,"Corolla AE90 1.4L, Stalet RH A",6-C-10-1,9346140007242,07 Not Classed,0,,,,,,,,,,,,,,,,,,,,,,,,,,,,,,,,,,,,,
Em-4734B,"Starlet EP70,71 84-89 RH mnt",6-D-1-2,9346140043103,06 First Sale in FY26,19,0,0,0,0,0,0,0,0,0,0,0,0,0,0,0,0,0,0,0,0,0,0,0,0,0,0,0,0,0,0,0,0,1,0,0,0,0
Em-4735,Prado V6 96-99 Front LH/RH,6-C-10-2,9346140007259,04 Bronze,0,210,0,0,0,6,0,2,0,6,2,2,0,0,4,2,0,2,2,2,0,2,2,3,2,4,2,1,0,2,0,2,2,6,4,0,4,4
Em-4736,"Prado V6, Hilux Rear mount A&M",6-D-4-5,9346140007266,04 Bronze,67,30,2,4,2,4,2,0,0,4,4,1,0,1,3,1,1,2,0,4,3,2,3,3,0,1,0,3,1,1,4,4,3,1,0,6,1,1
Em-4737,Landcruiser HZJ80 Front L/R mt,6-D-3-5,9346140007273,02 Gold,74,100,3,11,10,6,6,7,7,9,6,6,7,13,8,11,13,7,6,11,17,8,8,10,7,8,15,7,11,5,10,12,6,12,9,10,7,11
Em-4738,"Landcrser HJ61,HJZ80 Rear mnt",6-D-2-5,9346140007280,04 Bronze,53,0,3,3,5,1,0,0,3,1,1,0,3,1,0,0,0,1,0,0,1,0,0,0,3,-1,2,0,3,0,1,0,3,1,1,1,1,2
Em-4739,Landcruiser HJZ Rear mount Mtm,6-D-1-5,9346140007297,04 Bronze,75,0,2,3,0,0,1,3,2,-1,2,3,0,3,-1,1,3,1,4,4,1,0,2,2,0,0,3,4,1,1,0,3,0,0,2,1,2,0
Em-4740,Tercel 91-94 LH mount - ATM,6-C-9-1,9346140007303,04 Bronze,17,30,1,2,3,1,1,2,4,1,1,0,1,3,0,1,0,4,3,0,0,2,3,1,1,4,0,2,0,6,0,1,5,1,1,3,1,3
Em-4741,Tercel 91-94 LH mount - MTM,6-C-9-2,9346140007310,04 Bronze,11,0,1,1,1,0,1,0,0,0,0,0,1,0,0,1,0,2,0,0,0,0,0,0,2,0,1,2,0,0,-1,0,2,0,1,0,1,-1
Em-4742,"Corolla AE90,92,93,95 LH mount",6-C-8-1,9346140007327,04 Bronze,17,0,0,0,0,1,1,1,0,2,0,-1,0,0,0,1,0,1,2,0,0,1,0,2,0,1,1,0,1,0,1,1,1,0,3,1,0,1
Em-4743,Tarago 2T 90-97 Front LH mount,6-C-7-2,9346140007334,04 Bronze,12,0,1,1,0,-1,0,0,0,0,0,0,1,1,0,0,0,0,0,0,0,1,0,0,-1,0,1,0,0,0,0,0,0,0,1,0,0,0
Em-4744,Tarago 2T 90-97 Front RH mount,6-C-6-2,9346140007341,04 Bronze,14,0,0,1,0,-1,0,0,0,0,0,0,1,1,0,0,0,0,0,0,0,1,0,0,-1,0,1,0,0,0,0,0,0,0,0,0,0,0
Em-4745,"Camry VDV10,MCV20R V6 93-00 LH",6-C-7-1,9346140007358,04 Bronze,31,0,0,0,-1,0,0,0,0,0,1,0,1,1,0,0,1,0,0,0,0,0,0,0,0,0,1,2,2,0,0,1,1,0,3,0,0,0
Em-4746H,Camry MCV20R V6 97-00 Front A,6-C-10-5,9346140019566,02 Gold,110,100,13,7,9,10,16,13,6,13,6,3,20,10,13,7,15,7,11,13,10,8,9,12,6,7,11,14,9,11,10,10,5,9,18,11,11,8
Em-4747,Charade G200-203 93-00 RH A&M,6-C-6-1,9346140007372,04 Bronze,14,0,0,1,2,3,0,0,0,0,1,0,1,0,1,0,0,0,2,1,1,0,0,1,1,0,0,0,0,0,0,1,1,0,2,-1,1,1
Em-4748,Cortina 71-82 Front L&R mt A&M,6-C-5-2,9346140007389,04 Bronze,57,100,8,4,2,0,6,6,6,0,2,8,4,5,0,0,0,0,0,0,0,0,2,0,2,0,22,4,4,6,3,0,0,4,1,0,2,0
Em-4749,Ford Escort 70-82 Frnt L&R A&M,6-C-4-2,9346140007396,04 Bronze,0,,0,2,2,0,2,3,0,0,0,0,0,0,0,0,0,0,0,0,0,0,0,0,0,0,0,0,0,0,0,0,0,0,0,0,0,0
Em-4750,Ford Cortina 71-77 Rear mount,6-C-3-2,9346140007402,04 Bronze,20,30,2,-1,0,0,1,0,2,0,0,0,0,0,1,1,3,1,0,0,0,0,0,0,0,0,0,0,0,0,0,0,8,0,0,0,0,0
Em-4751,Ford Cortina 71-80 Rear mount,6-C-3-2,9346140007419,04 Bronze,4,30,0,1,0,0,0,1,0,1,0,0,0,1,0,2,0,1,0,0,0,0,1,0,0,0,0,0,1,0,1,0,10,1,0,0,1,0
Em-4752,"Jackaroo,Rodeo 2WD Rear mount",6-C-5-1,9346140007426,04 Bronze,53,0,0,1,1,0,1,0,0,-1,3,1,2,2,0,3,0,3,2,1,0,2,2,0,1,1,3,0,0,0,0,3,2,1,0,3,2,3
Em-4753,Rodeo 88-00 4WD Rear mnt A&M,6-C-4-1,9346140007433,05 No Sales FY25,39,0,0,0,0,0,1,0,0,0,1,0,0,0,0,0,0,0,0,0,0,0,0,0,0,0,0,0,0,0,0,0,0,0,0,0,0,0
Em-4754,Integra 90-93 RH mount - Auto,6-C-3-1,9346140007440,04 Bronze,9,0,0,0,0,0,0,0,0,0,0,0,0,0,0,0,0,0,0,0,0,0,0,0,0,0,0,0,0,0,0,0,1,0,0,0,0,0
Em-4755H,"Pulsar B17 1.6,1.8L 13-18 RH",6-C-9-5,9346140039205,04 Bronze,49,0,3,1,1,2,2,0,2,1,2,0,0,3,2,1,2,1,1,0,0,1,2,1,1,2,3,3,1,0,2,1,3,1,2,1,2,1
Em-4756,"929, RX7 86-91 Front L&R A&M",6-C-2-1,9346140007464,04 Bronze,13,0,2,6,2,2,2,0,0,0,2,0,6,4,2,1,0,2,4,9,0,6,8,2,0,9,2,4,8,4,2,8,0,2,3,4,5,6
Em-4757,"929, RX7 86-91 Rear mount A&M",6-C-3-1,9346140007471,04 Bronze,28,0,0,4,0,0,1,0,1,0,0,2,0,2,0,-2,0,0,0,2,2,2,2,0,0,4,4,1,4,2,0,7,0,0,0,0,0,2
Em-4758,Lantra 1.8L 95-99 LH mount Mtm,6-C-1-1,9346140007488,07 Not Classed,4,0,0,0,0,0,0,0,0,0,0,0,0,0,0,0,0,0,0,0,0,0,1,0,0,0,0,0,0,0,0,0,0,0,0,0,0,0
Em-4759,Nimbus UF2.4L 6/91-5/92 Front,6-C-1-2,9346140007501,04 Bronze,34,0,0,0,0,0,0,0,0,0,0,0,0,0,0,0,0,0,0,0,0,0,0,1,0,0,0,0,0,0,0,0,0,0,0,0,0,0
Em-4760,"Impreza,Liberty,Leg Front L&R",6-C-10-3,9346140007518,04 Bronze,26,60,8,2,2,5,9,8,-1,2,2,8,6,4,2,6,4,4,6,4,2,-2,0,-2,3,0,3,4,3,0,0,6,2,12,2,2,7,6
Em-4760B,"Impreza,Liberty Front L/R mnt",6-C-7-5,9346140023228,03 Silver,108,0,11,11,3,3,5,0,7,7,20,3,10,9,3,6,5,0,6,4,6,6,0,5,4,6,6,9,4,15,7,8,0,3,10,9,8,9
Em-4761,"Imperza,Outback 93-00 Rear mt",6-C-10-4,9346140007525,07 Not Classed,23,0,,,,,,,,,,,,,,,,,,,,,,,,,,,,,,,,,,,,
Em-4762,"Impreza,Liberty,Outbac Rear mt",6-C-9-3,9346140007532,04 Bronze,49,0,3,3,4,4,7,3,2,3,4,1,1,4,1,3,1,5,5,0,0,2,2,4,6,2,0,4,0,4,2,3,3,3,4,2,3,1
Em-4762B,"Forest,Impre,Liber, Rr 5spd At",6-C-8-2,9346140016718,04 Bronze,51,0,2,0,2,1,5,2,3,1,1,1,2,1,0,1,4,1,4,1,1,0,2,0,2,3,1,2,0,1,2,2,0,5,1,2,0,2
Em-4763,"Liberty,Legacy 2.2 95-99 E/St",6-C-9-4,9346140007549,04 Bronze,27,0,0,0,0,0,0,0,0,0,2,0,0,0,0,0,1,0,1,2,2,0,0,2,2,3,-1,0,1,0,0,0,0,0,0,1,2,0
Em-4763B,"Impreza,WRX,Librty 98-08 Sbar",6-D-1-4,9346140016428,04 Bronze,45,0,6,5,2,2,2,3,1,5,3,2,4,4,1,2,2,2,2,2,2,0,5,2,6,2,7,7,3,6,5,5,7,4,5,9,5,7
Em-4764,"Imperza,Liberty 93-96 Rear Mtm",6-C-8-3,9346140007556,04 Bronze,43,100,7,9,4,3,6,1,3,3,3,2,4,2,1,1,4,1,1,5,3,1,3,5,2,4,5,1,3,4,3,6,2,6,4,5,5,7
Em-4764B,Subaru Group N Rear mt 5sp M,6-C-8-4,9346140007563,05 No Sales FY25,3,0,0,0,0,0,0,0,1,0,0,0,0,0,0,0,0,0,0,0,0,0,0,0,0,0,0,0,0,1,0,0,0,0,0,0,1,0
Em-4764C,Subaru Group N Rear mt 6spd M,6-C-7-4,9346140007570,04 Bronze,43,0,0,0,0,0,0,0,0,0,0,0,0,0,0,0,0,0,0,0,0,0,0,0,0,0,0,0,1,1,0,1,0,0,1,2,1,0
Em-4766,"Courier, B2600 4WD Front L/R m",6-C-8-5,9346140007594,04 Bronze,66,0,1,0,0,0,2,0,4,4,3,2,0,0,0,2,0,0,2,2,2,0,0,0,0,0,2,2,0,0,0,0,0,0,0,0,0,2
Em-4768,Maxima A32 V6 3.0 LH mount - M,6-C-6-5,9346140007617,04 Bronze,18,0,0,0,0,0,0,0,0,0,0,0,0,0,0,0,0,0,0,0,0,0,0,0,0,0,-1,0,0,0,0,0,0,0,0,0,0,0
Em-4769,"Primera,Gti-R 2.0 90-95 RH mnt",6-C-4-4,9346140007624,04 Bronze,2,0,0,0,0,0,0,1,0,-1,1,0,1,0,0,1,0,0,0,0,0,0,0,0,0,0,1,0,0,1,0,0,0,0,0,0,0,0
Em-4770,Prado V6 3.4 Front L/R mount,6-C-7-3,9346140007631,04 Bronze,39,0,0,4,5,-1,2,0,0,0,4,-1,0,4,4,4,0,1,0,0,0,0,2,2,2,4,0,0,3,2,4,-1,0,0,1,2,2,0
Em-4771,"Dyna BU60,61 Front RH mount",6-C-3-5,9346140007648,05 No Sales FY25,9,0,0,0,0,0,0,1,0,0,1,0,0,0,1,0,0,0,0,0,0,0,0,0,0,0,0,0,0,0,0,0,0,1,0,0,0,0
Em-4772,"Dyna BU60,61 Front LH mount",6-C-3-5,9346140007655,05 No Sales FY25,9,0,0,0,0,0,0,1,0,0,1,0,0,0,1,0,0,0,0,0,0,0,0,0,0,0,0,0,0,0,0,0,0,1,0,0,0,0
Em-4773,Liberty/Outback Rear LH mount,6-C-6-3,9346140007662,04 Bronze,61,0,0,0,0,0,0,0,1,0,0,0,0,0,0,0,0,2,0,0,0,0,0,0,0,0,0,0,0,0,0,0,0,0,0,0,0,0
Em-4774,Liberty/Outback Rear RH mount,6-C-6-3,9346140007679,04 Bronze,22,0,0,0,0,0,0,0,1,0,0,0,0,0,0,0,0,1,0,0,0,0,0,0,0,0,0,0,0,0,0,0,0,0,0,0,0,0
Em-4775,Sonata 3.0L V6 Rear mount A&M,37A-1-2,9346140007686,05 No Sales FY25,45,0,0,0,0,1,0,0,0,0,0,0,0,0,0,0,0,0,0,0,0,0,0,0,0,0,0,0,0,0,0,0,0,0,0,0,0,0
Em-4776,Corolla AE101-102 1.6L LH mt M,6-C-5-3,9346140007693,04 Bronze,10,0,2,0,0,1,0,0,1,0,0,0,0,-1,2,-1,2,0,0,0,0,0,0,0,0,1,1,2,2,1,0,0,0,0,3,-1,1,0
Em-4777,Dai. Mira L200 92-95 Front LH,6-C-6-4,9346140007709,05 No Sales FY25,0,,0,0,0,1,0,0,0,0,1,0,0,0,0,0,0,0,0,0,0,0,0,0,0,0,0,0,0,0,0,0,0,0,0,0,0,0
Em-4778RH,"CHR ZYX,Coro ZWE,Prius ZVW RH",6-C-5-5,9346140042915,04 Bronze,46,0,0,1,0,0,0,1,0,0,0,1,2,0,0,1,0,0,0,0,0,0,2,-1,0,0,0,0,1,0,2,0,0,0,1,0,1,2
Em-4779LH,"Coroll ZWE,Prius ZVW 15-on LH",6-C-4-5,9346140042922,04 Bronze,32,0,0,0,0,0,0,0,0,0,0,0,0,0,0,1,0,0,0,0,0,0,0,0,0,1,1,1,1,0,2,0,0,0,0,0,0,0
Em-4780,"Cuore,Move 97-02 Frnt RH M-A&M",6-C-4-3,9346140007730,04 Bronze,9,20,0,1,0,0,1,1,2,0,0,2,2,1,3,2,0,1,1,1,0,2,2,2,0,1,1,0,0,2,0,1,0,1,0,1,2,0
Em-4780B,Sirion GTvi 1.3 00-05 Front mt,6-C-5-4,9346140021217,04 Bronze,29,0,1,0,2,2,0,0,1,0,1,0,1,1,-1,1,1,1,2,1,0,0,1,0,1,-1,1,0,1,0,2,2,0,0,0,0,3,-1
Em-4781,"Cuore,Move 97-00 Rear mnt Mtm",6-C-3-3,9346140007747,04 Bronze,10,0,1,0,0,1,0,0,0,0,0,1,0,2,0,-1,0,0,2,0,0,0,0,2,0,0,0,0,0,1,0,0,0,0,0,0,2,0
Em-4782,Charade G202 93-98 Front mnt-A,6-C-6-4,9346140007754,04 Bronze,1,0,0,0,0,0,1,0,0,0,0,0,0,0,0,1,1,0,0,0,0,0,0,0,0,0,0,0,0,0,0,0,0,0,0,0,0,0
Em-4783,Charade G202 93-98 Rear- A&M,6-C-3-4,9346140007761,05 No Sales FY25,48,0,0,0,0,0,1,0,0,0,0,0,1,0,0,0,0,0,0,0,0,0,0,0,0,0,0,0,0,0,0,0,0,0,0,0,0,0
Em-4784,Charade G200-203 93-00 LH - M,6-C-2-3,9346140007778,04 Bronze,3,0,0,0,0,1,1,0,0,0,0,0,0,0,0,0,0,0,0,1,0,0,0,0,0,0,0,0,0,0,0,0,1,0,2,0,0,0
Em-4785,Astra TR 1.6L Front LH - Man.,6-C-2-4,9346140007785,07 Not Classed,0,,,,,,,,,,,,,,,,,,,,,,,,,,,,,,,,,,,,,
Em-4785SB,"Trax TJ 1.4,1.8L 13-20 Rear SB",6-C-2-3,9346140044551,04 Bronze,24,0,0,0,0,0,0,0,0,0,0,0,0,0,0,0,0,0,2,1,0,2,1,0,0,1,0,2,1,3,0,3,0,0,1,2,1,0
Em-4786,"Astra TR, Calibra YE LH mount",6-C-1-3,9346140007792,04 Bronze,6,0,1,1,0,0,0,0,0,0,0,1,1,0,0,0,0,1,0,0,0,0,0,0,0,0,0,0,0,0,0,0,0,1,0,0,0,0
Em-4787,"Barina SB 1.4,1.6 93-00 Rr A&M",6-C-1-4,9346140007808,04 Bronze,13,0,0,0,0,0,0,0,0,0,0,0,0,0,0,0,0,0,0,0,0,0,0,0,0,0,0,1,0,0,0,3,0,0,0,0,0,0
Em-4788LH,HRV RU5 1.8L 15-21 LH CVT,6-C-1-3,9346140043011,04 Bronze,18,0,0,0,0,0,0,0,0,0,0,0,1,2,0,0,0,0,0,1,0,0,2,0,2,0,1,0,1,1,1,1,0,1,1,1,1,0
Em-4790,Cherokee 2.5L 84-96 Front LH,6-B-9-2,9346140007839,07 Not Classed,0,,,,,,,,,,,,,,,,,,,,,,,,,,,,,,,,,,,,,
Em-4791,Cherokee 2.5L 84-96 Front RH,6-B-9-2,9346140007846,07 Not Classed,0,,,,,,,,,,,,,,,,,,,,,,,,,,,,,,,,,,,,,
Em-4792,Cherokee 2.5L 84-96 Rear mount,6-B-10-1,9346140007853,04 Bronze,0,,0,0,0,0,0,0,0,0,0,0,0,0,0,0,0,0,0,0,0,0,1,0,0,0,-1,0,0,0,0,0,0,0,0,0,0,0
EM-4792RH,Soul PS 2.0L 14-20 RH Hydro,6-B-10-2,9346140046296,06 First Sale in FY26,49,0,0,0,0,0,0,0,0,0,0,0,0,0,0,0,0,0,0,0,0,0,0,0,0,0,0,0,0,0,0,0,0,0,0,1,0,0
Em-4793,"Wrang YJ 2.5,4.0,4.2L 87-96 Rr",6-B-9-2,9346140007860,07 Not Classed,0,,,,,,,,,,,,,,,,,,,,,,,,,,,,,,,,,,,,,
Em-4794,Cherokee 4.0 95-00 Front LH,6-B-8-2,9346140007877,04 Bronze,31,0,0,0,1,0,3,4,0,0,2,0,3,2,1,2,1,2,2,0,0,0,0,1,0,0,0,1,1,6,1,3,0,2,1,8,1,2
Em-4795,Cherokee 4.0L 95-00 Rear mnt A,6-B-8-1,9346140007884,04 Bronze,0,,0,0,0,0,0,0,1,0,-1,1,0,-1,0,0,0,1,-1,0,0,0,0,0,0,0,1,0,1,4,0,2,-2,0,1,1,0,1
Em-4795RE,"Kluger GSU40,45,55 3.5L Rear A",6-B-9-1,9346140043004,03 Silver,108,0,4,2,5,2,1,6,2,4,2,5,3,2,4,9,6,3,3,5,9,10,6,1,2,4,10,4,1,1,5,4,3,6,2,14,8,9
Em-4796,G.Cherokee 5.2L V8 Front LH,6-B-8-1,9346140007891,07 Not Classed,0,,,,,,,,,,,,,,,,,,,,,,,,,,,,,,,,,,,,,
Em-4797,G.Cherokee 5.2L V8 Front RH,6-B-7-1,9346140007907,07 Not Classed,0,,,,,,,,,,,,,,,,,,,,,,,,,,,,,,,,,,,,,
Em-4798,Corolla AE92-93 89-92 RH mnt,6-B-6-1,9346140007914,04 Bronze,17,0,0,0,0,0,0,0,0,0,1,1,0,0,0,1,0,0,0,0,0,0,0,0,0,1,0,0,1,0,1,1,0,0,2,0,2,2
Em-4799,Landcruiser FJ80 90-93 Frnt RH,6-B-5-1,9346140007921,05 No Sales FY25,24,0,0,1,0,0,1,0,0,0,0,0,0,0,0,0,0,0,0,0,0,0,0,0,0,0,0,0,0,0,0,0,0,0,0,0,0,0
Em-4800,Prado RZJ95 2.7L Rear mnt- Man,6-B-3-1,9346140007938,05 No Sales FY25,10,0,0,0,0,0,0,1,0,0,0,0,0,0,0,0,0,0,0,0,0,0,0,0,0,0,0,0,0,0,0,0,0,0,0,0,0,0
Em-4801,Volvo 240 86-93 Front RH-A&M,6-B-6-2,9346140007945,04 Bronze,12,0,0,0,-1,0,0,0,0,1,0,0,0,0,0,0,0,0,0,0,0,0,0,0,0,0,1,0,0,0,1,0,0,0,0,0,0,1
EM-4801FR,Chrysl Sebring 2.4L 01-06 Fnt,6-B-7-2,9346140044421,07 Not Classed,10,0,,,,,,,,,,,,,,,,,,,,,,,,,,,,,,,,,,,,
Em-4802,Volvo 240 86-93  Front LH-A&M,6-B-6-2,9346140007952,04 Bronze,7,0,0,0,0,0,0,0,0,1,0,1,0,0,0,1,0,0,2,3,0,-1,0,0,2,0,1,0,0,0,0,0,0,0,0,2,0,1
Em-4803,Volvo 240 86-93 Rear mnt - A&M,6-B-4-2,9346140007969,04 Bronze,28,0,0,0,0,0,0,0,0,0,0,0,0,0,0,0,0,0,0,0,0,0,0,0,1,0,0,0,0,0,0,0,1,0,0,1,0,0
Em-4804,Volvo 240 86-93 Rear mnt - A&M,6-B-4-2,9346140007976,05 No Sales FY25,0,,1,0,1,0,1,0,0,2,0,0,1,0,0,0,0,0,0,0,0,0,0,0,0,0,0,0,0,0,0,0,0,0,0,0,0,0
Em-4804RE,Rene/Fiat 500X 1.4L 15-on Rear,6-B-5-2,9346140044537,04 Bronze,73,0,0,0,0,0,0,0,0,0,0,0,0,0,0,0,0,0,1,4,-1,1,2,3,1,1,2,2,2,4,0,0,0,1,3,5,4,2
Em-4805,"Volvo 740,940 84-92 Rear - A&M",6-B-3-2,9346140007983,04 Bronze,0,,0,0,0,0,0,0,0,0,0,0,0,0,0,0,1,0,0,1,1,0,0,0,1,0,0,0,1,0,0,0,0,0,0,0,0,0
Em-4806,Volvo 850 92-96 Rear mnt-A&M,6-B-2-2,9346140007990,04 Bronze,36,0,0,0,0,0,0,0,0,0,0,0,0,0,1,-1,0,0,0,0,1,0,-1,0,1,0,1,0,0,0,0,0,0,0,0,0,0,0
Em-4807,"Accord, Qdyssey V6 98-on Front",6-B-8-5,9346140008003,04 Bronze,10,0,2,1,1,3,1,0,0,2,0,1,1,0,2,1,0,0,3,1,0,1,0,0,0,2,0,1,0,3,0,0,1,0,1,0,1,2
Em-4808,Accord V6 3.0L Vtec 98-on Rear,6-B-7-5,9346140008010,04 Bronze,10,0,0,3,-1,0,1,0,1,1,0,0,0,1,1,2,0,0,2,1,0,0,0,0,0,1,0,0,1,1,0,0,0,0,0,0,0,2
Em-4809L,"500X,Rene 1.4L 15-on Front LH",6-B-5-5,9346140041819,04 Bronze,27,0,0,0,0,0,0,0,0,0,0,0,0,0,0,1,-1,0,0,0,0,0,0,1,0,2,2,2,1,2,0,1,0,0,1,1,0,0
Em-4810,Sonata 2.0L 95-98 RH mount-MTM,6-B-3-1,9346140008041,05 No Sales FY25,7,0,0,0,0,0,0,0,0,0,0,0,0,0,0,0,0,0,0,0,0,0,0,0,0,0,0,0,0,0,0,0,0,0,0,0,0,0
Em-4810R,"Trax TJ 1.4,1.8L 13-20 RH mnt",6-B-9-3,9346140042625,04 Bronze,63,0,2,1,2,2,2,1,2,2,2,0,7,-2,1,0,1,2,3,4,1,1,1,3,3,0,2,3,6,2,3,3,1,2,-1,6,1,4
Em-4811,Festiva WF 1.3L 97-00 RH - A&M,6-B-1-1,9346140008058,04 Bronze,27,0,0,0,0,1,0,0,0,0,0,0,0,0,0,0,0,0,0,0,0,0,1,-1,0,0,0,0,0,0,0,0,0,0,0,0,0,0
Em-4812G,Hi KUN26 3.0TD 05-16 Rear 5spA,6-B-3-4,9346140008065,04 Bronze,1,0,0,0,2,0,1,1,-1,0,1,0,1,0,0,1,1,0,2,1,0,2,0,0,0,1,2,0,0,1,0,0,1,1,0,1,0,0
Em-4813,"Dai. Move,Sirion 1.3 Rear A",6-B-10-3,9346140008072,04 Bronze,26,20,0,1,3,0,3,1,1,1,0,1,3,-3,2,3,2,2,0,0,0,1,1,2,1,1,0,2,3,0,1,2,1,1,1,1,2,0
Em-4814L,Suzuki Swift FZ 1.4L 11-17 LH,6-B-6-5,9346140041123,03 Silver,76,0,3,3,6,4,6,6,2,2,2,4,9,6,4,8,9,7,8,5,3,5,4,8,1,8,5,5,4,8,11,1,2,8,6,6,4,10
Em-4815,Barina SB 1.4L Front LH mnt,6-B-6-B,9346140008096,07 Not Classed,61,0,,,,,,,,,,,,,,,,,,,,,,,,,,,,,,,,,,,,
Em-4816,Excel X2 89-94 LH mount A&M,5-D-W-0,9346140008102,07 Not Classed,0,,,,,,,,,,,,,,,,,,,,,,,,,,,,,,,,,,,,,
Em-4816RH,"500X,Rene 1.4L 15-on F/RH hydr",6-B-4-5,9346140041826,04 Bronze,158,0,3,0,3,4,3,1,0,0,0,0,0,0,0,0,1,4,2,4,1,0,2,5,3,6,2,0,2,6,7,3,-1,1,6,2,3,1
Em-4817,Sonata 2.4L 89-92 RH mnt - MTM,6-B-2-1,9346140008119,07 Not Classed,0,,,,,,,,,,,,,,,,,,,,,,,,,,,,,,,,,,,,,
Em-4817R,"Ranger PJ-PK,BT50 UN Rear mt",6-B-3-5,9346140041789,04 Bronze,40,0,2,0,0,4,2,4,-1,4,-1,1,7,3,1,1,1,6,-1,1,4,0,1,-1,0,1,4,0,2,3,5,0,-1,4,3,3,4,1
Em-4818,Courier PE 4WD Front L/R mnt,6-B-10-4,9346140008126,04 Bronze,60,0,0,2,3,2,0,2,0,3,2,4,2,4,0,4,2,0,3,2,1,2,0,2,0,4,4,6,0,2,4,4,0,0,2,5,2,5
Em-4818B,"BT50 UN,Ran PJ,PK 6-11 Frt L/R",6-B-4-3,9346140029701,02 Gold,138,0,6,9,23,15,16,12,-1,22,11,4,11,10,29,13,9,11,18,16,15,6,11,2,14,6,20,9,9,7,15,11,1,8,18,19,10,12
Em-4819,Courier PE 4WD 2.5L Rear mnt,6-B-8-4,9346140008133,04 Bronze,64,0,0,2,4,-1,1,5,0,6,1,1,4,0,1,4,6,4,3,2,0,0,2,0,1,1,5,0,2,-1,2,0,1,2,0,2,2,2
Em-4820,Pajero QA 99-01 Front L/R mnt,6-B-7-4,9346140008140,04 Bronze,12,0,0,0,-2,0,2,0,0,0,0,0,0,0,2,0,0,2,0,0,0,0,0,0,0,0,0,0,0,0,0,0,1,0,0,4,0,1
Em-4821,Pajero QA 99-01 Rear mount - A,6-B-6-4,9346140008157,04 Bronze,9,0,0,0,0,0,0,0,0,0,0,0,0,0,1,0,0,1,0,0,0,0,0,0,0,0,0,0,0,0,0,0,0,0,0,0,0,1
Em-4822,Swift SA310 Side transaxle mnt,6-B-6-4,9346140008164,05 No Sales FY25,9,0,0,0,0,0,0,0,0,0,0,0,0,0,0,0,0,0,0,0,0,0,0,0,0,0,0,0,0,0,0,0,0,0,0,0,0,0
Em-4823,Landcruiser HDJ80 TD Rear mnt,6-B-2-5,9346140008171,04 Bronze,19,0,1,0,1,0,0,1,0,2,0,0,0,0,1,2,0,0,1,0,0,0,0,0,0,1,1,0,0,0,0,1,2,0,0,0,2,0
Em-4824,Neon 2.0L 95-on RH A&M,6-B-8-3,9346140008188,05 No Sales FY25,0,,0,0,0,0,0,0,0,0,0,0,1,-1,1,0,0,0,0,0,0,0,0,0,0,0,0,0,0,0,0,0,0,0,0,0,0,0
Em-4825,Neon 2.0L 95-on LH mount Auto,6-B-7-3,9346140008195,05 No Sales FY25,0,,0,0,0,0,0,0,0,0,0,0,0,0,1,0,0,0,0,0,0,0,0,0,0,0,0,0,0,0,0,0,0,0,0,0,0,0
Em-4825A,Chry. Neon 2.0L 95-on Fron A&M,6-B-6-3,9346140008201,05 No Sales FY25,0,,0,0,0,0,0,0,0,0,0,0,0,0,1,0,0,0,0,0,0,0,0,0,0,0,0,0,0,0,0,0,0,0,0,0,0,0
Em-4826,"Landcruser HDJ,HZJ 90-00 F L/R",6-B-9-5,9346140008218,03 Silver,80,0,3,4,3,4,4,6,1,5,6,8,8,-1,6,2,4,0,0,4,10,10,3,1,7,2,7,0,0,3,4,6,5,5,2,5,4,8
Em-4827,Micra K11 1.3L 95-97 Rear mnt,6-B-4-4,9346140008225,04 Bronze,6,0,0,0,1,0,0,0,0,0,1,0,0,0,0,0,0,0,0,0,0,0,1,0,0,1,2,0,1,0,0,0,0,0,0,1,1,0
Em-4828,Micra K11 1.3L 95-97 RH mount,6-B-5-4,9346140008232,04 Bronze,19,0,0,1,1,0,1,0,1,0,1,0,0,0,0,0,0,0,0,0,0,0,0,0,0,1,2,0,1,0,1,1,0,0,0,1,1,0
Em-4829,Micra K11 1.3L 95-97 LH Auto,6-B-4-4,9346140008249,06 First Sale in FY26,29,0,0,0,0,0,0,0,0,0,0,0,0,0,0,0,0,0,0,0,0,0,0,0,0,0,0,0,1,0,0,0,0,0,0,1,0,0
Em-4830,Prelude 2.2L 97-on RH mount,6-B-3-3,9346140008256,04 Bronze,16,0,4,0,0,0,1,2,1,2,2,1,0,1,1,0,0,0,0,1,1,1,0,0,2,0,3,2,1,3,0,1,0,2,2,1,0,3
Em-4831FR,Corolla ZRE182 12-18 Front CVT,6-B-6-3,9346140045763,04 Bronze,35,0,0,0,0,0,0,0,0,0,0,0,0,0,0,0,0,0,0,0,0,0,2,0,2,2,1,1,2,0,2,2,-1,0,0,0,2,10
Em-4832LH,Corolla ZRE182 12-18 LH CVT,6-B-5-3,9346140045770,04 Bronze,62,0,0,0,0,0,0,0,0,0,0,0,0,0,0,0,0,0,0,0,0,0,0,0,2,3,0,2,1,1,2,2,1,3,2,5,3,4
Em-4834,Suzuki Carry ST90 Front LH/RH,6-B-2-4,9346140008300,04 Bronze,15,0,0,0,0,0,0,2,2,3,0,0,2,4,0,2,0,2,6,0,0,0,2,0,0,0,2,2,0,2,0,2,0,2,-2,4,0,1
Em-4835,Suzuki Carry ST90 Rear mount,6-B-1-4,9346140008317,04 Bronze,36,0,-1,0,0,0,0,0,0,0,0,0,1,0,0,0,0,0,1,2,0,0,2,0,0,0,0,1,0,2,0,0,1,0,0,0,0,0
Em-4837,Magna TE-TJ V6 3.0L LH Auto,6-B-1-3,9346140008348,04 Bronze,5,0,0,2,0,1,0,0,0,1,1,0,1,0,0,0,0,0,0,1,1,0,1,-1,1,2,-1,1,0,0,0,0,0,0,0,0,0,0
Em-4838,"Trader, Mazda 84-95 Front L/R",6-A-5-1,9346140008355,04 Bronze,22,0,0,0,0,0,0,0,0,0,0,0,0,0,0,0,0,0,0,0,0,0,0,0,2,0,0,0,0,0,0,0,0,0,0,0,0,0
Em-4839,"Trader, Mazda  84-95 Rear L/R",6-A-4-1,9346140008362,04 Bronze,17,0,0,0,0,0,0,0,0,0,0,2,0,0,0,0,0,1,0,0,0,0,0,2,0,0,0,4,0,0,2,0,0,2,0,0,0,0
Em-4840H,Maz3 BL 2.0L SP20 Skyact 6s At,6-B-1-5,9346140041581,04 Bronze,35,50,2,3,4,0,1,2,1,1,4,5,5,1,1,6,1,3,0,0,1,2,3,5,3,4,2,2,2,2,4,1,1,1,4,2,2,2
Em-4841,Volvo 426105 mount,6-A-5-2,9346140008386,04 Bronze,34,0,0,0,0,0,0,0,0,0,0,0,0,0,0,0,0,0,0,0,0,0,0,1,0,0,0,0,0,0,0,0,0,0,0,0,0,0
Em-4842,Universal round mount,6-A-4-2,9346140008393,04 Bronze,90,0,2,0,4,0,0,1,-3,5,0,3,2,0,2,0,0,6,0,2,0,4,2,-4,3,2,0,1,2,6,2,0,2,0,0,0,0,0
Em-4843,"Trader,T3500 Front L/R mount",6-A-3-1,9346140008409,04 Bronze,7,50,2,2,2,2,0,0,2,4,0,1,0,0,0,1,0,1,0,0,0,4,1,0,0,4,0,2,0,0,4,2,0,0,2,0,0,0
Em-4844,Explorer UN-US 4.0L Front LH,6-A-2-1,9346140008416,04 Bronze,0,,0,0,0,0,0,0,0,0,0,0,0,0,0,0,0,0,0,0,0,0,0,0,0,0,0,0,0,2,-2,0,0,0,0,0,0,0
Em-4845,Civic S5A 1.7 00-on Rear mount,6-A-3-2,9346140008423,04 Bronze,76,0,1,2,2,2,2,0,3,0,2,2,-1,2,0,1,1,3,1,1,1,0,0,2,1,0,1,0,0,2,1,1,0,0,1,0,1,0
Em-4846,Civic S5A 1.7 00-on LH mnt A&M,6-A-2-2,9346140008430,04 Bronze,54,0,2,2,3,4,1,1,2,2,2,2,3,1,1,0,3,2,2,0,1,2,1,0,0,0,3,2,2,2,3,1,0,1,2,2,3,0
Em-4847G,Sonata 2.0L 96-98 Rear mnt - M,6-A-1-1,9346140008454,04 Bronze,64,0,0,0,0,0,0,0,0,0,0,0,0,0,0,0,0,0,0,0,0,0,0,0,1,0,0,0,0,0,0,0,0,0,0,0,0,0
Em-4848,Galant HJ 93-95 LH mount - A&M,6-A-1-2,9346140008461,07 Not Classed,0,,,,,,,,,,,,,,,,,,,,,,,,,,,,,,,,,,,,,
Em-4849,Galant HJ 4G63 93-95 RH mt-M,6-A-5-4,9346140008478,07 Not Classed,0,,,,,,,,,,,,,,,,,,,,,,,,,,,,,,,,,,,,,
Em-4850RH,Transit VO 2.0TD 03-06 RH mt M,6-A-3-3,9346140045053,06 First Sale in FY26,11,0,0,0,0,0,0,0,0,0,0,0,0,0,0,0,0,0,0,0,0,0,0,0,0,0,0,0,0,0,0,0,1,1,3,2,1,1
Em-4851,"Lancer 2.0,Mirage 1.8 Frnt A",6-A-4-4,9346140008492,04 Bronze,78,0,6,3,6,5,2,8,3,3,2,5,2,2,0,1,7,5,4,5,1,2,3,5,2,4,7,3,3,3,3,2,1,6,5,2,6,8
Em-4852,Mirage CE 1.5 RH mount - A&M,6-A-4-3,9346140008508,04 Bronze,6,0,0,1,1,-1,1,0,0,0,0,0,0,0,0,2,0,0,0,0,0,0,0,0,0,1,1,2,0,1,0,0,2,1,2,0,0,1
Em-4853,"Lancer,Mirage 1.5,1.8,2.0L LH",6-A-5-5,9346140008515,04 Bronze,39,0,1,2,1,5,2,6,1,2,1,0,6,2,2,3,3,1,1,1,1,0,2,1,1,2,1,6,4,1,4,0,1,4,3,7,1,6
Em-4854,Mirage CE 1.5 LH mount - Mtm,6-A-4-5,9346140008522,04 Bronze,32,50,1,4,3,4,4,4,1,0,4,1,4,6,1,4,8,0,3,2,-1,5,4,3,6,7,7,7,6,6,6,4,5,7,5,3,3,5
Em-4855,Dai. Rocky F70 2.8 84-93 Rear,6-A-3-3,9346140008539,04 Bronze,0,30,0,-1,0,2,0,0,0,0,1,0,1,0,0,1,1,2,1,0,0,0,0,0,0,0,0,0,0,0,0,0,0,0,0,0,0,0
Em-4856,Lancer CE 1.8L 4G93 Front mnt,6-A-3-4,9346140008546,04 Bronze,42,50,1,2,4,3,3,5,-2,2,1,1,2,2,3,1,1,1,4,1,0,4,2,2,4,6,4,4,3,1,3,3,3,6,1,3,2,3
Em-4857,Prelude 2.0L SF1 88-91 RH mtm,6-A-2-4,9346140008553,04 Bronze,5,15,1,1,1,0,0,2,-1,2,0,0,1,3,2,0,1,0,1,0,0,0,0,1,0,2,1,2,0,2,0,1,1,1,1,-1,2,0
Em-4858,Civic 1.7L 00-06  Front At,6-A-2-3,9346140008560,04 Bronze,72,0,5,4,2,3,2,0,2,3,3,1,6,3,0,3,3,3,2,1,3,2,2,1,1,0,0,1,2,1,1,0,0,0,3,3,5,3
Em-4859,Civic 1.7L 01-on RH mt A&M,6-A-1-3,9346140008577,04 Bronze,58,0,1,4,1,4,4,1,2,1,1,1,0,0,1,1,3,2,0,0,1,0,0,0,1,1,1,0,0,1,1,1,0,0,1,0,1,0
Em-4860,L300 4WD 4G64 98-04 Front LH,6-B-2-3,9346140008591,05 No Sales FY25,6,0,0,0,-1,0,0,0,0,0,0,0,0,0,0,0,0,0,0,0,0,0,0,0,0,0,0,0,0,0,0,0,0,0,0,0,0,0
Em-4861,L300 4WD 4G64 98-04 Front RH,6-B-2-3,9346140008607,05 No Sales FY25,8,0,0,0,0,0,0,0,0,0,0,0,0,0,0,0,0,0,0,0,0,0,0,0,0,0,0,0,0,0,0,0,0,0,0,0,0,0
Em-4862TH,Transit VM 2.2TD 06-14 LH Mtm,6-A-3-5,9346140041420,04 Bronze,42,0,3,-2,0,2,2,1,0,3,0,1,3,4,1,0,2,-1,1,0,0,0,1,-1,0,0,0,0,1,0,0,0,1,1,0,1,1,0
Em-4863SB,"Cit C3,Peug 207,208 Rear S/bar",6-A-1-4,9346140043028,04 Bronze,12,50,2,0,0,4,1,1,1,0,3,2,0,2,0,1,1,0,0,2,1,0,1,2,2,3,1,1,2,0,2,2,5,1,3,0,4,1
EM-4864B,Transit VN 2.2D 13-18 Rear FWD,7-A-4-5,9346140042908,03 Silver,111,0,0,0,1,2,2,1,2,1,3,0,1,4,1,5,3,2,2,5,0,4,5,7,3,9,8,6,7,5,3,4,1,3,4,5,3,3
Em-4865LH,"X5 E70,X6 E71 30d 10-14 LH hy",7-A-2-2,9346140042946,04 Bronze,26,0,3,0,0,0,0,0,1,3,1,2,-1,2,0,1,1,1,1,0,1,1,0,0,0,1,2,0,0,0,1,1,0,0,0,2,0,0
Em-4865RH,"X5 E70,X6 E71 30d 10-14 RH hy",7-A-1-2,9346140042939,04 Bronze,27,0,4,0,0,0,0,0,1,3,1,0,-1,2,0,1,1,1,1,0,1,0,0,0,0,1,2,0,0,1,1,0,0,1,0,2,0,0
Em-4867H,"300C 5.7, 6.1L V8 Front Hydro",6-A-5-3,9346140039861,04 Bronze,54,0,4,4,5,8,-5,3,4,3,6,4,2,10,8,4,6,1,6,0,1,0,6,1,6,0,1,2,0,2,4,2,0,0,6,6,2,6
Em-4868,Rodeo 3.0L 02-on RH mnt A&M,7-A-2-1,9346140008669,04 Bronze,60,0,3,1,0,0,4,2,2,3,0,2,2,2,4,-1,4,8,0,5,0,3,8,1,7,8,1,9,4,3,9,4,5,6,6,7,4,11
Em-4869,Rodeo 3.0L 02-on LH mnt A&M,7-A-3-1,9346140008676,04 Bronze,64,0,3,1,2,1,3,1,2,2,0,4,3,1,3,1,2,5,2,5,0,3,5,1,7,8,1,9,5,4,8,4,5,7,5,9,1,8
Em-4870,Rodeo 3.0L 02-on Rear mnt A&M,7-A-2-3,9346140008683,04 Bronze,178,0,1,2,2,1,1,2,-1,1,4,3,2,0,1,1,2,7,4,2,3,3,5,4,5,6,1,6,4,2,4,2,5,4,5,3,3,2
Em-4871,"Elantra 1.8,2.0L 00-on Rear Al",7-A-3-2,9346140008690,04 Bronze,51,0,3,2,2,4,7,4,2,1,2,1,4,1,0,0,1,2,0,2,1,1,1,2,8,3,3,1,1,4,1,1,0,1,0,2,1,0
Em-4872,"Elantra 1.8,2.0L 00-on LH mt",7-A-4-1,9346140008706,04 Bronze,31,0,1,0,2,1,1,1,0,0,1,0,0,0,0,2,0,0,1,1,2,1,0,0,2,3,1,0,0,1,1,2,-1,0,0,2,1,1
Em-4873,"Elantra,Tiburon 00-06 RH mnt",7-A-5-1,9346140008720,04 Bronze,39,0,1,2,2,1,1,4,2,0,2,1,1,0,1,1,2,0,2,0,0,1,0,0,3,2,2,0,0,3,2,0,1,0,0,1,3,0
Em-4874,Sonata 2.5L V6 98-on Front A&M,7-A-4-2,9346140008744,04 Bronze,10,0,0,0,0,0,0,1,0,0,0,1,0,0,1,0,0,0,0,0,1,1,0,0,0,0,0,0,0,0,0,0,0,0,0,0,0,0
Em-4875H,Peugeot 307 2.0THD RH Hydro mt,7-A-5-5,9346140040089,04 Bronze,9,0,0,0,0,0,0,2,0,-1,1,0,0,0,0,0,0,0,0,0,0,1,0,-1,0,0,0,0,0,0,0,0,0,0,0,2,2,0
Em-4876,"Lancer CG,CH 2.0L 02-on Rear A",7-A-2-5,9346140008768,03 Silver,122,0,11,8,5,4,3,4,6,2,3,6,6,2,3,5,4,12,6,4,5,4,7,10,6,5,7,5,8,6,3,2,6,6,4,2,4,7
Em-4877,Lanc CS import 1.6L 02-on LH A,7-A-1-4,9346140008775,05 No Sales FY25,4,0,0,0,0,0,0,0,0,1,-1,0,0,0,0,0,0,0,0,0,0,0,0,0,0,0,0,0,0,0,0,0,0,0,0,0,0,0
Em-4877B,"G.Voyag RT 2.8,3.8L RH w/brck",7-A-3-3,9346140042984,04 Bronze,15,0,2,0,0,0,1,-1,1,1,1,0,1,2,0,0,0,0,0,1,0,0,0,0,1,0,0,0,0,1,1,0,0,1,0,-1,0,1
Em-4877HC,"G.Voyag RT 2.8,3.8 RH  w/o/brk",7-A-4-3,9346140043219,04 Bronze,23,0,0,0,0,0,0,2,0,1,0,0,0,1,0,0,0,1,0,0,0,0,1,0,0,0,0,1,0,1,0,0,-1,0,0,0,0,0
Em-4878,"Pajero NK,NL 2.8L 96-on Rear M",7-A-1-3,9346140008782,04 Bronze,58,0,1,1,0,2,0,0,2,0,1,0,2,2,1,2,0,7,1,1,1,2,2,2,3,5,2,1,2,3,0,3,0,2,0,2,0,4
Em-4879,Nimbus UF 2.4L 91-92 Rear A&M,7-A-2-4,9346140008799,04 Bronze,54,0,0,0,0,0,0,0,0,0,0,0,0,0,0,1,0,0,0,0,0,0,0,0,0,0,0,0,0,0,0,0,0,0,0,0,0,0
Em-4880G,Kia Carnival 2.5 V6 99-on Rear,7-A-3-4,9346140008812,05 No Sales FY25,0,,0,0,0,0,0,0,0,0,0,0,1,0,0,0,0,0,0,0,0,0,0,0,0,0,0,0,0,0,0,0,0,0,0,0,0,0
Em-4881,Kia Carnival 2.5L V6 99-on LH,7-A-4-4,9346140019597,04 Bronze,3,0,0,0,0,1,0,0,0,0,0,0,0,0,0,1,0,0,1,0,0,0,1,0,0,0,0,0,0,2,0,0,0,0,0,0,0,2
Em-4882,Kia Spectra 1.8L 00-02 Rear M,7-A-2-6,9346140008843,06 First Sale in FY26,8,0,0,0,0,0,0,0,0,0,0,0,0,0,0,0,0,0,0,0,0,0,0,0,0,0,0,0,1,0,0,0,0,0,0,0,0,0
Em-4883G,Kia Spectra 1.5L 98-on LH mtm,7-A-4-B,9346140025352,05 No Sales FY25,14,0,0,0,-1,0,0,0,0,0,0,0,0,0,0,0,0,0,0,0,0,0,0,0,0,0,0,0,0,0,-1,0,0,0,0,0,0,0
Em-4884,Maxima A32 V6 95-on RH mount,7-A-5-4,9346140008874,04 Bronze,7,10,0,0,0,0,2,0,1,1,0,1,0,0,0,1,0,1,1,1,1,1,0,0,1,0,1,0,0,1,0,0,0,0,2,2,0,0
Em-4885,Pulsar N16 1.6L  1.8L RH A&M,7-A-5-3,9346140008881,04 Bronze,42,50,2,6,2,4,1,5,2,3,2,3,1,5,0,4,4,3,2,3,3,4,5,3,3,2,3,5,3,2,5,6,4,2,4,4,4,4
Em-4886,Pulsar N15 1.6L 95-00 RH mt AM,7-B-1-1,9346140008898,04 Bronze,23,0,4,1,3,1,1,0,0,0,5,1,1,0,1,2,1,1,1,2,1,0,1,0,2,0,1,0,0,2,1,1,1,0,4,0,0,3
Em-4887,Subaru SVX 3.3L 92-97 Rear RH,7-B-1-2,9346140008904,04 Bronze,0,,2,0,1,0,0,0,0,0,0,0,0,0,0,1,0,2,0,1,0,0,0,0,1,0,0,6,0,0,0,0,0,0,0,0,0,0
Em-4888,Subaru SVX 3.3L 92-97 Rear LH,7-B-1-2,9346140008911,04 Bronze,0,,0,0,1,0,0,0,0,0,0,0,0,0,0,1,0,2,0,1,0,0,0,0,1,0,0,6,0,0,0,0,0,0,0,0,0,0
Em-4889,Corolla 1.8L 98-07 Front mnt A,7-B-2-1,9346140008928,02 Gold,104,150,9,13,12,11,6,11,6,7,11,6,13,12,18,19,13,14,13,8,9,13,6,7,19,14,15,22,19,16,19,12,5,15,11,18,13,14
Em-4889M,Corolla 1.8L 98-07 Front mnt M,7-B-2-2,9346140032312,04 Bronze,30,50,1,3,0,3,5,1,5,2,1,3,4,3,4,5,3,0,6,4,2,2,4,2,1,4,1,1,2,2,1,3,1,4,1,2,2,2
Em-4890,Corolla 1.8L 01-03 LH mount,7-B-3-2,9346140008935,02 Gold,122,0,9,8,3,5,5,11,2,9,8,5,9,8,20,20,10,9,7,6,11,8,4,5,10,16,9,16,5,17,10,9,7,10,12,10,6,11
Em-4891,"Rav4 SXA10,11 98-on LH mnt A",7-B-4-2,9346140008942,04 Bronze,14,0,0,0,0,0,0,0,0,0,0,0,0,0,0,0,0,0,0,1,0,0,0,0,0,0,0,0,0,0,0,0,0,0,0,1,0,0
Em-4892,"Echo 1.3,1.5L 99-on Rear mount",7-B-3-1,9346140008959,04 Bronze,48,50,1,4,2,1,2,2,1,3,2,7,1,3,1,2,0,2,3,3,2,1,1,2,1,10,3,7,4,4,1,5,2,5,2,9,5,1
Em-4893,"Echo 1.3,1.5L 99-on RH",7-B-4-5,9346140008966,04 Bronze,57,100,0,6,3,4,4,2,3,0,2,6,2,4,1,5,4,0,2,1,3,3,0,4,3,7,1,7,5,4,3,7,4,3,3,5,3,1
Em-4894,"Cielo 1.5, Lanos 1.5 Front LH",7-B-5-4,9346140008973,04 Bronze,45,0,0,0,0,0,0,0,0,0,0,1,0,0,0,1,0,0,0,0,0,0,0,0,0,0,0,0,0,0,0,0,0,0,0,0,0,0
Em-4895,Terios J102 1.3L 00-05 RH mnt,7-B-5-2,9346140008980,04 Bronze,14,0,0,1,0,0,0,0,0,0,2,-1,0,0,1,0,0,2,0,0,0,0,1,0,0,0,0,0,0,0,0,0,0,1,0,1,1,3
Em-4896,Terios J100 1.3L Front LH mnt,7-B-6-2,9346140008997,04 Bronze,20,0,0,0,0,0,0,0,0,0,0,0,0,0,0,0,0,0,0,0,0,0,0,0,0,0,0,0,0,0,0,0,0,0,0,2,0,0
Em-4897,Terios 1.3L Rear mount,7-B-5-1,9346140009000,04 Bronze,5,0,0,1,0,0,0,0,0,0,0,0,0,0,1,0,0,2,0,0,0,0,0,0,0,0,0,0,0,0,0,0,0,1,0,0,1,3
Em-4898,"T4000, T4600 89-on Rear mount",7-B-7-2,9346140009017,04 Bronze,18,0,0,0,4,-1,2,0,0,1,0,0,0,2,0,0,0,0,0,0,0,0,0,0,0,0,2,0,0,4,0,0,10,0,0,0,15,0
Em-4899,Civic 1.5L 91-95 RH mount A,7-B-7-2,9346140009024,04 Bronze,3,0,0,0,0,0,0,0,0,0,0,0,0,0,0,0,0,0,1,0,0,0,0,0,1,0,0,1,0,0,1,0,0,0,2,0,1,0
Em-4901,Galant 2.0L 98-03 RH mount A,7-B-8-1,9346140009048,05 No Sales FY25,9,0,0,2,0,-1,0,0,0,0,0,0,0,1,0,0,0,0,0,0,0,0,0,0,0,0,0,0,0,1,0,0,0,0,0,0,0,0
Em-4902,Galant 2.0L 98-03 RH mount A,7-B-9-1,9346140009055,07 Not Classed,18,0,,,,,,,,,,,,,,,,,,,,,,,,,,,,,,,,,,,,
Em-4903,Galant 2.0L 98-03 LH mount A,7-B-10-1,9346140009062,07 Not Classed,18,0,,,,,,,,,,,,,,,,,,,,,,,,,,,,,,,,,,,,
Em-4904,Lantra J1 1.8L 92-95 Front mnt,7-B-8-2,9346140009079,05 No Sales FY25,84,0,0,0,0,0,0,0,0,0,0,0,1,0,0,0,0,0,0,0,0,0,0,0,0,0,0,0,0,0,0,0,0,0,0,0,0,0
EM-4905RE,Pajero QE-QG 2.5TD 15-on Rear,7-B-4-1,9346140047279,07 Not Classed,40,0,,,,,,,,,,,,,,,,,,,,,,,,,,,,,,,,,,,,
Em-4906,Prelude 2.0L 86-87 LH mount,5-A-5-4,9346140009093,04 Bronze,3,0,0,0,0,0,0,0,0,0,0,0,0,0,0,0,2,0,1,0,0,0,0,0,0,0,0,0,0,0,0,0,0,0,0,0,0,0
Em-4907,Carnival 2.5L V6 99-on Front,7-B-9-2,9346140009109,05 No Sales FY25,6,0,0,0,0,1,0,0,0,0,0,0,0,0,0,0,0,0,0,0,0,0,0,0,0,0,0,0,1,0,0,0,0,0,0,0,0,1
Em-4907G,Carnival 2.5L V6 99-on Front,7-B-9-2,9346140009116,07 Not Classed,0,,,,,,,,,,,,,,,,,,,,,,,,,,,,,,,,,,,,,
Em-4908,"323, Laser 99-on LH mount Auto",7-B-10-2,9346140009123,04 Bronze,67,0,4,4,6,5,3,1,4,5,4,4,5,7,6,4,4,6,8,0,1,4,2,2,5,2,2,3,6,4,6,6,2,1,3,6,0,7
Em-4909,Terrano R20 97-00 Front LH mnt,7-B-1-3,9346140009130,07 Not Classed,0,,,,,,,,,,,,,,,,,,,,,,,,,,,,,,,,,,,,,
Em-4910,Terrano R20 97-00 Front RH mnt,7-B-1-4,9346140009147,07 Not Classed,0,,,,,,,,,,,,,,,,,,,,,,,,,,,,,,,,,,,,,
Em-4911,Serena C23 92-95 Front LH mnt,7-B-2-4,9346140009154,07 Not Classed,0,,,,,,,,,,,,,,,,,,,,,,,,,,,,,,,,,,,,,
Em-4912,Serena C23 92-95 Front RH mnt,7-B-2-4,9346140009161,04 Bronze,0,,0,0,0,0,0,0,0,0,0,0,0,0,0,0,0,1,0,-1,0,0,0,0,0,0,0,0,0,0,0,0,0,0,0,0,0,0
Em-4913,Serena C23 92-95 Rear mount,7-B-3-4,9346140009178,05 No Sales FY25,0,,0,0,0,0,0,0,0,0,0,0,0,0,0,0,0,0,0,0,0,0,0,0,0,0,0,0,0,0,0,0,0,0,0,0,0,0
Em-4914L,Nav D22 3.0D 01-08 Frnt LH Man,7-B-2-3,9346140009185,04 Bronze,41,0,3,0,0,1,1,1,0,0,0,1,1,0,0,1,0,0,0,0,0,0,0,0,1,0,0,1,1,0,0,0,0,1,2,0,0,0
Em-4914R,Nav D22 3.0D 01-08 Frnt RH Man,7-B-3-3,9346140020722,04 Bronze,43,0,4,0,1,1,1,1,0,1,0,1,1,0,1,1,0,0,0,0,1,0,0,0,1,0,0,1,0,0,0,0,0,1,2,0,0,0
Em-4915,Navara D22 3.2L 97-05 Front RH,7-B-4-4,9346140009192,04 Bronze,41,0,1,3,0,1,0,1,0,1,1,0,0,1,0,1,1,0,0,-1,0,1,0,0,0,2,1,0,0,1,1,0,2,1,1,0,0,2
Em-4916,"Pathfinder WD21,Terrano Rear",7-B-4-3,9346140009208,04 Bronze,25,0,1,0,2,1,0,0,1,0,2,0,0,0,0,1,0,2,0,0,2,0,1,2,0,0,1,1,0,2,0,-1,2,0,0,1,3,0
Em-4917,Landcruiser BJ42 80-84 Rear mt,7-B-6-4,9346140009215,05 No Sales FY25,3,0,0,0,0,0,0,0,0,0,0,0,0,0,0,0,0,0,0,0,0,0,0,0,0,0,0,0,0,2,0,0,0,0,0,0,0,0
Em-4918,Magna TE-TH V6 Rear mount,7-B-1-3,9346140009222,04 Bronze,34,0,0,1,1,2,0,1,0,2,0,0,1,3,1,1,1,0,0,0,0,0,1,1,0,1,0,1,1,0,0,0,0,0,0,0,1,1
Em-4919H,Peugeot 307 1.6L HDI RH,7-B-5-5,9346140040096,04 Bronze,18,0,1,1,0,0,1,0,1,1,3,-1,0,2,1,4,1,1,0,0,0,0,0,0,0,0,1,0,0,1,1,0,0,0,0,1,1,0
EM-4920FL,"Paj QE-QF,Tri MQ-MR Front LH",7-B-7-3,9346140043448,03 Silver,63,0,0,0,0,0,0,5,2,3,1,2,3,0,2,3,4,0,2,10,4,3,7,7,1,4,6,7,4,5,5,6,9,10,6,3,3,5
Em-4920FR,"Paj QE-QF,Tri MQ-MR Front RH",7-B-8-3,9346140043455,04 Bronze,36,0,0,0,0,0,0,6,2,2,1,2,0,2,2,2,4,0,1,7,2,5,7,6,3,3,5,4,3,5,1,3,4,7,2,2,2,2
Em-4920FRB,"Paj QE-QF,Tri MQ-MR Front RH",7-B-5-3,9346140047958,06 First Sale in FY26,50,0,0,0,0,0,0,0,0,0,0,0,0,0,0,0,0,0,0,0,0,0,0,0,0,0,0,0,0,0,0,1,8,3,3,2,0,5
EM-4920RE,"Paj QE-QF,Tri MQ-MR Rear A",7-B-6-3,9346140042953,04 Bronze,62,0,1,1,0,0,1,0,0,0,1,1,-1,1,0,0,2,0,0,2,2,2,3,0,0,2,1,0,1,1,1,0,1,3,2,0,0,1
Em-4921,X-Trail T30 2.5L 01-on Front,7-B-7-4,9346140009253,04 Bronze,118,0,5,1,4,4,3,3,1,3,6,2,3,4,2,0,2,3,2,0,1,2,1,2,1,3,-1,0,3,0,0,3,1,4,4,2,0,6
Em-4922,Charade G200-203 93-00 Front M,7-C-2-1b,9346140009260,04 Bronze,3,20,0,0,0,0,0,0,0,0,0,0,0,0,0,1,1,0,0,1,1,0,1,0,0,1,0,0,0,0,1,1,0,0,2,-1,0,0
Em-4923,Applause A101 1.6L 89-98 RH A,7-C-2-2,9346140009277,04 Bronze,7,0,0,1,1,0,0,0,0,0,0,1,0,1,0,0,0,1,0,0,0,0,0,0,0,0,0,0,0,0,0,0,0,0,0,0,0,0
Em-4924,"Astina, Lynx V6 95-96 Frnt mnt",7-B-5-4,9346140009284,07 Not Classed,35,0,,,,,,,,,,,,,,,,,,,,,,,,,,,,,,,,,,,,
Em-4925,"Galant 2.0,2.4 98-03 Front mt",7-B-5-4,9346140009291,05 No Sales FY25,2,0,0,0,0,0,0,0,0,0,0,0,0,0,0,0,0,0,0,0,0,0,0,0,0,0,0,0,0,0,0,0,0,0,0,0,0,0
Em-4926A,"Cooper R50,53 00-03 Rear Upper",7-B-8-4,9346140040102,04 Bronze,35,100,2,4,3,6,3,1,5,1,1,1,0,4,1,-1,2,6,1,1,0,0,1,3,1,4,4,6,5,5,8,6,1,5,1,3,2,0
Em-4927M,"Pul N16 1.6,1.8L  LH Mtm steel",7-B-6-1,9346140009314,04 Bronze,8,0,-1,0,0,1,0,0,0,0,-1,0,0,0,1,1,0,0,0,0,1,0,0,0,0,1,0,1,2,-1,0,2,0,0,0,1,1,2
Em-4927MA,"Pul N16 1.6,1.8L  LH Mtm alumi",7-B-7-1,9346140042878,04 Bronze,8,0,0,1,0,0,0,0,0,0,0,0,0,0,0,0,1,-1,0,0,0,0,0,0,0,0,0,0,0,0,0,0,0,0,0,0,0,1
Em-4928,Pulsar N16 1.8L LH mount Auto,7-B-9-4,9346140009321,04 Bronze,17,50,3,0,1,2,1,1,0,1,0,1,0,2,2,2,2,1,1,3,1,0,2,2,0,2,1,3,0,0,3,2,4,1,2,-1,0,4
Em-4929,Patrol TB42-48 98-03 Front L/R,7-B-9-3,9346140009338,04 Bronze,84,50,4,41,12,55,30,2,4,5,9,3,9,9,4,3,6,0,2,16,4,2,5,4,2,1,4,4,0,5,5,2,5,4,8,4,8,0
Em-4930,Nis Navara D22 3.2 LH,7-B-10-3,9346140009345,04 Bronze,12,0,0,1,0,0,0,1,0,0,0,0,0,1,1,1,0,0,0,-1,0,1,1,0,0,3,1,0,1,1,1,-1,2,0,0,0,0,2
Em-4931H,"Maz2 DJ,DL 1.5L RH Hy w/i-stop",7-B-9-5,9346140040225,04 Bronze,162,0,8,5,3,1,4,7,3,6,9,3,8,3,4,1,6,5,5,5,6,1,2,3,2,3,5,3,3,5,3,5,1,4,3,3,2,5
Em-4932L,"Maz 2 DL,CX3 DK 1.5L 15-on LH",7-B-10-4,9346140040232,04 Bronze,35,50,0,-1,1,0,0,2,1,0,0,1,1,0,1,2,2,2,2,1,3,0,2,0,0,1,1,1,3,2,5,2,1,1,3,6,6,2
Em-4933FR,Captiva CG 7 3.0L 11-19 Frnt A,7-C-4-5,9346140043547,04 Bronze,23,50,0,0,0,0,0,0,0,0,0,2,1,3,1,1,2,1,0,1,0,1,0,2,1,4,2,2,4,2,2,0,-1,1,2,4,0,2
Em-4934,"Liteace CM35,36 86-92 Rear Atm",4-C-1-2,9346140009383,06 First Sale in FY26,7,0,0,0,0,0,0,0,0,0,0,0,0,0,0,0,0,0,0,0,0,0,0,0,0,0,0,0,0,0,0,0,0,0,0,1,0,0
Em-4935,Liteace KM36 86-92 Front RH,7-C-1-1,9346140009390,04 Bronze,20,0,0,0,0,0,0,1,0,0,0,1,1,0,0,0,0,0,1,0,0,0,1,1,0,0,0,0,1,0,0,0,1,0,0,1,1,1
Em-4936,Liteace KM36 86-92 Front LH,7-C-2-1,9346140009406,04 Bronze,17,20,0,0,0,0,0,1,0,0,0,1,1,0,0,0,0,0,1,1,0,0,1,1,1,0,0,0,1,0,0,0,0,0,0,1,0,2
Em-4937,"Magna TE-TJ V6 3.0,3.5L RH mnt",7-C-3-1,9346140009413,04 Bronze,19,28,4,2,3,4,1,3,1,1,4,4,2,5,1,1,3,1,3,3,4,3,2,3,1,1,0,5,4,3,3,2,0,3,1,1,0,5
Em-4938,"Jackaroo, Monterey V6 Rear Mnt",7-C-3-3,9346140009420,04 Bronze,80,0,2,3,3,2,7,4,3,0,1,3,5,1,3,4,2,4,1,1,1,5,5,4,8,5,3,3,2,6,1,1,3,5,6,6,5,5
Em-4939,Supra 3.0L 88-92 Front L/R mnt,7-C-4-1,9346140009437,04 Bronze,16,0,0,0,0,0,0,2,0,0,0,0,0,0,0,0,0,0,0,0,0,0,0,1,0,2,2,0,0,0,0,0,3,0,2,-1,0,0
Em-4940,Supra 3.0L 88-92 Rear Mount,7-C-5-1,9346140009444,04 Bronze,17,0,0,0,0,0,0,0,1,0,0,0,0,0,0,1,0,0,0,3,0,0,0,0,2,1,0,0,2,0,0,2,1,1,0,0,2,0
Em-4941,"Courier,B2600 Bravo 96-99 Rear",6-B-9-4,9346140009451,04 Bronze,51,0,1,2,1,1,-1,0,1,3,1,1,0,1,-1,2,3,0,4,2,0,1,0,1,0,2,1,0,2,0,3,0,0,0,1,2,0,2
Em-4944,"Comm. VX,VU,VY V8 5.7 Rear - A",7-C-3-2,9346140009482,04 Bronze,257,0,3,1,4,2,4,2,4,0,5,2,2,3,2,1,5,5,2,7,1,1,5,4,4,2,1,1,2,3,3,1,3,2,1,3,4,4
Em-4946,Accent 1.5 G4ECX 00-Rear A&M,7-C-4-2,9346140009505,04 Bronze,20,0,0,0,0,0,0,0,0,0,0,0,0,1,0,1,1,0,1,1,-1,0,1,0,0,0,3,0,-1,0,0,0,0,1,1,1,0,3
Em-4947,Pregio 2.7L 2WD 02-04 Rear mnt,7-C-6-1,9346140009529,04 Bronze,30,0,1,1,0,0,1,0,0,0,0,0,0,0,0,0,0,2,0,1,0,0,1,0,0,0,0,0,0,0,1,0,0,0,0,0,0,0
Em-4947SB,"Freemont,Journey 2.0D Rear SB",7-C-5-2,9346140043554,06 First Sale in FY26,29,0,0,0,0,0,0,0,0,0,0,0,0,0,0,0,0,0,0,0,0,0,0,0,0,0,0,0,1,0,0,0,0,0,0,0,0,0
Em-4948,Mentor TE 1.8L 98-01 RH mount,7-C-6-2,9346140009536,07 Not Classed,50,0,,,,,,,,,,,,,,,,,,,,,,,,,,,,,,,,,,,,
Em-4949G,Camry AVV50 2.5L 12-17 Front,7-C-5-5,9346140036402,04 Bronze,0,,3,2,2,1,7,5,4,5,1,7,1,0,1,2,1,3,0,1,0,0,0,2,1,0,1,0,0,0,0,0,0,0,0,0,0,0
Em-4949H,Camry AVV50 2.5L 12-17 Front,7-C-5-5,9346140043479,04 Bronze,55,100,0,0,0,0,0,0,0,0,0,0,0,0,0,0,0,0,10,12,4,2,16,-1,0,1,2,6,2,0,2,3,6,9,1,12,4,18
Em-4950,"Kia Sephia, Rio 1.5 00-on Rear",7-C-6-2,9346140009550,07 Not Classed,0,,,,,,,,,,,,,,,,,,,,,,,,,,,,,,,,,,,,,
Em-4950G,"Kia Sephia, Rio 1.5 00-on Rear",7-C-6-2,9346140025338,05 No Sales FY25,0,,0,0,0,0,0,0,0,0,0,0,0,0,0,0,0,0,0,0,0,0,0,0,0,0,0,0,0,0,0,0,0,0,0,0,0,0
Em-4952,Landcruiser FJ80 90-93 Frnt LH,7-C-6-1,9346140009574,05 No Sales FY25,0,,0,1,0,0,0,0,0,0,0,0,0,0,0,0,0,0,0,0,0,0,0,0,0,0,0,0,0,0,0,0,0,0,0,0,0,0
Em-4953H,"Falcon BA,BF 4.0 Front L/R mt",6-A-1-5,9346140009581,01 Platinum,358,0,33,37,45,36,46,44,21,29,37,18,22,48,33,48,19,30,45,27,24,25,37,32,29,39,24,32,24,32,28,18,14,8,19,27,19,48
Em-4954,Falcon BA 4.0L Rear mount,7-C-8-1,9346140009598,03 Silver,78,0,11,16,16,4,-1,9,2,3,5,1,3,7,3,18,14,6,8,5,3,2,4,2,4,2,10,7,2,8,5,6,7,6,8,58,3,5
Em-4955,"BMW E28 520,525 80-90 Frnt L&R",7-C-7-1,9346140009604,04 Bronze,6,0,2,2,0,0,2,0,0,0,0,2,0,0,0,0,0,2,0,4,0,0,0,0,0,0,0,2,0,0,0,0,2,1,0,4,0,0
Em-4956,"BMW E30 316,318 82-92 Frnt L&R",7-C-7-2,9346140009611,05 No Sales FY25,0,,0,0,0,0,0,0,0,0,0,0,0,0,0,0,0,0,0,0,0,0,0,0,0,0,0,0,0,0,0,0,0,0,0,0,0,0
Em-4958,"BMW E34 520,525 88-95 Frnt L&R",7-C-8-2,9346140009635,04 Bronze,0,,2,0,0,0,0,0,0,0,0,0,2,0,0,0,0,0,0,1,0,2,0,0,0,0,2,0,0,2,0,2,0,1,0,0,0,0
Em-4959H,"BMW E34 530,535,730 88-95 Frnt",7-C-9-1,9346140009642,04 Bronze,25,0,0,0,0,0,0,0,0,0,0,0,0,2,0,2,0,0,0,0,4,0,2,0,0,0,2,0,0,0,0,1,0,0,0,0,0,0
Em-4960H,#N/A,#N/A,#N/A,#N/A,#N/A,#N/A,2,0,2,0,2,-2,0,0,2,2,2,2,0,0,0,4,6,0,0,2,4,0,2,2,0,2,0,0,4,4,3,2,2,2,6,0
Em-4961H,BMW E36 320-328 92-99 Frnt L&R,7-C-9-2,9346140009673,04 Bronze,100,0,3,2,1,1,1,4,2,2,0,3,8,0,3,4,4,2,1,0,2,2,1,0,0,4,2,20,0,2,6,10,0,2,1,4,2,1
Em-4962,"BMW E36,E46 Z3,Z4 92-99 R L/R",7-C-10-2,9346140009680,02 Gold,87,0,4,4,0,4,21,9,4,13,4,4,4,6,1,6,6,11,49,-2,7,4,4,6,9,15,15,4,6,10,6,4,12,9,4,8,12,9
Em-4963,"BMW E36,E34 2-2.5L 90-98 R RH",7-C-1-3,9346140009697,07 Not Classed,52,0,,,,,,,,,,,,,,,,,,,,,,,,,,,,,,,,,,,,
Em-4964,"BMW E36,E34 2-2.5L 90-98 R LH",7-C-1-3,9346140009703,07 Not Classed,53,0,,,,,,,,,,,,,,,,,,,,,,,,,,,,,,,,,,,,
Em-4965,Mondeo HC-HE 2L 96-01 Front-A,7-C-1-4,9346140009710,05 No Sales FY25,22,0,0,0,0,0,1,0,0,0,0,0,0,0,0,0,0,0,0,0,0,0,0,0,0,0,0,0,0,0,0,0,0,0,0,0,0,0
Em-4966,Mondeo HC-HE 2L 93-95 Front-A,7-C-2-4,9346140009727,07 Not Classed,41,0,,,,,,,,,,,,,,,,,,,,,,,,,,,,,,,,,,,,
Em-4967,Mondeo HC-HE 2L 96-01 LH mnt A,7-C-2-3,9346140009734,06 First Sale in FY26,18,0,0,0,0,0,0,0,0,0,0,0,0,0,0,0,0,0,0,0,0,0,0,0,0,0,0,0,0,0,0,0,0,0,0,1,0,0
Em-4968,Mondeo HC-HE 2L 96-01 LH mnt-M,7-C-1-2,9346140009741,04 Bronze,7,0,0,0,0,0,0,0,0,0,0,0,0,0,0,0,0,0,0,0,0,0,0,0,1,-1,0,0,0,0,0,0,0,0,0,0,0,0
Em-4969,Mondeo HC-HE 2L 96-01 Rear A,7-C-3-4,9346140009758,07 Not Classed,32,0,,,,,,,,,,,,,,,,,,,,,,,,,,,,,,,,,,,,
Em-4970,"Escape BA,Tribute V6 3L Rear",7-C-4-3,9346140009765,04 Bronze,18,0,0,2,-1,3,1,2,0,1,0,1,1,2,0,3,0,0,2,2,1,1,3,0,1,0,3,1,0,2,0,0,3,0,1,2,4,2
Em-4971,"Mercedes 200,230 76-85 Frnt RH",7-C-8-2a,9346140009772,04 Bronze,8,0,1,0,0,0,1,0,0,0,0,0,0,0,0,1,0,0,0,0,1,0,0,0,0,0,0,0,0,0,0,0,0,0,0,0,1,0
Em-4971RLH,D-Max TFS85 3.0TD 12-20 RLH 6A,7-C-5-4,9346140045916,06 First Sale in FY26,38,100,0,0,0,0,0,0,0,0,0,0,0,0,0,0,0,0,0,0,0,0,0,0,0,0,0,0,0,0,3,0,1,1,0,6,0,0
Em-4971RRH,D-Max TFS85 3.0TD 12-20 RRH 6A,7-C-6-4,9346140046913,06 First Sale in FY26,34,100,0,0,0,0,0,0,0,0,0,0,0,0,0,0,0,0,0,0,0,0,0,0,0,0,0,0,0,0,3,0,1,1,0,6,4,0
Em-4972,"Mercedes 200,230 76-85 Frnt LH",7-C-8-2b,9346140009789,04 Bronze,8,0,1,0,0,0,1,0,0,0,0,0,0,0,1,0,0,0,0,0,1,0,0,0,0,0,0,0,0,0,0,0,0,0,0,0,1,0
Em-4973,Merc 200-300 84-93 Front L&R,7-C-4-4,9346140009796,04 Bronze,10,0,0,0,-1,0,2,0,0,0,0,0,0,0,0,2,0,0,2,0,0,0,0,0,0,1,0,0,0,0,0,0,0,2,0,0,0,0
Em-4974H,EClass 200-300 Front Hydro L/R,7-C-5-3,9346140009819,04 Bronze,1,0,0,0,0,0,1,2,0,2,0,0,2,0,2,0,0,0,0,4,0,0,0,2,0,0,0,2,2,0,2,2,2,1,0,0,2,2
Em-4975,"Merc SClass 300,320 91-98 F RH",7-C-7-4,9346140009826,06 First Sale in FY26,4,0,0,0,0,0,0,0,0,0,0,0,0,0,0,0,0,0,0,0,0,0,0,0,0,0,0,0,0,0,0,0,1,0,0,0,0,0
Em-4976H,Merc CClass 180-220 Hydr F L/R,7-C-6-3,9346140009840,04 Bronze,58,100,4,4,5,2,10,0,2,2,2,4,2,7,3,6,3,0,0,2,0,0,4,9,3,8,4,8,10,6,4,7,5,2,0,1,2,4
Em-4977,Neon 2L 99-on Eng.buffer 265mm,7-C-7-3,9346140009857,04 Bronze,30,0,1,0,1,1,1,1,1,0,0,0,1,1,0,0,0,0,0,2,0,0,0,0,0,1,2,1,1,0,0,0,0,1,1,2,0,1
Em-4978,Neon 2L 99-on Eng.buffer 135mm,7-C-8-3,9346140009864,04 Bronze,25,0,1,0,0,0,1,2,1,2,0,1,0,1,0,1,0,0,0,1,0,0,0,0,1,1,0,1,1,0,0,1,0,1,1,1,0,0
Em-4979,Neon 2L YD5 99-on Front mnt-A,7-C-8-4,9346140009871,04 Bronze,13,0,1,1,1,1,-1,0,0,1,0,1,-1,0,0,0,1,0,0,0,0,0,0,0,0,1,0,1,1,0,0,0,0,0,0,1,-1,0
Em-4980,Neon 2.0L YD5 99-on LH mnt - A,7-C-9-3,9346140009888,04 Bronze,10,0,0,0,0,0,0,0,0,0,0,0,0,0,0,0,0,0,0,0,0,0,0,0,0,0,0,1,0,0,0,0,-1,0,0,0,0,0
Em-4981,"Golf2, Passat 87-92 Rear RH mt",7-C-10-4,9346140009895,05 No Sales FY25,14,0,0,0,0,0,0,0,0,0,0,0,0,0,0,0,0,0,0,0,0,0,0,0,0,0,0,0,0,0,0,0,0,0,0,0,0,0
Em-4982H,"Golf, Passat Rear LH Hydro mnt",7-C-9-4,9346140009918,04 Bronze,42,0,0,0,1,0,0,0,0,-1,0,0,0,1,0,0,1,0,0,0,0,0,0,0,0,0,2,0,0,0,0,0,0,0,0,0,0,-1
Em-4983,VW T4 2-2.5L 90-95 Front L&R A,7-C-10-4,9346140009925,05 No Sales FY25,10,0,0,0,2,0,0,-2,0,0,0,2,0,0,0,0,0,0,0,0,0,0,0,0,0,0,0,0,0,0,0,2,0,0,0,0,0,0
Em-4984,VW T4 2-2.5L 90-95 Front L&R M,7-D-1-2,9346140009932,07 Not Classed,25,0,,,,,,,,,,,,,,,,,,,,,,,,,,,,,,,,,,,,
Em-4985,"VW T4 2.4,2.5L 90-95 Rear mt A",7-D-2-2,9346140009949,05 No Sales FY25,17,0,0,0,0,0,0,0,0,0,0,0,0,0,0,0,0,0,0,0,0,0,0,0,0,0,0,1,0,0,0,0,0,1,0,0,0,0
Em-4986,VW T4 2.0L 90-95 Rear mnt M,7-D-3-2,9346140009956,04 Bronze,14,0,0,1,1,0,0,-1,2,0,0,0,1,0,0,2,0,0,0,0,0,0,0,0,1,0,0,1,0,0,0,2,0,0,0,0,0,0
Em-4987,"Golf3,Vento,Polo 91-99 Front A",7-D-1-1,9346140009963,04 Bronze,6,0,0,0,0,1,1,1,1,1,0,0,0,0,0,0,2,0,0,0,0,0,0,0,0,0,2,0,0,0,0,0,0,0,0,0,0,0
Em-4988,"Golf3,Vento,Polo 91-99 Rear RH",7-D-2-1,9346140009970,04 Bronze,8,0,0,0,1,1,0,0,0,0,0,0,0,0,0,0,1,0,0,0,0,0,0,0,0,0,2,0,0,0,0,0,0,0,0,0,0,0
Em-4989,Nimbus UG 2.4L 98-on Front A,7-D-3-1,9346140009987,04 Bronze,13,0,0,1,1,0,2,0,1,1,0,1,0,0,0,0,0,0,0,1,0,0,0,0,0,2,0,1,1,0,0,0,0,1,0,1,0,0
Em-4989M,Nimbus UG 2.4L 98-on Front Mtm,7-D-3-3,9346140029848,05 No Sales FY25,7,0,0,0,0,0,0,0,0,0,0,0,0,0,0,0,0,0,0,0,0,0,0,0,0,0,0,1,0,0,0,0,0,0,0,0,0,0
Em-4990,Nimbus UG 2.4L 98-on LH mnt A,7-D-4-1,9346140009994,04 Bronze,22,0,0,0,0,1,2,0,0,1,0,0,0,0,1,1,0,0,0,1,0,0,0,0,0,1,0,0,1,1,0,1,0,1,0,0,0,1
Em-4991,Nimbus UG 2.4L 98-on RH mount,7-D-5-1,9346140010006,04 Bronze,12,0,0,1,0,1,2,0,1,1,0,0,0,0,0,0,0,1,0,0,0,0,1,0,0,1,0,0,1,0,0,0,0,2,0,2,0,1
Em-4992,Nimbus UG 2.4L 98-on Rear A&M,7-D-4-2,9346140010013,04 Bronze,14,0,0,1,2,3,1,0,1,1,0,1,0,0,0,1,0,0,1,1,0,0,1,0,0,1,0,1,1,0,0,0,0,1,0,0,0,0
Em-4993,Ignis M13A 00-on Front LH mnt,7-D-5-2,9346140010020,04 Bronze,23,0,0,1,0,0,1,0,1,1,0,0,0,0,1,0,3,0,0,0,0,0,0,1,0,3,0,2,2,1,0,0,2,0,0,0,3,0
Em-4994,Ignis M13A 00-on Front RH mnt,7-D-6-1,9346140010037,04 Bronze,12,0,0,1,0,0,2,1,0,1,0,0,0,1,0,0,2,0,1,0,1,0,0,0,0,0,1,2,1,0,0,0,0,0,1,1,2,0
Em-4995,Ignis M13A 00-on Rear mount,7-D-6-2,9346140010044,04 Bronze,7,0,1,0,0,0,1,0,0,1,0,0,0,0,1,1,2,0,0,0,0,1,0,2,0,0,1,0,0,1,0,0,0,1,0,0,5,0
Em-4996,Liberty 2.2L 2WD 89-98 Rear A,6-D-1-3,9346140010051,04 Bronze,30,0,0,0,0,1,0,0,0,0,0,0,0,0,0,0,0,0,0,0,0,0,0,0,0,0,1,1,-1,0,0,0,0,0,0,0,0,0
Em-4997,"Volvo S40,V40 42.0L 98-01 LH A",7-D-7-1,9346140010068,05 No Sales FY25,42,0,0,0,0,0,1,0,0,-1,0,0,0,0,0,0,0,0,0,0,0,0,0,0,0,0,0,0,0,0,0,0,0,0,0,0,0,0
Em-4998,Mazda 626 GF 2.0L 97-02 Front,7-D-7-2,9346140010075,04 Bronze,48,0,0,2,1,1,0,0,0,0,3,3,1,3,0,1,1,1,2,0,0,1,2,2,0,4,0,0,1,2,0,2,0,0,1,1,0,1
Em-4999WB,"323 BJ 1.8,2.0,626 GF 97-03 RH",7-D-8-1,9346140010082,03 Silver,47,50,8,7,7,13,5,10,9,9,5,9,7,9,5,5,5,7,8,9,7,6,5,5,9,6,4,4,7,5,7,11,-1,1,2,6,6,12
Em-5000,"Mazda GF,GW 626 2L 97-01 RH- M",7-D-9-1,9346140010099,04 Bronze,18,30,3,2,2,4,2,3,2,5,1,1,1,4,0,4,3,0,1,2,0,1,4,1,2,4,3,1,1,3,2,4,3,0,3,5,2,3
Em-5001,Camry ACV36R 2.4 02-on RH Sbar,9-A-5-3,9346140010105,01 Platinum,572,0,65,68,49,59,44,50,49,53,45,38,37,62,44,68,44,47,36,33,27,34,25,44,26,36,37,43,40,47,43,30,29,44,50,27,41,53
Em-5002,ES300 MCV30 V6 01-05 RH Sbar,7-D-9-2,9346140010112,04 Bronze,27,50,2,1,4,5,3,3,0,2,3,2,2,2,2,2,3,3,0,2,0,3,3,2,1,2,-1,2,0,2,4,4,0,2,4,2,1,5
Em-5003,"Vectra JR,JS 2-2.2L 97-on Sbar",7-D-10-2,9346140010129,04 Bronze,5,20,0,3,0,1,1,0,0,0,2,1,0,0,0,0,0,1,0,0,0,0,0,0,0,0,0,1,2,1,0,0,0,0,0,0,0,0
Em-5004,Explorer UQ V6 96-01 Rear mtm,7-D-10-1,9346140010136,04 Bronze,8,0,0,1,0,0,1,0,0,0,0,0,0,0,0,1,0,0,0,0,0,0,0,0,0,0,0,0,0,0,1,0,0,-1,0,0,1,0
Em-5005H,"Leganza 2.0,2.2L 97-04 RH Hydr",7-D-1-4,9346140010143,07 Not Classed,13,0,,,,,,,,,,,,,,,,,,,,,,,,,,,,,,,,,,,,
Em-5006H,"Nubira 1.6,2.0L 98-04 RH Hydro",7-D-1-4,9346140010150,04 Bronze,4,0,1,0,1,0,0,0,0,0,1,0,0,1,1,0,0,0,0,0,0,0,0,0,1,0,0,0,0,0,0,0,0,0,0,0,0,0
Em-5009,Pajero NJ-NL V6 93-00 Rear M,7-D-2-3,9346140010198,04 Bronze,40,0,-2,0,-1,0,1,2,1,0,1,0,0,2,0,-1,4,0,0,0,1,1,2,1,1,1,0,0,0,0,0,-1,0,1,0,1,1,0
Em-5010,Land HDJ/UZJ100R 98-08 Rear AM,6-D-5-3,9346140024263,04 Bronze,24,0,1,1,0,1,0,1,0,0,0,0,1,-1,0,1,0,1,0,0,0,0,0,0,1,1,2,1,2,1,1,1,2,3,0,5,0,3
Em-5011H,Swift G10A 89-94 Front LH Hydr,6-D-10-3,9346140010211,05 No Sales FY25,0,,0,0,0,0,0,0,0,0,0,0,0,0,0,0,0,0,0,0,0,0,0,0,0,0,0,0,0,0,0,0,0,0,0,0,0,0
Em-5012,Swift G10A 1L 89-94 Front LH M,6-D-10-3,9346140010228,07 Not Classed,0,,,,,,,,,,,,,,,,,,,,,,,,,,,,,,,,,,,,,
Em-5013,"Magna TE-TL 3.0,3.5L Front mnt",7-D-4-3,9346140010235,04 Bronze,82,0,1,2,3,1,1,2,1,3,0,1,3,3,0,1,0,2,0,0,0,0,0,2,1,3,2,2,3,0,6,1,1,5,1,-1,2,2
Em-5014,Astra TS 1.8L 98-05 Front mt A,7-D-5-3,9346140010242,03 Silver,87,0,22,8,11,14,11,16,12,9,13,8,12,13,13,10,7,10,14,8,7,8,7,6,7,8,9,13,6,11,6,9,7,7,11,5,8,7
Em-5015,"Hiace RCH11 2.5,2.7L Rear mnt",7-D-2-4,9346140010259,05 No Sales FY25,65,0,0,0,0,0,0,0,0,0,0,0,0,0,0,0,0,0,0,0,0,0,0,0,0,0,0,0,0,0,0,0,0,1,2,0,0,0
Em-5016,Delica Spacegear 98-04 Rear LR,7-D-3-4,9346140010266,04 Bronze,302,0,2,0,4,0,4,6,8,4,6,8,5,2,6,5,0,4,6,6,2,4,4,2,2,4,4,4,8,12,4,4,8,12,7,4,0,2
Em-5017,Delica Spacegear 98-04 Rear M,7-D-4-4,9346140010273,04 Bronze,30,0,0,0,1,0,0,0,0,0,0,0,0,1,0,0,0,2,0,0,0,0,0,0,0,0,0,0,0,0,0,0,0,0,0,1,0,0
Em-5018,Corolla ZZE123 1.8L 03-on RH,9-A-3-2,9346140010280,01 Platinum,242,0,28,39,39,30,28,22,15,30,29,29,39,48,43,65,33,30,33,33,18,25,22,32,27,47,50,47,39,31,38,19,18,26,33,23,31,36
Em-5019,Coro ZZE123 1.8L 66mm 03-on R,7-D-7-3,9346140010297,02 Gold,215,0,13,13,13,6,15,6,8,8,20,6,20,18,21,13,11,14,8,7,4,8,7,7,14,11,10,9,13,13,17,6,8,11,8,12,4,7
Em-5019B,Coro ZZE123 1.8L 72mm 03-on R,7-D-8-3,9346140010303,03 Silver,143,0,3,5,2,2,3,5,3,6,2,3,0,2,8,19,7,15,10,5,9,10,3,0,12,12,8,14,11,11,12,10,1,10,9,5,18,11
Em-5020,Sonata 2.5L V6 98-on LH mnt At,7-D-8-4,9346140010310,07 Not Classed,23,0,,,,,,,,,,,,,,,,,,,,,,,,,,,,,,,,,,,,
Em-5020G,"Sonata 2.0,2.4L 98-04 LH mt A",7-D-8-4,9346140010327,07 Not Classed,4,0,,,,,,,,,,,,,,,,,,,,,,,,,,,,,,,,,,,,
Em-5021,Kia Spectra FB 1.8L 01-04 RH,7-D-5-4,9346140010334,04 Bronze,2,0,0,0,0,0,0,0,0,0,1,2,0,0,0,0,0,0,0,0,0,0,0,0,0,0,1,0,0,0,0,0,0,0,0,0,0,0
Em-5023,Frontera 2.2 99-on Frnt RH mnt,7-D-5-4,9346140010358,04 Bronze,8,0,0,0,0,0,0,0,0,0,0,0,0,0,0,1,0,0,0,0,0,0,1,0,0,0,0,0,0,0,0,0,0,0,0,0,0,0
Em-5024,"Hilux 2.0,2.7L 97-on Rear mnt",7-D-6-3,9346140010365,04 Bronze,26,0,0,0,0,0,1,0,0,0,0,0,0,0,0,0,0,0,1,0,0,0,0,0,0,0,0,1,0,0,0,0,0,1,0,0,1,0
Em-5025,Prado 3.0L 00-on Rear mount M,7-D-9-4,9346140010372,05 No Sales FY25,0,,0,0,0,0,0,0,0,0,0,0,0,0,0,0,0,0,0,0,0,0,0,0,0,0,0,0,0,0,0,0,0,0,0,0,0,0
Em-5025JRE,J.Compass M6 2.4L 17-24 Rear,7-D-9-4,9346140045343,06 First Sale in FY26,18,0,0,0,0,0,0,0,0,0,0,0,0,0,0,0,0,0,0,0,0,0,0,0,0,0,0,0,0,0,0,0,0,1,0,1,0,0
Em-5026,Astra TR wo/AC 96-98 RH mnt,7-D-10-4,9346140010389,07 Not Classed,0,,,,,,,,,,,,,,,,,,,,,,,,,,,,,,,,,,,,,
Em-5026JRH,J.Compass M6 2.4L 17-24 RH Hyd,7-D-9-3,9346140045350,06 First Sale in FY26,24,0,0,0,0,0,0,0,0,0,0,0,0,0,0,0,0,0,0,0,0,0,0,0,0,0,0,2,0,1,2,1,2,1,2,3,4,1
Em-5027,Astra TR w/AC 1.6L 96-98 RH mt,7-D-10-4,9346140010396,07 Not Classed,0,,,,,,,,,,,,,,,,,,,,,,,,,,,,,,,,,,,,,
Em-5027JLH,J.Compass M6 2.4L 17-24 LH Hyd,7-D-10-3,9346140045367,05 No Sales FY25,19,0,0,0,0,0,0,0,0,0,0,0,0,0,0,0,0,0,0,0,0,0,0,0,0,0,0,0,0,0,0,0,0,0,0,0,1,0
Em-5028,"Astra TR, Calibra YE Rear mnt",7-D-10-3,9346140010402,05 No Sales FY25,0,,0,0,0,0,1,0,0,0,0,0,0,0,0,0,0,0,0,0,0,0,0,0,0,0,0,0,0,0,0,0,0,0,0,0,0,0
Em-5029,Combo Van SB 96-02 RH mt M,8-D-10-1,9346140010419,07 Not Classed,0,,,,,,,,,,,,,,,,,,,,,,,,,,,,,,,,,,,,,
Em-5029HB,Cruze JG 2.0TD 09-11 RH Hydro,7-D-10-5,9346140043271,04 Bronze,35,0,0,0,0,0,0,0,0,0,0,0,0,1,1,0,0,1,0,0,0,0,0,0,0,0,1,0,0,-1,0,0,0,0,0,1,1,0
Em-5030,"Astra TR,Calibra YE95 RH mount",8-D-10-2,9346140010426,04 Bronze,200,0,0,1,1,0,0,0,0,0,1,0,0,1,2,1,0,0,0,0,0,0,0,0,0,1,0,0,0,0,0,0,0,1,0,0,0,0
Em-5031,Astra TS 1.8L 98-05 Front Mtm,8-D-9-1,9346140010433,04 Bronze,17,0,3,2,2,4,1,-1,1,1,2,1,1,1,1,1,0,0,0,0,0,0,0,1,1,1,1,2,0,1,2,1,0,0,0,0,0,0
Em-5032H,Astra TS 1.8L 98-05 LH mnt Atm,8-D-9-2,9346140010440,04 Bronze,67,0,1,2,3,1,1,4,1,0,5,0,2,0,3,0,0,1,1,1,0,0,1,1,1,1,0,0,1,0,0,0,1,3,1,0,0,0
Em-5033,Astra TS 1.8L 98-05 LH mnt Mtm,8-D-8-1,9346140010457,04 Bronze,18,0,0,1,0,2,0,0,0,0,1,0,1,0,1,0,0,0,0,0,0,1,0,0,0,0,0,0,0,0,0,0,0,0,0,0,0,0
Em-5034,Astra TS 1.8L 98-05 RH mnt A&M,8-D-8-2,9346140010464,03 Silver,71,0,6,15,8,17,6,3,4,3,9,5,4,4,7,5,3,1,6,5,1,5,4,5,7,4,11,7,5,5,4,5,3,3,2,2,3,6
Em-5035,Astra TS 1.8L 98-05 Rear mount,8-D-7-1,9346140010471,04 Bronze,76,0,0,2,0,4,0,1,1,0,4,-1,1,3,2,2,0,0,1,2,1,2,1,3,2,1,-1,0,1,1,1,0,1,0,2,1,0,0
Em-5036,"Astra TS,Zaf 2.2L 01-06 Frnt M",8-D-7-2,9346140010488,04 Bronze,68,0,0,0,0,0,0,0,0,0,0,0,0,0,0,1,0,0,0,0,0,0,0,0,0,0,0,0,0,0,0,0,0,0,0,1,0,0
Em-5037,Astra TR 2.2L 98-05 Front Mtm,8-D-6-1,9346140010495,04 Bronze,29,0,0,0,0,0,0,0,0,0,0,0,0,0,0,0,0,0,0,0,0,1,0,0,0,0,0,0,0,0,0,0,0,0,0,1,0,0
Em-5038,"Calibra YE,YE95 91-98 RH mount",8-D-6-2,9346140010501,04 Bronze,26,0,1,0,0,0,1,0,0,0,0,0,1,0,0,1,0,0,0,0,0,0,0,0,0,0,0,0,0,0,0,0,0,0,0,0,0,0
Em-5038LH,"Tucs TL,Spor QL 2.0 15-21 LH A",8-D-6-5,9346140042809,06 First Sale in FY26,33,0,0,0,0,0,0,0,0,0,0,0,0,0,0,0,0,0,0,0,0,0,0,0,0,0,0,4,1,2,0,1,1,-1,0,0,0,4
Em-5039,Barina/Combo SB 96-on LH mount,8-D-5-2,9346140010518,04 Bronze,57,0,0,0,0,0,0,0,0,0,0,0,0,0,0,0,0,0,0,1,0,0,0,0,0,0,0,0,0,0,0,1,0,0,0,0,0,0
Em-5040,Barina/Combo SB 96-on RH mount,8-D-5-1,9346140010525,04 Bronze,11,0,0,0,0,0,0,0,0,0,0,0,0,0,0,0,0,0,0,1,0,0,0,0,0,0,-1,0,0,1,0,2,0,0,0,0,0,0
Em-5041,"Vectra JR,JS 97-02 Rear mt A&M",8-D-4-1,9346140010532,05 No Sales FY25,19,0,0,0,0,0,0,0,0,0,0,0,0,1,0,0,0,0,0,0,0,0,0,0,0,0,0,0,0,0,0,0,0,0,0,0,0,0
Em-5042H,"Vector JR,JS 97-02 Frnt LH Atm",8-D-4-2,9346140010549,04 Bronze,10,0,0,0,0,1,0,0,0,0,0,0,0,0,0,0,0,0,0,0,0,0,0,1,0,0,0,0,0,0,1,0,0,0,0,0,0,0
Em-5043H,"Vectra JR,JS 97-02 Frnt LH mtm",8-D-3-1,9346140010556,07 Not Classed,22,0,,,,,,,,,,,,,,,,,,,,,,,,,,,,,,,,,,,,
Em-5044H,"Vectra JR,JS 97-02 Frnt RH A&M",8-D-3-2,9346140010563,04 Bronze,5,0,0,0,0,1,0,0,0,0,1,0,0,0,0,0,0,0,0,0,0,0,0,0,0,1,0,0,0,0,0,1,0,0,1,0,0,0
Em-5045,"Camira JB,JD,JE Rear LH Manual",37B-2-5,9346140010570,04 Bronze,9,0,0,0,0,0,0,0,0,0,0,0,0,0,0,0,0,0,1,0,0,0,0,0,0,0,0,0,0,0,1,0,0,0,0,0,2,0
Em-5046,"Camira JB,JD,JE Rear RH mt A&M",37B-2-5,9346140010587,04 Bronze,16,0,0,0,0,0,0,0,0,0,0,0,1,0,0,0,0,0,1,1,0,0,0,1,0,0,0,1,0,0,0,0,0,0,0,1,3,0
Em-5047,Cherokee 4L 95-00  Front RH mt,8-D-2-1,9346140010594,04 Bronze,38,0,1,0,0,0,2,2,0,0,1,0,1,1,1,0,1,0,3,0,0,0,0,2,0,0,0,2,0,1,0,0,0,0,0,6,2,2
Em-5048,Grand Cherokee 96-99 Frnt LH A,8-D-1-1,9346140010600,04 Bronze,5,0,0,1,0,1,0,0,0,0,0,0,0,0,0,0,0,0,0,0,0,0,0,1,0,0,0,0,0,0,0,0,0,0,0,1,0,1
Em-5049L,"Colo RC,Rode RA 3.6L 05-12 FLH",8-D-2-2,9346140041871,04 Bronze,52,0,3,1,0,1,0,0,0,0,1,2,0,1,0,0,1,2,0,0,0,0,0,0,0,0,0,0,1,0,0,1,0,0,0,1,0,0
Em-5049R,"Colo RC,Rode RA 3.6L 05-12 FRH",8-D-1-2,9346140041888,04 Bronze,60,0,3,1,0,1,0,0,0,0,1,3,1,1,0,0,0,0,0,0,0,1,0,0,0,0,0,0,0,0,0,0,0,0,0,0,0,0
Em-5050H,Sportage QL 2.0L 16-21 RH hydr,8-D-3-5,9346140041833,03 Silver,116,0,0,0,0,0,4,0,0,0,1,1,-1,1,1,1,6,3,0,0,0,2,4,6,10,5,13,5,2,13,-2,1,0,1,0,2,0,1
Em-5051,Ford F100-F250 V8 Front L/R mt,4-B-2-5,9346140010631,04 Bronze,134,0,6,8,2,0,8,11,1,6,5,0,2,0,0,2,0,2,0,0,0,0,0,1,0,0,2,0,2,2,0,4,0,0,2,4,2,2
Em-5052,Kia Mentor 1.5L LH A+M,8-D-10-3,9346140010648,07 Not Classed,14,0,,,,,,,,,,,,,,,,,,,,,,,,,,,,,,,,,,,,
Em-5052RH,Sebring JS 2.7L 07-11 RH mnt,8-D-9-3,9346140042106,06 First Sale in FY26,18,0,0,0,0,0,0,0,0,0,0,0,0,0,0,0,0,0,0,0,0,0,0,0,0,0,0,1,0,0,0,1,0,1,-1,0,0,0
Em-5053,Integra SK7 1.8L 89-93 RH mtm,8-D-10-4,9346140010655,05 No Sales FY25,48,0,0,0,2,0,0,0,0,0,0,0,0,0,0,0,0,0,0,0,0,0,0,0,0,0,0,0,0,0,0,0,0,0,0,0,1,0
Em-5054R,Barina MJ 1.2L 10-16 RH A mnt,8-D-2-5,9346140041864,04 Bronze,37,0,1,2,1,0,0,2,-1,0,0,0,1,1,0,1,1,0,1,0,1,0,1,0,2,0,0,0,1,1,0,0,0,0,0,0,0,0
Em-5055,Subaru Rear mount,8-D-8-3,9346140010686,05 No Sales FY25,3,0,0,0,0,0,0,0,0,0,0,0,0,0,0,0,0,0,0,0,0,0,0,0,0,0,0,0,0,0,0,0,0,0,0,0,0,0
Em-5056H,Comm VT-VY 5.7L Front L/R Hydr,6-A-2-5,9346140010709,02 Gold,439,0,26,17,31,25,18,34,17,13,14,37,23,23,35,38,38,16,30,23,24,29,21,24,26,22,33,12,22,22,39,16,20,14,19,21,17,33
Em-5057,"Holden VU,VY V6 3.8L Rear L/R",8-D-9-4,9346140010716,03 Silver,57,100,3,4,12,5,4,2,1,10,0,2,1,2,0,4,6,9,5,4,10,8,4,3,2,3,2,4,0,4,9,6,6,8,4,4,3,3
Em-5058,"Accent 1.5,1.6L 00-03 Front mt",8-D-8-4,9346140010723,04 Bronze,31,0,1,0,0,0,1,0,0,0,0,0,0,1,0,0,0,0,1,1,0,0,1,0,0,0,3,0,-1,0,0,0,0,0,0,1,0,2
Em-5059FH,Accord CR2 2.4L 13-19 Front Hy,8-D-5-5,9346140042113,04 Bronze,31,0,0,0,0,0,0,1,0,0,1,0,0,1,0,0,0,0,0,1,2,0,0,0,0,0,1,0,0,0,0,0,0,0,0,0,0,1
Em-5060B,Civic FC1 1.5L Turbo 16-on LH,8-D-1-5,9346140041208,06 First Sale in FY26,21,0,0,0,0,0,0,0,0,0,0,0,0,0,0,0,0,0,0,0,0,0,0,0,0,0,0,0,0,0,0,1,0,0,0,1,1,1
Em-5061,Grand Cherokee 4.0L Rear mnt A,8-D-7-4,9346140010754,04 Bronze,7,0,0,0,0,1,0,-3,0,0,1,1,0,0,0,0,0,0,0,0,0,0,0,1,0,0,0,0,0,0,0,0,0,0,0,1,0,1
Em-5062,"Delica,Spacegear,Tri Front L/R",8-D-6-3,9346140010761,03 Silver,22,100,18,17,13,9,11,18,6,13,5,10,3,14,13,12,9,8,7,14,9,7,15,10,5,5,13,16,17,15,12,10,8,12,8,11,11,14
Em-5063,Lancer CE Hatch 1.5L 96-98 RH,8-D-6-4,9346140010778,04 Bronze,34,0,3,2,2,4,4,4,0,4,1,3,3,6,1,1,-1,2,5,6,0,2,3,1,1,0,3,2,7,2,1,0,1,1,3,5,3,5
Em-5064,X-Trail T30 2.5L 01-on LH mnt,8-D-5-3,9346140010785,04 Bronze,17,0,1,1,2,2,2,1,5,2,0,1,0,1,2,1,1,0,1,0,1,0,1,0,0,0,1,0,3,0,0,3,1,0,1,2,2,1
Em-5065LH,Accord CR2 2.4L 13-19 LH Lower,8-D-5-4,9346140042137,04 Bronze,19,0,-2,0,0,0,0,1,0,-1,0,0,0,1,0,0,0,0,0,0,0,1,-1,0,0,0,0,0,0,0,0,0,0,0,0,0,0,0
Em-5066,"Echo 1.3,1.5L 99-on LH mnt A&M",8-D-4-3,9346140010808,04 Bronze,66,0,0,2,3,7,3,5,1,3,4,7,2,3,2,0,3,1,1,3,4,1,3,3,2,8,1,5,5,4,0,5,1,4,1,4,4,1
Em-5067,Canter FC432 2.6L Frnt L/R mt,8-D-4-4,9346140010815,06 First Sale in FY26,1,0,0,0,0,0,0,0,0,0,0,0,0,0,0,0,0,0,0,0,0,0,0,0,0,0,0,0,0,0,0,0,0,0,2,-2,0,2
Em-5067RE,Accord CR2 2.4L 13-19 Rear,8-D-3-3,9346140042120,04 Bronze,14,0,0,0,0,0,0,0,0,0,0,0,0,1,0,0,0,0,0,0,1,0,0,0,1,0,0,0,0,0,0,0,0,0,0,0,0,2
Em-5068,"Canter FC,FE,FB Rear mnt - Mtm",8-D-4-4,9346140010822,04 Bronze,23,0,0,0,0,0,0,0,0,0,0,0,0,0,0,0,0,2,0,0,0,0,0,0,0,0,0,0,0,0,0,0,0,0,2,-2,2,-1
Em-5069,Canter FB511 2.8L Front L/R mt,8-D-3-4,9346140010839,06 First Sale in FY26,3,0,0,0,0,0,0,0,0,0,0,0,0,0,0,0,0,0,0,0,0,0,0,0,0,0,0,0,0,0,0,0,2,0,0,0,2,0
Em-5070,Canter 3.5L 01-on Front L/R mt,8-D-2-3,9346140010846,04 Bronze,10,0,0,0,0,0,0,0,0,0,0,0,0,0,0,0,0,2,0,0,0,0,0,0,0,0,0,0,0,0,0,0,0,0,0,0,0,0
Em-5071,Corolla AE82 4AGE 1.6L RH mnt,8-D-3-4,9346140010853,04 Bronze,0,,0,1,0,0,0,0,0,0,0,0,0,0,0,0,1,0,0,0,0,0,0,0,0,0,0,0,0,0,0,0,0,0,0,0,0,0
Em-5072,Vitara 91-00 1.6L R/stopper A,8-D-2-4,9346140010860,05 No Sales FY25,25,0,0,0,0,0,0,0,0,0,0,0,0,0,0,0,0,0,0,0,0,0,0,0,0,0,0,0,0,0,0,0,0,0,0,0,0,0
Em-5073,"Brumby,DL,GL 1.8L Rear L/R mnt",8-D-2-3,9346140010877,04 Bronze,45,0,-1,4,0,-1,1,6,0,6,-1,-7,4,0,0,5,0,0,4,-2,0,0,0,0,6,0,-2,1,0,0,-2,-3,0,2,0,2,0,1
Em-5074,"Mondeo HA,HB 2L 95-96 Front mt",8-D-1-3,9346140010884,07 Not Classed,16,0,,,,,,,,,,,,,,,,,,,,,,,,,,,,,,,,,,,,
Em-5075,G/Cherokee 4.0 '96 Front RH At,8-D-1-4,9346140010891,04 Bronze,13,0,0,2,0,1,1,0,0,0,0,0,0,0,0,0,0,0,0,0,0,0,0,1,0,0,0,0,2,-2,0,0,0,0,0,1,0,1
Em-5076,"Astra TR 1.6,1.8L 96-98 Frt LH",4-D-1-2,9346140010907,05 No Sales FY25,56,0,0,0,0,0,0,0,0,0,1,0,0,1,2,0,0,0,0,0,0,0,0,0,0,0,0,0,0,0,0,0,0,0,0,0,0,0
Em-5077,Espero CD 2.0L 94-97 RH mnt At,4-D-1-1,9346140010914,05 No Sales FY25,189,0,0,0,0,0,0,0,0,0,0,0,0,1,0,0,0,0,0,0,0,0,0,0,0,0,0,0,0,0,0,0,0,0,0,0,0,0
Em-5078,Focus LR 1.8L 02-on Rear T/Rod,8-C-10-1,9346140010921,04 Bronze,56,0,3,7,0,-1,5,1,1,3,2,4,2,1,3,3,0,2,2,3,2,0,2,5,2,2,4,2,2,3,2,3,3,1,2,1,1,4
Em-5079H,"Focus LR 1.8,2.0 Frnt RH Hydro",8-C-9-5,9346140010938,04 Bronze,47,0,3,4,1,4,6,3,2,6,2,4,2,3,1,4,2,2,5,2,3,1,1,3,3,4,4,3,3,5,1,3,3,1,4,3,3,7
Em-5080,Focus LR 1.8L 02 LH mnt Auto,8-C-9-1,9346140010945,04 Bronze,22,0,3,5,1,2,1,0,2,1,1,3,0,1,3,2,1,0,1,1,0,0,2,0,2,3,2,2,1,2,0,1,0,0,2,2,1,1
Em-5081H,Focus LR 1.6L 00-05 Front RH,8-C-9-2,9346140010952,04 Bronze,29,0,-1,0,0,0,0,0,0,0,0,0,1,-1,0,0,0,0,1,0,0,0,0,0,0,0,0,0,0,0,0,0,0,0,0,0,0,0
Em-5082,Focus 1.8L 02-on RH mount,8-C-8-1,9346140010969,05 No Sales FY25,5,0,0,0,0,0,0,0,0,0,0,0,0,0,0,0,0,0,0,0,0,0,0,0,0,0,0,0,0,0,0,0,0,0,0,0,0,0
Em-5083,"Mondeo HA,HB 94-96 mount",8-C-7-1,9346140010976,07 Not Classed,10,0,,,,,,,,,,,,,,,,,,,,,,,,,,,,,,,,,,,,
Em-5084H,"Chrysler, Voyager Hydro mount",8-C-6-1,9346140010983,04 Bronze,4,0,1,0,0,0,0,1,0,0,0,0,0,1,0,0,0,0,0,0,0,0,0,0,0,1,0,0,0,0,0,1,0,0,0,0,0,0
Em-5085,Voyager 3.3L V6 01-08 Rear mt,8-C-8-2,9346140010990,04 Bronze,26,0,1,0,0,0,0,1,1,-1,0,0,0,0,0,0,0,0,0,0,0,0,0,0,1,0,0,0,0,0,0,0,0,0,0,0,0,0
Em-5086,Voyager 3.3L V6 01-08 Front At,8-C-7-2,9346140011003,04 Bronze,9,0,1,0,0,0,0,0,1,0,0,0,0,0,0,0,0,1,0,0,0,0,1,0,1,0,0,0,1,0,0,0,0,0,0,0,0,0
Em-5087RH,Coro ZRE182 1.8L 12-18 RH CVT,8-C-8-5,9346140042090,04 Bronze,36,50,1,1,3,1,0,1,0,1,0,1,1,0,-1,5,0,1,2,4,2,2,5,4,8,3,4,3,1,0,5,1,3,3,5,1,4,11
Em-5088,Polo Rear mount,8-C-6-1a,9346140011027,07 Not Classed,10,0,,,,,,,,,,,,,,,,,,,,,,,,,,,,,,,,,,,,
Em-5089,Golf Passat Front LH mnt,8-C-5-1,9346140011034,04 Bronze,6,0,0,0,0,0,0,0,0,0,0,0,0,0,0,0,0,0,0,0,0,0,0,0,1,0,0,0,0,0,0,0,0,0,0,0,0,0
Em-5089H,Golf Passat Front LH Hydro mnt,8-C-5-1,9346140011041,04 Bronze,12,0,0,0,0,0,1,0,0,0,0,0,0,0,0,0,0,0,0,0,0,0,0,0,1,0,0,0,0,0,0,0,0,0,0,0,0,0
Em-5090,"Jetta, Vento, VR6 Rear RH mnt",8-C-4-1,9346140011058,05 No Sales FY25,4,0,0,0,0,0,0,0,1,1,0,0,0,0,0,0,0,0,0,0,0,0,0,0,0,0,0,0,0,0,0,0,0,0,0,0,0,0
Em-5091,"Telstar AT-AV 2.0,2.2L LH 3Spd",8-C-4-1,9346140011065,06 First Sale in FY26,4,0,0,0,0,0,0,0,0,0,0,0,0,0,0,0,0,0,0,0,0,0,0,0,0,0,0,0,0,0,0,0,0,0,0,2,0,0
Em-5093,Lancer CE 1.5 1.8L 96-03 RH,8-C-5-2,9346140011089,04 Bronze,31,30,0,2,2,1,0,2,0,0,0,0,3,3,1,0,2,3,3,3,1,1,1,1,1,1,3,1,0,1,1,2,0,1,2,1,1,5
Em-5094,Hilux 1KZTE 93-05 Front L/R mt,8-C-4-2,9346140011096,04 Bronze,35,0,0,0,0,3,0,0,0,0,2,1,2,0,0,0,1,2,2,4,0,0,0,0,2,0,0,2,-2,2,0,2,2,0,-2,0,2,0
Em-5096,Sirion 1.3L 00-on Front mount,8-C-3-1,9346140011119,04 Bronze,21,0,0,3,1,0,3,1,0,1,0,0,1,-1,0,0,1,0,0,0,0,0,0,0,0,1,1,0,0,0,0,0,0,0,1,0,0,1
Em-5097,Sirion 1.3L 00-on Front LH - A,8-C-3-2,9346140011126,04 Bronze,28,0,0,0,0,0,1,0,0,0,0,0,0,0,0,1,1,0,0,0,0,0,0,0,0,0,0,0,0,0,0,0,0,0,1,0,1,0
Em-5098,Prelude S30 2.2L 97-02 LH mnt,8-C-2-1,9346140011133,04 Bronze,17,0,3,0,2,0,2,3,1,2,1,2,0,1,0,0,0,0,0,0,1,0,0,1,1,1,4,1,5,3,0,1,1,2,1,1,0,4
Em-5099,Honda CRV 2.4L 01-04 Rear mnt,8-C-2-2,9346140011140,03 Silver,154,0,9,8,18,6,3,5,5,9,4,6,11,11,5,5,2,8,2,5,8,9,6,9,3,6,6,4,5,8,9,2,5,4,7,4,4,8
Em-5100,Camry ACV36-40 2.4 02- R/bar M,8-C-8-4,9346140011157,04 Bronze,9,0,0,1,0,0,0,0,1,3,2,0,0,1,2,2,-1,1,1,2,0,0,-3,0,0,0,0,0,0,2,-1,-1,0,0,2,0,0,1
Em-5101,Mondeo  HA-HE 2.0L Rear mnt M,8-C-1-1,9346140011164,05 No Sales FY25,49,0,0,0,0,0,0,0,1,0,0,0,0,0,1,0,0,0,0,0,0,0,0,0,0,0,0,1,0,0,0,0,0,0,0,0,0,0
Em-5102H,"Mondeo HA,HB,HC 95-98 RH mnt",8-C-1-2,9346140011171,04 Bronze,16,0,0,0,0,0,0,0,0,0,0,0,0,0,0,0,0,0,0,0,0,0,0,0,0,1,0,0,0,0,0,0,0,0,0,0,0,0
Em-5103H,"Mondeo HD,HE 99-on RH mnt",8-C-10-2,9346140011188,07 Not Classed,13,0,,,,,,,,,,,,,,,,,,,,,,,,,,,,,,,,,,,,
Em-5104H,"Audi A4, A6 V6 Front L/R mnt",8-C-10-3,9346140011195,04 Bronze,22,0,1,1,0,0,2,0,0,0,2,0,0,0,1,0,1,0,0,0,0,0,0,0,2,0,-1,0,0,1,0,0,0,0,0,0,0,0
Em-5105,Pulsar N14 2.0L 91-95 LH Mtm,8-C-9-3,9346140011201,04 Bronze,150,0,0,0,0,0,0,1,0,0,0,0,0,2,0,1,-1,0,1,0,1,2,-1,1,1,0,0,2,2,3,1,0,0,0,1,1,2,1
Em-5106,929 V6 3.0L 91-97 Rear mnt - A,5-C-3-4,9346140011218,07 Not Classed,0,,,,,,,,,,,,,,,,,,,,,,,,,,,,,,,,,,,,,
Em-5107,"Benz W116,123 Holdn VN V6 Rear",8-C-10-4,9346140011225,04 Bronze,8,25,3,-1,0,0,1,0,0,0,1,1,0,2,0,1,0,2,1,1,0,2,1,0,1,2,0,1,1,1,0,2,0,2,1,0,2,1
Em-5108,Merc Benz W116 76-85 Front L/R,8-C-9-4,9346140011232,04 Bronze,0,,1,0,2,2,0,0,0,0,0,0,0,1,0,0,0,0,0,0,0,0,0,0,0,0,0,0,0,0,0,0,0,0,0,0,0,0
Em-5108B,Merc 280/300/500SE Front mnt,8-C-9-4,9346140032572,04 Bronze,17,0,2,0,0,0,0,0,0,0,0,0,4,0,4,0,0,2,2,0,0,0,2,0,0,2,0,4,0,0,0,0,0,0,0,0,2,2
Em-5109,Merc Benz W123 76-85 Front L/R,8-C-7-4,9346140011249,04 Bronze,19,0,0,2,5,0,0,0,0,0,0,0,0,0,2,0,0,0,0,0,0,1,1,2,2,0,0,0,0,0,0,0,0,0,2,0,0,0
Em-5110,Volvo 850 92-96 RH Mount,8-C-9-4,9346140011256,04 Bronze,4,0,0,0,0,1,1,0,0,0,1,0,0,0,0,0,1,0,0,0,0,0,0,0,0,0,0,1,0,0,0,0,1,0,0,0,0,0
Em-5111FR,20840181/25789175,8-C-8-3,9346140043837,07 Not Classed,20,0,,,,,,,,,,,,,,,,,,,,,,,,,,,,,,,,,,,,
Em-5114R,Estima 90-on Front LH/RH mnt,8-C-6-4,9346140011300,04 Bronze,9,0,0,0,0,0,0,0,0,0,0,0,0,0,1,0,0,0,0,0,0,1,0,0,0,0,0,0,-2,0,0,0,0,0,0,0,0,0
Em-5115,Lexus LS400 4.0L V8 Front L/R,8-C-7-3,9346140011317,04 Bronze,44,0,7,2,0,1,2,0,0,2,0,0,2,2,1,3,0,2,0,0,0,0,2,0,0,0,0,2,2,0,0,0,2,1,4,2,0,0
Em-5117,"Magna TE,TF 2.4L 96-99 Front A",37B-1-5,9346140011331,04 Bronze,23,0,0,0,-1,0,0,0,0,1,0,0,0,1,1,0,0,0,0,0,0,0,0,0,1,0,0,1,-1,0,0,0,0,2,1,0,0,1
Em-5120,Corona Imp ST200/202 RH,8-C-6-3,9346140011355,07 Not Classed,2,0,,,,,,,,,,,,,,,,,,,,,,,,,,,,,,,,,,,,
Em-5121,Brumby 1.8L 80-82 Rear L/R mnt,8-C-6-3,9346140011362,04 Bronze,70,0,-1,2,11,4,6,6,5,6,2,1,0,0,0,4,0,4,2,2,0,2,4,1,4,2,1,1,6,0,10,3,2,12,2,0,0,2
Em-5122,Neon 2.0L YD5 96-on LH mnt - M,8-C-6-4,9346140011379,05 No Sales FY25,7,0,0,0,0,0,0,0,0,0,0,0,0,0,0,0,0,0,0,0,0,0,0,0,0,0,0,0,0,1,0,-1,0,0,0,0,0,0
Em-5123,Voyager 3.0L 97-01 Front mount,8-C-5-3,9346140011386,05 No Sales FY25,20,0,-1,0,-1,0,0,0,0,0,0,0,0,0,0,0,0,0,0,0,0,0,0,0,0,0,0,1,0,0,0,0,0,0,0,0,0,0
Em-5124,Voyager 3.0L 97-01 Rear mount,8-C-5-4,9346140011393,05 No Sales FY25,65,0,0,0,0,0,0,0,0,0,0,1,0,0,0,0,0,0,0,0,0,0,0,0,0,0,0,0,0,0,0,0,0,0,0,0,0,0
Em-5125,Voyager 3.0L 97-01 LH mount,8-C-4-3,9346140011409,05 No Sales FY25,64,0,0,0,0,0,0,0,0,0,0,1,0,0,0,0,0,0,0,0,0,0,0,0,0,0,0,0,0,0,0,0,0,0,0,0,0,0
Em-5126,Voyager 3.0L 97-01 RH mount,8-C-4-4,9346140011416,05 No Sales FY25,21,0,0,0,0,0,0,0,0,0,0,0,0,0,0,0,0,0,0,0,0,0,0,0,0,0,0,1,0,0,0,0,0,0,0,0,0,0
Em-5127,Honda CRV 2.4L 01-04 LH Auto,8-C-3-3,9346140011423,02 Gold,94,150,12,21,18,12,12,18,10,18,14,29,21,17,18,17,19,21,27,10,11,23,11,13,13,15,15,15,15,16,8,12,6,13,5,10,17,13
Em-5128,Mazda 6 L3 2.3L 02-05 Rear mt,8-C-3-4,9346140011430,02 Gold,129,100,19,18,18,18,12,21,25,20,14,20,12,16,15,15,19,22,20,14,15,11,13,14,10,13,15,22,8,9,12,10,11,8,13,16,14,22
Em-5129,Subaru SVX 3.3L 92-97 Front RH,8-C-2-3,9346140011454,04 Bronze,32,0,1,0,1,0,2,0,0,0,0,1,0,0,0,0,1,1,0,0,1,0,0,0,2,0,0,4,-1,1,0,1,0,0,1,0,1,-2
Em-5130,Subaru SVX 3.3L 92-97 Front LH,8-C-1-3,9346140011461,04 Bronze,41,0,1,0,1,0,2,0,0,0,0,1,0,0,0,0,1,1,0,0,1,0,0,0,2,0,1,4,-1,1,0,1,0,0,1,0,1,-2
Em-5131RH,"A3,Q2,Golf MK7,Tiguan 1.4L RH",8-B-1-5,9346140042144,04 Bronze,99,0,0,4,1,4,3,3,0,1,3,4,8,4,8,8,2,3,0,0,0,1,0,3,2,3,4,3,2,1,0,3,2,10,7,7,2,8
Em-5132,"Lexus IS200,LS400 94-00 Rear",8-C-1-4,9346140011485,04 Bronze,89,0,2,1,1,2,0,0,1,2,0,1,0,1,0,0,2,2,3,0,0,0,0,2,1,0,1,1,4,1,2,1,1,2,0,1,0,2
Em-5133,"Ford NA,NC,EA-ED V8 5L Frnt LH",8-A-5-1,9346140011492,04 Bronze,0,20,0,1,0,0,0,0,0,0,0,0,0,0,0,1,1,0,1,0,2,0,0,0,0,1,1,1,0,1,2,1,1,0,0,1,1,0
Em-5134,"Ford NA,NC,EA-ED V8 5L Frnt RH",8-A-4-1,9346140011508,04 Bronze,7,10,0,1,0,0,0,0,0,0,0,0,0,0,0,1,0,0,2,0,1,0,0,0,0,1,2,1,0,1,2,0,1,0,0,1,1,0
Em-5135H,#N/A,#N/A,#N/A,#N/A,#N/A,#N/A,0,0,0,0,0,0,0,0,0,0,0,2,0,0,0,0,0,0,0,0,0,0,0,0,0,0,0,0,0,0,0,0,0,0,0,0
Em-5136H,Volvo S70 V850 92-97 Rear A&M,8-A-4-2,9346140011522,04 Bronze,10,0,0,0,1,0,0,0,0,0,1,0,0,0,0,0,0,0,0,0,0,0,0,0,0,0,1,1,0,0,0,0,0,0,0,0,0,0
Em-5137,Micra K11 1.3L  LH mount - Man,8-A-3-1,9346140011539,04 Bronze,13,0,0,0,0,0,0,0,0,0,1,0,0,0,0,0,0,0,0,0,0,0,1,0,0,2,2,0,0,0,0,0,0,0,0,0,1,0
Em-5138,Honda CRV 2.4L 01-04 Front mnt,8-A-3-2,9346140011546,03 Silver,93,100,11,12,16,11,5,11,3,12,4,8,9,14,7,12,10,13,9,5,6,14,5,11,6,7,12,4,8,9,8,5,4,6,5,8,7,10
Em-5139,Honda CRV 2.4L 01-07 RH mount,8-A-2-3,9346140011553,02 Gold,166,0,10,10,20,7,7,10,6,8,3,10,8,11,21,7,16,22,12,8,7,12,7,8,8,11,9,15,14,10,11,6,7,8,9,9,8,9
Em-5140,Honda Jazz 02-04 RH mnt - Auto,8-A-2-4,9346140011560,02 Gold,217,0,13,16,13,24,17,22,9,15,24,21,22,28,24,24,24,22,16,17,12,11,14,20,11,17,17,26,19,11,18,11,10,10,17,15,17,13
Em-5140M,"Jazz 1.3,1.5L 02-06 RH Mt Man",8-A-1-4,9346140011577,03 Silver,47,100,1,7,-1,2,4,6,2,2,4,6,7,5,5,5,5,2,1,3,2,4,4,4,11,6,3,1,8,-1,10,1,8,9,10,7,7,3
Em-5141,Honda Jazz 02-04 LH mnt - Auto,8-A-1-3,9346140011584,02 Gold,199,0,11,14,20,20,15,12,11,13,16,28,19,16,12,15,16,15,16,13,11,16,9,16,12,17,11,17,10,11,19,11,14,10,15,9,25,17
Em-5142,Honda Jazz 02-08 Rear mnt A&M,8-A-5-3,9346140011591,04 Bronze,103,0,6,2,1,3,7,5,-1,4,3,7,2,4,3,5,1,2,3,2,3,3,2,-2,6,5,2,3,5,5,5,2,4,5,9,6,7,4
Em-5142B,"Jazz 1.3,1.5L 02-08 Rear mount",8-A-5-4,9346140011607,03 Silver,126,0,5,3,6,3,3,2,2,3,6,5,11,11,8,7,5,5,5,1,2,4,3,10,5,16,4,11,11,8,2,6,5,2,9,7,7,4
Em-5143,Kia Mentor 1.8 LH mnt A&M,8-A-4-3,9346140011614,05 No Sales FY25,0,,0,0,0,0,0,0,0,0,0,0,0,0,0,0,0,0,0,0,0,0,0,0,0,0,0,0,0,0,0,0,0,0,0,0,0,0
Em-5143G,Kia Mentor 1.8 LH mnt A&M,8-A-4-3,9346140011621,06 First Sale in FY26,2,0,0,0,0,0,0,0,0,0,0,0,0,0,0,0,0,0,0,0,0,0,0,0,0,0,0,0,1,0,1,0,0,0,0,0,0,0
Em-5143R,Mondeo MD 2.0T 14-on Rear A,8-A-4-3,9346140046272,06 First Sale in FY26,42,0,0,0,0,0,0,0,0,0,0,0,0,0,0,0,0,0,0,0,0,0,0,0,0,0,0,1,0,1,1,0,0,0,1,2,1,1
Em-5144RH,"S90, XC90 2.0TD 15-21 RH Hydro",8-B-2-5,9346140042151,04 Bronze,32,30,1,0,0,1,0,0,0,0,1,0,0,1,-1,1,0,1,0,2,1,1,0,4,-1,3,0,3,0,5,4,4,5,3,8,0,1,0
Em-5145,Sportage 96-03 Rear Lower mnt,8-A-3-3,9346140011645,05 No Sales FY25,0,,0,0,0,0,0,0,0,0,0,0,0,0,0,0,0,0,0,0,0,0,0,0,0,0,0,0,0,0,0,0,0,0,0,0,0,0
Em-5146,626 GF 2.0L 00-02 Rear mnt A,8-A-3-4,9346140011652,04 Bronze,21,0,-1,1,0,-1,1,0,0,1,2,0,0,1,0,0,0,0,0,0,0,0,1,0,1,1,0,0,1,2,0,1,0,0,0,1,0,2
Em-5147,Mazda 626 GF 2.0L 00-02 LH mnt,8-A-2-1,9346140011669,04 Bronze,10,0,0,0,0,0,0,0,0,0,3,2,1,1,0,0,0,0,0,0,0,0,0,1,1,3,0,0,0,2,0,0,0,0,0,1,0,1
Em-5148,Excel X2 1.5L 89-94 RH mnt Atm,8-A-2-2,9346140011676,04 Bronze,9,0,0,0,0,0,0,0,1,0,0,0,0,0,0,0,0,0,1,-1,0,0,0,0,0,0,0,0,0,0,0,0,0,0,0,0,0,0
Em-5148G,Excel X2 1.5L 89-94 RH mnt A,8-A-2-2,9346140011683,07 Not Classed,13,0,,,,,,,,,,,,,,,,,,,,,,,,,,,,,,,,,,,,
Em-5149G,"Accent 1.5,1.6L 96-05 LH mnt A",8-A-1-1,9346140011690,04 Bronze,12,0,0,0,0,0,0,0,0,0,0,0,1,0,0,0,0,0,0,1,0,0,0,0,0,0,0,0,0,0,0,0,0,0,0,0,0,0
Em-5150G,Accent 1.5L G4ECX 00-03 RH mt,8-A-1-2,9346140011713,04 Bronze,2,0,0,0,0,2,0,1,0,0,0,0,0,1,0,0,0,0,0,0,0,0,0,0,2,0,1,0,0,0,0,0,0,1,-1,0,2,0
Em-5151,Accent 1.5L G4ECX 00-03 LH mt,37A-1-3,9346140041666,04 Bronze,3,0,0,1,0,0,0,0,0,0,1,0,0,0,0,0,0,0,0,0,0,0,0,0,0,0,2,0,0,0,0,0,0,0,0,0,0,1
Em-5152,Accent 1.6L 03-on Front mnt At,37A-2-5,9346140020715,04 Bronze,9,0,0,0,0,0,0,1,0,0,0,0,0,0,0,1,0,0,1,1,0,0,1,0,0,0,1,0,0,0,0,0,0,0,0,2,0,0
Em-5152G,Accent 1.6L 03-on Front mnt At,37A-2-2,9346140011737,07 Not Classed,41,0,,,,,,,,,,,,,,,,,,,,,,,,,,,,,,,,,,,,
Em-5153G,Accent 1.6L 03-on Front mnt M,37A-1-5,9346140011744,04 Bronze,2,0,1,0,0,0,0,0,1,0,0,0,0,0,0,0,0,0,1,0,0,1,0,0,0,0,0,0,1,0,0,0,0,0,1,1,0,0
Em-5154,Accent 1.6L 03-on Rear A 56mm,37A-1-5,9346140032053,04 Bronze,1,0,1,0,0,2,0,0,0,0,0,0,0,2,0,2,2,-1,1,1,0,0,1,0,0,0,1,1,0,0,0,0,0,0,0,2,1,-1
Em-5155,Accent 1.6L 03-on Rear mnt M,37A-1-5,9346140023327,04 Bronze,36,0,0,0,0,1,0,0,0,0,1,-1,0,0,0,0,0,0,0,0,0,1,0,0,0,0,0,0,1,0,0,0,1,0,2,0,0,0
Em-5156,Accent 1.6L G4ED2 03-on LH Atm,37A-1-5,9346140011775,04 Bronze,17,0,0,1,0,0,0,1,0,0,0,0,0,0,0,1,0,0,0,0,0,0,0,0,0,0,0,1,0,0,0,0,0,0,0,0,0,0
Em-5157G,Accent 1.6L G4ED2 03-on LH Mtm,37A-1-3,9346140011782,04 Bronze,9,0,0,0,0,0,0,0,0,0,0,0,0,0,0,0,0,0,0,0,0,1,0,0,0,0,0,0,1,0,-1,0,1,0,2,0,0,0
Em-5158,Accent 1.6L G4ED2 03-on RH mt,37A-1-3,9346140017456,04 Bronze,4,0,0,0,0,0,0,0,0,0,0,0,0,0,0,0,1,0,0,0,0,0,2,0,0,0,0,0,0,0,0,0,0,0,0,0,0,0
Em-5159G,Lantra J2 1.8L 95 RH mount Mtm,37A-2-2,9346140011805,05 No Sales FY25,19,0,0,0,0,0,0,0,0,0,0,0,0,0,0,0,0,0,0,0,0,0,0,0,0,0,0,0,0,0,0,0,0,0,0,0,0,0
Em-5160,"Elantra,Tiburon 1.8,2.0L Front",11-A-1-4,9346140011812,04 Bronze,22,0,2,1,3,4,0,0,0,0,0,0,0,0,0,2,0,0,0,1,0,3,0,0,3,1,1,0,0,1,2,0,0,0,0,1,2,1
Em-5161,"Elantra,Tiburon 02-06 Rear all",11-A-2-4,9346140011836,04 Bronze,51,0,0,0,1,1,0,2,0,0,0,0,1,1,1,1,0,0,0,0,0,2,0,0,1,1,1,2,0,0,2,0,0,0,0,0,0,0
Em-5162,"Elantra,Tiburon 02-06 LH mt M",11-A-3-4,9346140036730,04 Bronze,6,0,0,0,0,2,0,1,0,1,0,0,0,0,1,1,0,0,1,1,1,-1,0,0,0,1,1,0,0,0,3,-1,1,0,0,0,0,0
Em-5163,Lantra J1 1.8L SOHC LH mnt,9-A-2-3,9346140011867,07 Not Classed,33,0,,,,,,,,,,,,,,,,,,,,,,,,,,,,,,,,,,,,
Em-5163FR,NX200-300 Front mount,11-A-2-3,9346140043509,06 First Sale in FY26,48,0,0,0,0,0,0,0,0,0,0,0,0,0,0,0,0,0,0,0,0,0,0,0,0,0,0,0,0,0,0,0,0,0,1,0,0,0
Em-5164G,Lantra J1 1.8L DOHC 92-96 LH,37A-2-5,9346140011881,07 Not Classed,12,0,,,,,,,,,,,,,,,,,,,,,,,,,,,,,,,,,,,,
Em-5164RE,"NX200t,NX300 2.0T 15-21 Rear A",9-B-8-3,9346140043516,06 First Sale in FY26,49,0,0,0,0,0,0,0,0,0,0,0,0,0,0,0,0,0,0,0,0,0,0,0,0,0,0,0,0,0,0,0,0,0,1,0,0,0
Em-5165G,Lantra J1 1.8L DOHC 93-95 LH A,37A-2-5,9346140011898,05 No Sales FY25,4,0,0,0,0,0,0,0,0,0,0,0,0,0,0,0,0,0,0,0,0,0,0,0,0,0,0,0,0,0,0,0,0,0,0,0,0,0
Em-5165RH,"NX200t,NX300 2.0T 15-21 RH A",11-A-1-3,9346140043523,07 Not Classed,30,0,,,,,,,,,,,,,,,,,,,,,,,,,,,,,,,,,,,,
Em-5166G,Lantra J1 1.8L DOHC 93-95 LH M,37A-2-2,9346140011904,07 Not Classed,5,0,,,,,,,,,,,,,,,,,,,,,,,,,,,,,,,,,,,,
Em-5167,Tiburon 2.7L V6 02-06 Front mt,7-D-8-2,9346140041598,05 No Sales FY25,14,0,0,0,0,1,0,0,0,0,0,0,0,0,0,0,0,0,0,0,0,0,0,0,0,0,0,1,1,0,0,1,0,0,0,0,0,0
Em-5168,Tiburon 2.7L V6 02-06 Rear mnt,11-B-10-3,9346140020388,04 Bronze,19,0,0,0,0,0,0,0,0,0,0,0,0,0,0,0,0,0,0,0,0,0,0,0,0,1,0,0,0,0,0,1,0,0,0,0,0,0
Em-5169,Tiburon 2.7L V6 02-06 LH mnt A,7-A-5-2,9346140011935,05 No Sales FY25,6,0,1,0,0,0,0,0,0,0,0,0,0,0,0,0,0,0,0,0,0,0,0,0,0,0,0,0,0,0,0,0,0,0,0,0,0,0
Em-5169G,Tiburon 2.7L V6 02-06 LH mnt A,9-A-5-3,9346140011942,05 No Sales FY25,0,,0,0,0,1,1,0,0,0,0,0,0,0,0,0,0,0,0,0,0,0,0,0,0,0,0,1,0,0,0,0,0,0,0,0,0,0
Em-5169M,"Tiburon GK 2.0,2.7L 02-06 LH M",9-A-5-4,9346140045923,06 First Sale in FY26,9,0,0,0,0,0,0,0,0,0,0,0,0,0,0,0,0,0,0,0,0,0,0,0,0,0,0,0,0,1,0,0,0,0,0,0,0,0
Em-5170=EM-5170G,Sonata 2.0-2.7L 98-01 Rear Atm,9-A-5-4,9346140025321,07 Not Classed,0,,,,,,,,,,,,,,,,,,,,,,,,,,,,,,,,,,,,,
Em-5170G,Sonata 2.0-2.7L 98-01 Rear Atm,37A-1-3,9346140011959,04 Bronze,3,0,0,0,0,0,0,0,0,0,0,0,0,0,0,0,0,0,1,0,1,0,0,0,0,0,0,0,0,0,0,0,0,0,0,0,0,0
Em-5170RH,"Master X62 2.3TD,3.5L 14-on RH",5-D-7-5,9346140044032,04 Bronze,192,0,0,0,0,0,0,0,0,0,0,0,0,0,0,0,0,0,0,0,0,5,4,4,5,10,2,0,3,10,9,7,4,6,7,9,11,8
Em-5171G,Sonata 2.0-2.7L 98-01 Rear Mtm,9-B-1-1,9346140011966,05 No Sales FY25,28,0,0,0,0,0,0,0,0,0,0,1,0,0,0,0,0,0,0,0,0,0,0,0,0,0,0,0,0,0,0,0,0,0,0,0,0,0
Em-5171LH,"Master X62 2.3TD,3.5L 14-on LH",9-B-1-1,9346140044049,04 Bronze,246,0,0,0,0,0,0,0,0,0,0,0,0,0,0,0,0,0,0,0,0,4,5,3,6,6,4,4,11,8,6,3,4,5,4,8,5,7
Em-5172G,Sonata 2.0L CVT 99-01 Rear mnt,9-B-1-2,9346140011973,04 Bronze,2,0,0,0,0,0,0,0,0,0,0,0,0,0,0,0,0,0,0,0,0,0,0,0,0,0,0,0,0,0,0,0,0,0,0,0,0,0
Em-5172RE,Ren Master X62 2.3L 13-on Rear,9-B-1-2,9346140044056,04 Bronze,204,0,0,0,0,0,0,0,0,0,0,0,0,0,0,0,1,1,0,1,0,0,2,3,4,3,5,2,5,11,2,1,4,4,4,4,5,5
Em-5173,Sonata 2.0L G4JPV 98-01 RH mt,9-B-2-1,9346140024164,04 Bronze,5,0,0,0,0,0,0,0,0,0,0,0,0,0,0,0,0,0,0,1,0,1,0,0,0,0,0,0,0,0,0,0,0,0,0,0,0,0
Em-5174G,"Sonata 2.5,2.7L V6 98-04 RH mt",9-B-2-2,9346140011997,04 Bronze,0,,0,1,0,0,1,0,1,0,0,1,0,0,0,1,1,0,0,0,1,0,0,0,0,0,0,0,0,0,0,0,0,0,0,0,0,0
Em-5174RH,"Aven,Jour,Sebr 07-on RH WO/B",9-B-2-1,9346140046685,06 First Sale in FY26,13,0,0,0,0,0,0,0,0,0,0,0,0,0,0,0,0,0,0,0,0,0,0,0,0,0,0,0,0,0,0,0,1,0,2,1,3,0
Em-5175G,"Sonata 2.0,2.4L 98-04 LH mt M",9-B-3-1,9346140012000,05 No Sales FY25,19,0,0,0,0,0,0,0,0,0,0,1,0,0,0,0,0,0,0,0,0,0,0,0,0,0,0,0,0,0,0,0,0,0,0,0,0,0
Em-5176G,Sonata 2.0L CVT 99-01 LH mnt,9-B-3-2,9346140012017,07 Not Classed,5,0,,,,,,,,,,,,,,,,,,,,,,,,,,,,,,,,,,,,
Em-5177G,Trajet 2.7L V6 00-04 Front Atm,9-B-4-2,9346140012024,04 Bronze,2,0,0,0,0,0,0,0,0,0,0,0,0,0,0,1,0,0,0,0,0,0,0,0,0,0,0,0,0,0,0,0,0,0,0,0,0,0
Em-5178G,Trajet 2.7L V6 00-04 Front Mtm,9-B-4-2,9346140012031,05 No Sales FY25,6,0,0,0,0,0,0,0,0,0,0,0,0,0,0,0,0,0,0,0,0,0,0,0,0,0,0,0,0,0,0,0,0,0,0,0,0,0
Em-5179G,Trajet 2.7L V6 00-04 Rear Atm,9-B-5-2,9346140012048,04 Bronze,1,0,0,1,0,0,0,0,0,0,0,0,0,0,0,0,0,0,0,2,0,0,0,0,0,0,0,0,0,0,0,0,0,0,0,0,0,0
Em-5180G=EM-5179G,Trajet 2.7L V6 00-04 Rear mt M,9-B-5-2,9346140012055,07 Not Classed,0,,,,,,,,,,,,,,,,,,,,,,,,,,,,,,,,,,,,,
Em-5180RE,"X5, X6 E70/71,F15/16/86 Rear A",9-B-4-1,9346140044063,04 Bronze,36,0,0,0,0,0,0,0,0,0,0,0,0,0,0,1,0,1,0,2,1,0,5,0,1,0,0,0,2,4,0,0,0,1,1,3,-1,1
Em-5181G,Hy.Trajet 2.7L V6 00-04 RH mnt,9-B-6-1,9346140012062,07 Not Classed,0,,,,,,,,,,,,,,,,,,,,,,,,,,,,,,,,,,,,,
Em-5181LH,"GL63,GLE63,GLS63,ML63 AMG - LH",9-B-2-3,9346140044629,04 Bronze,37,0,0,0,0,0,0,0,0,0,0,0,0,0,0,0,0,0,0,0,0,0,0,0,0,1,1,1,1,2,0,0,0,1,1,2,3,4
Em-5181RH,"GL63,GLE63,GLS63,ML63 AMG - RH",9-B-3-3,9346140044636,04 Bronze,39,0,0,0,0,0,0,0,0,0,0,0,0,0,0,0,0,0,0,0,0,0,0,0,0,1,1,1,1,2,0,0,0,1,1,1,2,4
Em-5182G,Hyun.Trajet 2.0L 00-04 RH mnt,9-B-7-1,9346140012079,05 No Sales FY25,5,0,0,0,0,0,0,0,0,0,0,0,0,0,0,0,0,0,0,0,0,0,0,0,0,0,0,0,0,0,0,0,0,0,0,0,0,0
Em-5183G,"Santa Fe,Trajet V6 00-05 LH mt",9-B-6-2,9346140012086,04 Bronze,0,,0,0,0,0,0,0,0,0,0,0,0,0,0,0,0,0,0,0,0,0,0,0,0,0,0,0,0,0,0,0,0,0,0,0,0,0
EM-5183RH,Ren Laguna 2.0L 02-07 RH Hydr,9-B-7-2,9346140044650,07 Not Classed,20,0,,,,,,,,,,,,,,,,,,,,,,,,,,,,,,,,,,,,
Em-5184G,Kia Credos 2.0L 98-01 Front Au,9-B-6-2,9346140012093,05 No Sales FY25,11,0,0,0,0,0,0,0,0,0,0,0,0,0,0,0,0,0,0,0,0,0,0,0,0,0,0,0,0,0,0,0,0,0,0,0,0,0
Em-5185G,Kia Credos 2.0L 98-01 Rear mt,9-B-8-1,9346140012109,05 No Sales FY25,7,0,0,0,0,0,0,0,0,0,0,0,0,0,0,0,0,0,0,0,0,0,0,0,0,0,0,0,0,0,0,0,0,0,0,0,0,0
Em-5186HG,Credos 2.0L 98-01 RH Hydro mt,9-B-8-1,9346140012116,07 Not Classed,0,,,,,,,,,,,,,,,,,,,,,,,,,,,,,,,,,,,,,
Em-5187G,Kia Credos 2.0L T8 98-01 LH A,9-B-9-1,9346140012123,07 Not Classed,39,0,,,,,,,,,,,,,,,,,,,,,,,,,,,,,,,,,,,,
Em-5188,Kia Rio 1.5L A5D 00-04 Front,9-B-9-2,9346140029510,04 Bronze,5,0,3,3,3,2,1,1,0,1,1,0,2,1,3,2,1,1,1,1,0,3,0,1,2,1,1,1,1,0,0,0,0,1,0,2,2,0
Em-5189,Kia Rio 1.5L A5D 00-04 Rear mt,9-B-9-2,9346140028889,04 Bronze,9,0,1,2,1,2,0,1,1,1,1,0,1,3,1,2,1,1,1,0,1,1,0,1,2,1,1,0,0,0,0,0,0,1,0,1,1,0
Em-5190A,Kia Rio 1.5L 00-02 RH 10mm ID,9-B-8-2,9346140017463,04 Bronze,21,0,2,0,0,0,0,0,0,0,0,0,0,0,1,0,0,0,0,0,0,1,0,0,0,0,0,0,-1,0,0,0,0,0,0,1,1,0
Em-5190G,Kia Rio 1.5L 00-02 RH 12mm ID,9-B-10-1,9346140012154,04 Bronze,2,0,0,0,0,0,0,0,0,0,0,0,0,0,0,0,0,0,0,0,0,0,0,0,0,0,0,0,0,0,0,0,0,0,0,0,0,0
Em-5191RH,Lan CJ EVO X 2.0L 08-15 RH,9-B-1-3,9346140044827,04 Bronze,25,0,0,0,0,0,0,0,0,0,0,0,0,0,0,0,0,0,0,0,0,1,0,1,0,0,0,1,0,0,0,0,0,0,0,0,0,0
Em-5192,Holden VZ V6 3.6L Rear mnt Atm,9-B-1-4,9346140012178,04 Bronze,21,0,0,0,4,3,1,0,1,1,1,2,2,1,1,1,3,1,1,4,0,1,2,1,4,1,3,2,2,2,2,3,0,0,1,1,1,0
Em-5193WB,Accord CR2 2.4L 13-19 Upper LH,5-B-9-5,9346140042069,04 Bronze,35,0,1,0,0,0,0,0,0,0,2,0,0,1,0,0,0,1,1,0,1,0,2,0,0,0,0,0,0,0,0,0,1,0,0,0,0,3
Em-5194,"Magna TR,TS 3.0L V6 LH mnt",9-B-3-3,9346140012192,04 Bronze,33,0,0,0,1,0,0,0,0,0,0,0,2,-1,0,1,0,0,0,0,0,1,0,0,1,0,0,1,0,2,0,1,1,-1,0,1,0,0
Em-5195,"Volvo S70, 850 92-97 RH mnt",9-B-2-4,9346140012208,04 Bronze,7,0,0,0,2,1,2,0,0,0,0,0,1,0,0,0,0,0,0,0,0,0,0,1,1,0,0,0,0,0,0,0,0,0,0,0,0,0
Em-5196,"Brumby DL,GL,RX 83-95 S/bar",9-B-3-4,9346140012215,04 Bronze,1,0,0,0,0,0,0,0,0,0,0,1,1,-1,0,1,0,0,0,0,0,0,0,1,0,0,0,0,0,1,0,0,0,1,0,0,0,0
Em-5197G,Grandeur XG 3.0 V6 99-04 Front,9-B-4-4,9346140012222,07 Not Classed,12,0,,,,,,,,,,,,,,,,,,,,,,,,,,,,,,,,,,,,
Em-5198G,Grandeur XG 3.0 V6 99-04 Rear,9-B-4-4,9346140012239,04 Bronze,8,0,0,0,0,0,0,0,0,0,0,0,0,0,0,0,0,0,0,1,0,0,0,0,0,0,0,0,0,0,0,0,0,0,0,0,0,0
EM-5198LH,Mer C320-350CDI 3.0TD Front LH,9-D-9-1,9346140048368,06 First Sale in FY26,19,0,0,0,0,0,0,0,0,0,0,0,0,0,0,0,0,0,0,0,0,0,0,0,0,0,0,0,0,0,0,0,0,0,0,0,0,0
EM-5198RH,Mer C320-350CDI 3.0TD Front RH,9-D-10-1,9346140048375,06 First Sale in FY26,19,0,0,0,0,0,0,0,0,0,0,0,0,0,0,0,0,0,0,0,0,0,0,0,0,0,0,0,0,0,0,0,0,0,0,0,0,0
Em-5199G,Grandeur XG 3.0 V6 99-04 RH mt,9-B-5-4,9346140012246,04 Bronze,9,0,0,0,0,0,0,0,0,0,0,0,0,0,0,0,0,0,0,0,0,0,0,0,0,0,-1,0,0,0,0,0,0,0,0,0,0,0
Em-5200G,Grandeur XG 3.0 V6 99-04 LH mt,9-B-5-4,9346140012253,05 No Sales FY25,8,0,0,0,0,0,0,0,1,0,0,0,0,0,0,0,0,0,0,0,0,0,0,0,0,0,0,0,0,0,0,0,0,0,0,0,0,0
Em-5200LH,Vito W447 2.1L 15-22 Front LH,9-B-6-3,9346140045312,04 Bronze,44,0,0,0,0,0,0,0,0,0,0,0,0,0,0,0,0,0,0,0,0,0,0,1,0,1,2,0,0,1,0,1,0,0,0,0,0,0
Em-5200RH,Vito W447 2.1L 15-22 Front RH,9-B-7-3,9346140045329,04 Bronze,46,0,0,0,0,0,0,0,0,0,0,0,0,0,0,0,0,0,0,0,0,0,0,0,0,1,2,0,0,0,0,1,0,0,0,0,0,0
Em-5201,Mazda 6 L3 2.3L 02-05 LH mnt,9-B-6-5,9346140012260,03 Silver,71,0,6,13,7,6,5,9,4,6,8,5,5,6,11,15,6,11,11,8,4,0,3,8,4,6,5,13,1,8,9,4,4,4,6,8,6,9
Em-5202H,Mazda 6 L3 2.3L 02-05 RH mnt,9-B-7-5,9346140012277,02 Gold,156,0,13,10,10,15,16,15,10,21,12,9,11,17,13,24,13,20,12,13,5,3,7,14,6,11,17,18,10,9,10,7,13,4,10,18,9,15
Em-5203,"Mazda 3 2.0,2.3L 04-on Rear mt",9-A-3-3,9346140012284,01 Platinum,211,300,36,51,60,40,45,39,38,41,56,57,43,57,40,47,52,46,45,46,29,48,48,53,41,44,54,50,52,43,49,33,40,54,55,55,59,49
Em-5203F,Focus LS 2.0L 05-07 Rear,9-B-8-4,9346140012291,04 Bronze,103,0,12,8,6,10,6,8,5,8,3,2,5,10,7,6,2,4,2,1,6,1,5,6,6,2,6,4,4,10,3,4,4,2,5,4,3,8
Em-5204,"Mazda 3 2.0,2.3L 04-08  LH mnt",9-B-8-5,9346140012307,02 Gold,259,300,33,34,42,38,39,29,23,28,47,46,43,42,37,29,37,28,28,23,22,32,32,19,32,25,23,39,30,29,31,29,29,26,26,32,31,30
Em-5204B,"Mazda 3 2.0,2.2L 09-on LH At",9-A-4-3,9346140012314,01 Platinum,375,0,45,36,42,35,49,33,33,27,30,42,37,41,40,53,49,50,42,40,39,44,58,53,33,46,36,52,41,35,47,41,37,60,56,57,51,60
Em-5205H,"Maz 3, Focus 2.0L 04-14 RH Hyd",9-A-5-5,9346140012321,01 Platinum,488,300,120,118,132,122,121,92,101,58,82,89,88,119,83,110,87,89,87,58,49,71,71,70,83,92,78,103,86,62,83,57,47,55,58,67,60,76
Em-5206,300ZX Z32 89-97 Front L/R mnt,7-A-1-4,9346140012338,04 Bronze,1,50,2,0,6,2,3,2,1,1,4,0,0,2,0,0,3,3,7,0,4,0,0,0,0,0,0,0,0,0,0,0,0,0,0,0,0,0
Em-5207H,BMW 5 & 7 Series Front LH mnt,9-B-10-3,9346140012345,04 Bronze,11,0,0,0,0,0,0,0,0,0,0,0,1,0,0,0,0,0,0,0,0,1,1,0,0,1,0,0,0,0,0,2,1,0,0,1,0,0
Em-5208H,BMW 5 & 7 Series Front RH mnt,9-B-10-4,9346140012352,04 Bronze,12,0,1,0,0,0,0,0,0,0,0,0,1,0,0,0,0,0,0,0,0,1,1,0,0,1,0,0,0,0,0,2,1,0,0,1,0,0
Em-5209  (NIL),Accord 2.2L 90-93 Rear mnt mtm,9-C-1-1,9346140012369,07 Not Classed,0,,,,,,,,,,,,,,,,,,,,,,,,,,,,,,,,,,,,,
Em-5209RT,"Mazda BK,BL 03-14 Rear Bracket",9-B-10-2,9346140044223,04 Bronze,32,200,0,0,0,0,0,0,0,0,0,0,0,0,0,0,0,0,0,0,0,3,4,4,5,2,0,6,4,4,2,6,4,12,7,3,10,8
Em-5210 (NIL),Odyssey 3.0 V6 00-04 Rr All,9-C-1-2,9346140012376,07 Not Classed,0,,,,,,,,,,,,,,,,,,,,,,,,,,,,,,,,,,,,,
EM-5210RH,"Trafic X83 1.9,2.0TD RH mnt",9-C-1-2,9346140044667,04 Bronze,63,0,0,0,0,0,0,0,0,0,0,0,0,0,0,0,0,0,0,0,1,0,1,0,0,1,0,0,0,0,0,1,1,2,-1,0,0,1
Em-5211,Mazda 626 GF 2.0L 00-02 RH mnt,9-C-2-2,9346140012383,04 Bronze,33,0,0,2,0,1,0,0,0,0,2,3,0,1,0,-1,1,-1,0,0,0,0,0,1,1,2,0,0,0,1,0,0,-1,0,0,2,0,-1
Em-5212H,"Kluger,RX330 V6 03-on Front mt",9-C-1-5,9346140012390,04 Bronze,35,50,1,1,1,5,-1,4,4,3,5,2,1,4,4,3,1,1,3,2,2,1,1,1,0,3,1,3,2,6,4,3,1,7,2,6,2,0
Em-5213,"Kluger,RX330,ACR30 V6 RH mnt",9-C-2-5,9346140012406,03 Silver,103,100,7,15,9,13,5,17,7,12,4,9,6,15,5,8,6,9,6,11,3,13,4,11,20,4,5,3,6,6,18,8,9,4,12,6,6,2
Em-5214,"Citro,Peugot 306 1.4 1.6 RH mt",9-C-3-2,9346140012413,04 Bronze,35,0,0,0,0,2,0,0,0,0,0,2,0,0,1,0,1,0,0,0,1,-1,0,0,0,0,0,0,0,0,0,0,1,0,1,0,0,0
Em-5215M,Trax TJ 1.8L 13-20 LH mnt Man,9-C-2-1,9346140043325,04 Bronze,18,0,0,0,0,0,0,0,0,0,0,0,0,0,0,0,0,0,0,0,0,0,0,0,1,0,0,0,0,0,0,0,0,0,0,1,0,0
Em-5216R,Camaro V6 M & V8 A 10-15 Rear,9-C-3-1,9346140043578,07 Not Classed,100,0,,,,,,,,,,,,,,,,,,,,,,,,,,,,,,,,,,,,
Em-5217LH,Accord CP3 3.5L 08-13 LH Lower,9-C-4-2,9346140043714,04 Bronze,27,0,0,0,0,0,0,0,0,0,0,0,0,0,0,0,0,0,0,0,0,0,1,0,1,0,0,0,0,0,0,0,0,0,0,0,1,0
EM-5218LH,Carnival YP 2.2TD 15-20 LH mnt,9-C-5-2,9346140043790,04 Bronze,191,0,0,0,0,0,0,0,0,0,0,0,0,1,3,3,2,1,1,5,3,3,1,2,2,7,7,8,4,6,4,5,3,4,7,5,7,10
Em-5219RH,"Kia Carn YP,Sore UM 15-20 RH A",9-C-7-3,9346140044087,03 Silver,175,100,0,0,0,0,0,0,0,0,0,0,0,0,4,6,0,0,8,6,4,2,8,7,6,13,27,36,25,21,17,16,9,5,15,19,18,31
Em-5220 (NIL),"Defender,Discovery Rear LH mnt",9-C-7-3,9346140012475,07 Not Classed,0,,,,,,,,,,,,,,,,,,,,,,,,,,,,,,,,,,,,,
EM-5220SB,Clio X98 MK4 13-on Rear mnt,9-C-6-2,9346140044674,04 Bronze,15,0,0,0,0,0,0,0,0,0,0,0,0,0,0,0,0,0,0,0,0,0,0,0,0,0,1,0,0,0,0,0,0,0,2,0,1,0
Em-5221 (NIL),"Defender,Discovery Rear RH mnt",9-C-6-2,9346140012482,07 Not Classed,0,,,,,,,,,,,,,,,,,,,,,,,,,,,,,,,,,,,,,
EM-5221SB,"Clio X85,Kangoo X61/71 Rear SB",9-C-7-2,9346140044681,06 First Sale in FY26,16,0,0,0,0,0,0,0,0,0,0,0,0,0,0,0,0,0,0,0,0,0,0,0,0,0,0,0,0,0,0,0,1,0,1,0,1,0
Em-5222 (NIL),"Nubira SX, CDR 97-99 LH mnt M",9-C-7-1,9346140012499,07 Not Classed,0,,,,,,,,,,,,,,,,,,,,,,,,,,,,,,,,,,,,,
Em-5223 (NIL),"Nubira SX, CDR 00-03 LH mnt At",9-C-8-1,9346140012505,07 Not Classed,0,,,,,,,,,,,,,,,,,,,,,,,,,,,,,,,,,,,,,
Em-5223LHA,"i40 VF,Ronda RP 2.0 11-on LH A",9-C-8-1,9346140046715,06 First Sale in FY26,24,0,0,0,0,0,0,0,0,0,0,0,0,0,0,0,0,0,0,0,0,0,0,0,0,0,0,0,0,0,0,0,0,0,2,1,2,1
Em-5224 (NIL),Matiz M100 99-02 Front mt A&M,9-C-8-2,9346140012512,07 Not Classed,0,,,,,,,,,,,,,,,,,,,,,,,,,,,,,,,,,,,,,
Em-5225FR,Carni YP 3.3L 15-20 Front SB,9-C-10-1,9346140044070,04 Bronze,56,0,0,0,0,0,0,0,0,0,0,0,0,0,1,1,2,6,2,2,-1,2,1,0,1,2,5,2,1,0,3,4,2,4,1,2,5,4
Em-5226,Legend '96 LH/RH mount Auto,9-C-9-1,9346140012536,05 No Sales FY25,1,0,2,0,0,0,0,0,0,0,0,0,0,0,0,0,0,0,0,0,0,0,0,0,0,0,0,0,0,0,0,0,0,2,-2,2,0,2
Em-5227,"Audi A4,A6 V6 95-05 Rear L/R",9-C-9-2,9346140012543,04 Bronze,113,0,0,0,0,0,0,0,0,0,0,0,0,0,0,0,1,1,0,0,0,0,0,0,0,0,0,0,0,1,0,0,1,1,0,3,-1,0
Em-5228,"Audi A4,A6 V6 95-05 Rear LH M",9-C-10-2,9346140012550,04 Bronze,87,0,0,0,0,0,0,0,0,0,0,0,0,0,0,0,0,1,0,0,0,0,0,0,0,0,0,0,0,1,0,0,0,0,0,1,1,0
Em-5230,Estima MCR30 00-05 E/S/Bar,9-C-1-3,9346140012574,02 Gold,81,100,6,7,3,10,9,5,10,10,15,18,12,8,9,14,10,10,17,5,6,8,12,4,11,9,10,15,12,11,6,8,6,5,4,6,3,8
Em-5231,"Aven,Celica,Rav4 99-on Front",9-C-1-4,9346140012581,03 Silver,99,0,10,9,7,11,6,10,3,10,9,5,8,14,13,17,8,12,5,4,5,10,6,8,6,14,10,8,8,7,15,8,4,9,10,9,10,12
Em-5231M,"Aven,Celica,Rav4 99-on Front M",9-C-2-4,9346140032367,04 Bronze,22,50,1,1,1,2,1,0,2,3,1,-1,0,0,1,1,2,1,0,0,0,0,0,1,2,2,1,2,3,0,2,0,1,0,2,3,0,1
Em-5232H,VW T4 2.5 5Cyl 97-04 RH Mtm,9-C-2-3,9346140012598,04 Bronze,3,10,0,0,1,0,0,0,0,0,0,0,0,0,0,0,0,0,1,0,0,1,0,1,0,1,1,0,1,1,0,0,1,0,0,0,0,0
Em-5233H,VW T4 2.5 5Cyl 97-04 RH Atm,9-C-3-3,9346140012604,04 Bronze,13,0,0,1,0,0,0,0,0,0,0,0,0,0,0,1,0,1,0,0,0,1,0,0,0,0,0,2,1,-1,1,1,1,0,0,1,1,0
Em-5234,"Focus 1.8,2.0L LH Transmisson",9-C-4-3,9346140012611,04 Bronze,47,100,10,5,0,7,4,6,5,2,2,2,4,5,11,4,6,0,5,2,2,3,4,6,6,6,2,4,6,6,5,6,4,3,2,3,5,6
Em-5235,Grand Cherokee 4.0L 99-04 LH m,9-C-3-4,9346140012628,04 Bronze,16,0,0,0,0,0,0,0,0,0,0,0,0,0,0,0,0,1,0,0,0,0,0,0,0,0,0,0,1,0,0,1,0,1,0,0,0,0
EM-5236F,"R/Rover L405 3.0,5.0L Front LR",9-C-5-3,9346140018217,06 First Sale in FY26,17,0,0,0,0,0,0,0,0,0,0,0,0,0,0,0,0,0,0,0,0,0,0,0,0,0,0,0,0,0,0,1,0,0,0,0,0,2
Em-5236R,"Discovery S3,S4,S5 05-on RearA",9-C-5-4,9346140045152,04 Bronze,22,0,0,0,0,0,0,0,0,0,0,0,0,0,0,0,0,0,0,0,0,0,0,0,0,1,1,0,0,0,0,1,3,0,0,0,1,0
Em-5238,"Sera,Starlet Import RH mt 60mm",9-C-4-4,9346140012666,04 Bronze,54,0,4,4,1,2,3,1,3,1,2,5,0,8,1,2,3,2,2,0,2,4,5,5,1,1,1,5,1,8,1,2,9,5,3,6,2,2
Em-5239,"Hilux V6, Prado 3.0L Rear mnt",9-C-4-4,9346140012673,04 Bronze,0,,0,0,0,0,0,-1,0,0,0,0,0,0,0,1,-1,0,0,0,0,0,0,0,0,0,0,0,0,0,0,0,0,0,0,0,0,0
Em-5240,Grand Cherokee 4.0L 99-04 RH,9-C-5-4,9346140012680,04 Bronze,1,10,0,0,0,0,0,0,0,0,0,0,0,0,0,0,1,1,0,0,0,0,0,0,0,1,1,0,1,0,0,1,0,1,0,0,0,0
Em-5241,Grand Cherokee 4.7L 99-0 Rear,9-C-6-4,9346140012697,07 Not Classed,0,,,,,,,,,,,,,,,,,,,,,,,,,,,,,,,,,,,,,
Em-5243,"Getz TB 1.3,1.5L 02-06 LH mnt",9-C-6-3,9346140012703,04 Bronze,146,0,4,5,0,4,3,4,0,0,1,2,2,8,1,0,1,5,1,0,0,4,0,4,1,2,4,3,3,2,0,2,-1,2,1,5,1,2
Em-5244H,Getz TB All Eng 02-11 RH Hydro,9-B-5-5,9346140012727,01 Platinum,375,0,40,53,47,29,43,52,12,17,24,25,40,43,43,41,30,41,36,22,24,19,45,29,31,36,32,53,33,34,25,22,20,14,23,27,17,25
Em-5245,Sonata NF 2.4L 05-06 Front mnt,9-C-7-4,9346140043363,04 Bronze,17,0,0,0,0,0,0,0,0,0,0,0,0,0,0,0,0,0,0,0,0,0,0,0,0,0,0,0,0,1,1,0,0,1,0,0,0,0
Em-5245G=EM-5245,Sonata NF 2.4L 05-06 Front mnt,9-C-7-4,9346140012741,04 Bronze,0,,0,0,0,0,0,0,0,0,0,0,0,0,0,0,0,0,0,0,0,0,0,0,2,0,0,0,0,0,0,0,0,0,0,0,0,0
Em-5246,Sonata NF 2.4L 05-06 Rear mnt,9-C-8-3,9346140017470,04 Bronze,17,0,0,0,1,0,0,0,0,0,0,0,0,0,0,0,0,0,0,1,0,0,0,0,1,0,0,0,-1,1,0,0,1,0,0,0,0,0
Em-5247,Sonata NF 2.4L 05-06 LH mount,9-C-8-4,9346140043370,04 Bronze,18,0,0,0,0,0,0,0,0,0,0,0,0,0,0,0,0,0,0,1,0,0,0,0,0,0,0,0,0,1,0,0,0,0,0,0,0,0
Em-5247G,Sonata NF 2.4L 05-06 LH mount,9-C-8-4,9346140012765,05 No Sales FY25,0,,0,0,1,0,0,0,0,0,0,0,0,0,0,0,0,0,0,0,0,0,0,0,0,0,0,0,0,0,0,0,0,0,0,0,0,0
Em-5248,Sonata NF 2.4L 05-06 RH mnt,9-C-9-3,9346140041550,04 Bronze,6,0,0,0,0,1,0,1,0,0,0,0,1,0,1,1,1,0,0,0,0,1,0,0,0,0,0,0,2,1,1,1,0,1,0,0,1,0
Em-5249,Santa Fe V6 2.7L 00-06 Front,9-C-9-4,9346140012789,04 Bronze,7,0,0,0,0,0,0,0,0,0,0,0,1,0,1,0,0,0,0,0,0,0,0,0,0,0,0,0,0,0,0,0,0,0,0,0,0,0
Em-5250,Santa Fe V6 2.7L 00-06 Rear mt,9-C-10-3,9346140038512,04 Bronze,13,0,0,0,0,0,0,0,0,0,0,1,3,0,0,0,0,0,1,-1,0,0,1,0,-2,-1,0,0,0,0,0,1,0,0,0,0,0,0
Em-5251H,Santa Fe 2.7L V6 00-06 RH Hydr,9-C-10-4,9346140036136,04 Bronze,15,0,0,0,0,0,0,0,0,0,0,0,0,0,0,0,2,1,0,0,0,1,0,0,0,0,0,0,0,0,0,0,0,0,0,0,0,2
Em-5252G=EM-5253,Tuscon 2.0L 04-on Front mt Atm,9-D-1-1,9346140012819,07 Not Classed,0,,,,,,,,,,,,,,,,,,,,,,,,,,,,,,,,,,,,,
Em-5252LH,"Macan 3.0,3.6L V6 14-19 LH Hyd",9-D-1-1,9346140045060,04 Bronze,30,0,0,0,0,0,0,0,0,0,0,0,0,0,0,0,0,0,0,0,0,0,0,0,1,2,0,1,1,0,0,0,0,0,0,1,2,2
Em-5252RH,"Macan 3.0,3.6L V6 14-19 RH Hyd",9-D-2-1,9346140045077,04 Bronze,28,0,0,0,0,0,0,0,0,0,0,0,0,0,0,0,0,0,0,0,0,0,0,0,1,2,0,1,0,1,1,0,0,1,0,1,2,2
Em-5253,"Tucs JM,Sport KM 04-10 Front",9-D-1-2,9346140028896,04 Bronze,3,20,3,1,4,1,0,1,1,0,0,3,3,0,0,1,1,3,0,0,1,1,0,1,2,0,1,0,4,0,3,1,0,1,2,0,0,1
Em-5254,"Tucs JM,Sport KM 04-10 Rear AL",9-D-2-2,9346140029534,04 Bronze,65,0,2,1,1,0,0,1,1,0,0,2,2,0,2,0,0,1,0,1,-1,1,0,1,1,0,1,0,3,0,1,0,0,1,0,0,0,0
Em-5255=EM-5254,Tuscon 2.0L 04-on Rear mnt Mtm,9-D-2-1,9346140017494,07 Not Classed,0,,,,,,,,,,,,,,,,,,,,,,,,,,,,,,,,,,,,,
Em-5255T,"Cay 92A,Maca 95B,Pan 970 RH SB",9-D-3-2,9346140048382,05 No Sales FY25,24,0,0,0,0,0,0,0,0,0,0,0,0,0,0,0,0,0,0,0,0,0,0,0,0,0,0,0,0,0,0,0,0,0,0,0,1,2
Em-5256H,Tuscon 2.0L 04-on RH Hydro mnt,9-D-3-1,9346140019603,04 Bronze,16,0,2,0,2,0,1,1,1,0,0,1,1,2,1,1,0,-1,0,0,0,1,0,1,2,1,1,1,2,0,1,1,0,0,0,0,0,0
Em-5257G,Tuscon 2.0L 04-on LH mnt Atm,9-D-3-2,9346140012864,04 Bronze,1,0,1,0,1,0,0,1,1,0,1,0,0,0,0,0,0,0,0,0,0,0,-1,0,0,0,0,0,0,0,1,0,0,1,0,0,0,0
Em-5258G,Tuscon 2.0L 04-on LH mnt Mtm,9-D-4-1,9346140012871,04 Bronze,2,0,0,0,0,0,0,0,0,0,0,0,0,0,0,0,0,0,0,0,0,0,0,0,1,0,1,0,2,0,0,0,1,0,0,0,0,0
Em-5259,Pulsar N16 1.8L 02-on RH mnt,9-D-4-2,9346140012888,04 Bronze,11,0,0,1,0,1,-1,0,0,0,1,0,0,1,0,0,1,1,0,0,0,0,0,1,0,0,1,0,1,0,0,0,1,0,1,0,0,0
Em-5260D,Rav4 94-06 Rear Diff mount,9-D-5-1,9346140012895,03 Silver,62,100,5,6,5,9,9,5,3,2,4,4,4,7,6,16,4,1,6,4,6,7,3,11,7,12,5,10,7,12,10,9,8,5,11,11,7,13
Em-5261,Townace 1.8L 7KE Front RH mnt,9-D-5-2,9346140012901,04 Bronze,18,30,0,0,0,0,0,0,0,0,0,3,2,0,1,0,0,0,0,1,1,1,1,1,0,1,0,1,1,1,0,0,1,2,0,4,0,0
Em-5262,Townace 1.8L 7KE Front LH mnt,9-D-6-1,9346140012918,04 Bronze,12,0,0,0,0,1,1,2,0,0,0,1,1,0,1,1,1,0,0,0,1,1,2,1,0,2,1,1,1,0,0,-1,0,1,0,3,0,1
Em-5263,Tarago 2.4L ACR30 Front mount,9-D-6-2,9346140012925,02 Gold,77,100,3,4,9,7,4,4,16,9,2,7,6,13,9,12,13,13,11,12,4,11,9,8,15,5,9,5,8,6,19,4,10,6,20,2,12,4
Em-5264DF,Rav4 SXA10 Rear Diff Front mnt,9-D-1-5,9346140012949,04 Bronze,110,0,2,-1,7,0,0,1,0,0,3,2,0,0,0,3,2,0,1,4,4,2,3,2,4,4,3,5,3,5,2,0,2,5,1,3,1,5
Em-5265,Tarago ACR30 2.4L 00-05 S/bar,9-D-8-1,9346140012956,02 Gold,126,400,36,31,32,38,24,31,29,27,25,31,22,28,25,23,23,19,24,22,18,31,18,30,25,26,20,25,21,21,40,29,23,17,38,17,12,13
Em-5266=EM-5266B,Lexus IS300 97-05 Front LR mt,9-D-8-2,9346140012963,07 Not Classed,0,,,,,,,,,,,,,,,,,,,,,,,,,,,,,,,,,,,,,
Em-5266B,GS/IS300 3.0L 97-05 Front Hydr,9-D-7-2,9346140034149,04 Bronze,41,40,2,4,0,4,0,0,0,0,2,2,4,0,2,0,0,3,2,2,0,1,9,-1,0,0,2,2,6,2,0,4,8,2,1,4,2,5
Em-5267,"Escape,Tribute 3.0L 01-05 LH A",9-D-8-2,9346140012970,04 Bronze,12,20,1,2,-1,3,0,1,0,2,0,1,1,0,0,1,0,0,1,0,0,1,3,0,0,1,4,1,0,2,1,0,2,0,0,4,0,2
Em-5268,"L200 MC/D,Pajero ND-NG trans m",9-D-7-4,9346140012987,05 No Sales FY25,18,0,0,0,0,0,1,0,0,0,0,0,0,0,0,0,0,0,0,0,0,0,0,0,0,0,0,0,0,0,-1,0,0,0,0,0,1,0
Em-5269,X-Trail T30 2.5L 01-on Rear mt,9-D-10-5,9346140012994,04 Bronze,42,0,0,0,2,0,0,1,0,0,1,3,1,2,-1,1,1,1,1,1,2,2,3,-1,1,3,0,-1,2,0,2,2,2,1,0,1,0,4
Em-5270,X-Trail T30 2.5L 01-on LH mt M,9-D-9-2,9346140013007,04 Bronze,23,0,0,1,0,0,1,1,1,0,0,1,0,2,2,1,0,0,0,0,1,0,0,0,2,1,0,1,3,0,0,0,0,1,0,0,0,1
Em-5271B,X-Trail T30 2.5L 01-on RH W/B,9-D-8-3,9346140023969,04 Bronze,58,0,8,2,4,4,5,2,2,4,1,2,1,3,2,3,5,2,1,1,2,0,2,2,4,1,4,3,3,0,2,2,0,1,2,1,4,4
Em-5272,"Rodeo 2.8, 3.0L 01-on Front LH",9-D-1-3,9346140013021,04 Bronze,46,0,0,0,2,0,1,0,1,0,1,0,0,1,1,0,1,3,0,1,1,2,0,1,0,1,4,1,2,-1,0,2,0,1,2,1,0,0
Em-5273,"Rodeo 2.8, 3.0L 01-on Front RH",9-D-1-4,9346140013038,04 Bronze,44,0,0,0,2,0,1,1,1,0,1,0,0,1,1,0,1,2,0,1,1,2,3,3,0,0,2,1,1,0,0,2,0,1,2,1,0,1
Em-5274,Delica S/gear 2WD 98-04 Rear A,9-D-3-4,9346140013045,04 Bronze,34,0,0,0,0,0,0,0,0,0,0,0,0,0,0,1,1,0,2,0,0,0,0,0,0,0,0,0,0,0,0,0,1,0,0,0,0,0
Em-5275,Transporter T4 97-on Rear mnt,9-D-2-4,9346140013052,04 Bronze,26,0,1,2,2,0,0,1,1,0,1,0,4,1,0,2,0,0,0,0,0,0,0,0,0,1,-1,1,1,0,0,0,2,0,0,1,2,0
Em-5276H,"Falcon AU I,EF-EL Front LH/RH",4-A-5-5,9346140013069,03 Silver,153,0,0,0,4,5,7,2,0,1,4,0,4,0,1,3,4,4,5,2,3,2,6,11,6,15,4,0,10,9,4,5,7,8,1,5,9,15
Em-5277,"Falcon BA,BF 4.0L 02-05 Rear",9-D-2-3,9346140013076,03 Silver,203,60,11,10,7,11,15,9,3,3,6,7,17,10,7,12,8,9,10,7,5,3,7,5,9,3,10,8,9,6,6,11,4,4,6,7,5,13
Em-5278H,"Transit 2.0,2.5L 94-00 Frnt LH",9-D-3-3,9346140013083,04 Bronze,11,0,-1,0,0,0,2,1,0,1,0,0,0,0,1,0,0,0,2,-1,0,0,0,0,1,2,1,0,0,0,2,0,0,0,1,0,0,0
Em-5279H,"Transit 2.0,2.5L 94-00 Frnt RH",9-D-4-3,9346140013090,04 Bronze,15,0,-1,0,0,1,2,1,0,1,0,0,0,0,1,0,1,0,2,-1,0,-1,0,0,1,2,1,0,0,0,2,0,0,0,0,0,0,0
Em-5280,Terios J102 1.3L 00-05 LH mnt,9-D-4-4,9346140013106,04 Bronze,31,0,0,1,1,0,0,0,0,0,2,-1,0,0,1,0,0,2,0,0,0,0,1,0,0,0,0,0,0,0,0,0,0,0,0,0,1,3
Em-5281,"Jackaroo,Rodeo 3.0L D Rear mnt",9-D-5-3,9346140013113,05 No Sales FY25,14,0,0,0,0,0,0,0,1,0,0,0,0,0,0,0,0,0,0,0,0,0,0,0,0,0,0,0,0,0,0,0,0,1,0,0,0,1
Em-5282,"Jazz 1.3,1.5L 02-08 Front mt M",9-D-5-4,9346140013120,04 Bronze,16,50,4,9,3,3,3,5,2,2,2,5,5,1,5,5,2,3,2,2,3,0,0,2,10,5,2,1,5,3,6,0,6,10,7,5,6,3
Em-5283,"Getz TB 1.3,1.5 02-05 Rear Mtm",9-D-6-3,9346140013137,04 Bronze,38,0,1,3,4,2,1,4,2,0,0,3,1,0,0,4,0,0,2,-1,1,0,0,1,0,3,-1,3,2,1,0,0,0,2,1,0,0,0
Em-5284,"Eunos, MX3 V6 92-96 Front mnt",9-D-6-4,9346140013151,04 Bronze,13,0,0,0,0,0,0,2,0,0,0,0,0,0,0,0,0,0,1,0,0,0,0,0,0,0,0,0,0,0,1,0,0,0,0,0,1,0
Em-5285,Hiace RCH11-23 95-06 Rear Mtm,9-D-7-1,9346140013168,04 Bronze,56,0,1,0,0,0,0,0,0,1,0,1,0,0,0,0,0,0,1,0,0,1,0,0,0,0,3,0,0,0,0,0,0,0,0,0,2,1
Em-5286,"Spacia,Townace 96-04 Rear mt M",9-D-7-4,9346140013175,04 Bronze,0,60,0,0,0,0,0,1,0,0,1,0,0,0,1,0,0,1,0,-1,0,0,0,1,0,0,0,1,1,-1,0,0,0,1,0,0,0,0
Em-5287,Altima 2.5L 01-06 Front 4spd,9-D-8-4,9346140013182,07 Not Classed,5,0,,,,,,,,,,,,,,,,,,,,,,,,,,,,,,,,,,,,
Em-5288,Altima 2.5L 01-06 Rear mt Auto,9-D-8-4,9346140013199,07 Not Classed,5,0,,,,,,,,,,,,,,,,,,,,,,,,,,,,,,,,,,,,
Em-5289,Maxima A34 3.5L V6 LH mnt Auto,9-D-10-2,9346140013205,04 Bronze,21,0,1,0,1,1,1,0,1,-1,0,0,1,1,-1,0,1,0,0,0,0,1,0,0,2,0,1,0,1,0,1,0,0,1,4,1,1,1
Em-5290,Murano Z50 3.5L 05-08 RH mnt A,9-D-9-4,9346140013212,06 First Sale in FY26,12,0,0,0,0,0,0,0,0,0,0,0,0,0,0,0,0,0,0,0,0,0,0,0,0,0,0,0,0,0,0,0,0,0,0,1,0,0
Em-5291,"Maxima A34,J31 3.5L V6 RH mt",9-D-10-3,9346140013229,04 Bronze,40,40,7,2,6,3,5,1,4,2,6,3,2,6,2,0,4,3,3,3,3,7,3,3,2,2,5,1,4,3,1,1,1,2,3,1,2,1
EM-5292RH,Kangoo X61 1.5TD 10-13 RH Hydr,9-D-10-4,9346140044230,06 First Sale in FY26,9,0,0,0,0,0,0,0,0,0,0,0,0,0,0,0,0,0,0,0,0,0,0,0,0,0,0,0,0,0,0,0,1,0,0,0,0,0
Em-5293,"Maxima A34,J31 3.5L V6 Front A",10-C-10-5,9346140013243,04 Bronze,18,0,2,0,1,-1,3,-1,0,2,2,3,0,0,1,2,1,1,0,1,1,1,2,1,0,1,0,0,2,0,2,2,0,1,0,0,0,0
Em-5293S,"Max A34,J31 3.5 V6 Front w/sen",10-C-10-6,9346140019078,04 Bronze,25,0,3,3,3,3,1,2,3,-1,0,0,1,1,3,1,1,1,2,1,1,0,0,0,0,2,4,0,0,1,0,0,1,1,3,2,0,1
Em-5294,"Maxima A34,J31 3.5L V6 Rear mt",10-C-9-5,9346140013250,04 Bronze,107,0,0,1,1,-1,0,0,0,2,-1,1,0,0,0,0,1,0,0,0,1,1,0,0,0,0,-1,0,1,0,1,0,1,1,2,0,0,0
Em-5294S,"Max A34,J31 3.5L V6 Rear w/sen",10-C-9-6,9346140019085,04 Bronze,18,0,1,0,1,0,0,0,1,-1,1,0,0,1,0,0,0,0,0,0,1,0,0,0,0,0,1,0,0,0,0,0,0,1,0,1,0,0
Em-5295H,"Escape,Tribute V6 01-05 RH Hyd",10-C-8-5,9346140013267,04 Bronze,58,0,1,7,0,3,3,1,1,1,0,4,1,4,1,2,2,1,1,0,0,1,2,0,0,2,2,1,1,1,0,0,1,1,0,1,2,5
Em-5296,Rav 4  2.0  94-97  LH Atm,10-C-10-1,9346140013274,04 Bronze,51,0,0,0,0,0,0,0,0,0,0,0,0,0,0,0,0,0,1,0,0,0,0,0,0,0,1,0,0,0,0,0,0,0,0,0,1,0
Em-5297,Rav4 2.0L 00-on Rear Mount,10-C-10-2,9346140013281,04 Bronze,21,0,0,3,1,3,0,1,1,2,0,0,1,1,2,2,0,0,1,1,1,1,-1,1,2,3,2,0,2,0,2,1,1,3,3,-1,2,1
Em-5298H,Commodore VZ V6 04-06 Front LH,10-C-7-5,9346140013298,03 Silver,133,0,16,19,16,12,10,13,14,10,14,13,8,12,9,4,7,3,7,12,9,4,9,7,7,8,7,10,5,5,5,6,12,3,7,8,14,7
Em-5299H,Commodore VZ V6 04-06 Front RH,10-C-6-5,9346140013304,03 Silver,199,0,10,12,11,12,10,12,7,6,8,8,6,7,6,1,7,5,5,6,6,6,5,8,4,3,6,5,8,3,4,4,4,4,7,7,7,5
Em-5300,Prado V6 95-98 Front L/R,10-C-9-1,9346140013311,04 Bronze,75,0,0,0,0,0,0,0,0,0,2,2,0,0,0,0,4,0,2,0,0,2,1,2,0,2,1,-2,0,0,1,-2,0,0,0,2,2,0
Em-5301,Matiz M100 796cc 99-04 LH mt M,10-C-10-f,9346140013328,05 No Sales FY25,5,0,0,0,0,0,0,0,0,0,0,0,0,0,0,0,0,0,0,0,0,0,0,0,0,0,0,0,0,0,0,0,0,0,0,0,0,0
EM-5301RH,Rav4 GSA33 3.5L V6 07-13 RH mt,10-C-8-3,9346140045886,06 First Sale in FY26,45,0,0,0,0,0,0,0,0,0,0,0,0,0,0,0,0,0,0,0,0,0,0,0,0,0,0,0,0,0,1,0,2,1,0,1,3,4
Em-5301RHG,Rav4 GSA33 3.5L V6 07-13 RH mt,10-C-9-2,9346140045091,04 Bronze,1,0,0,0,0,0,0,0,0,0,0,0,0,0,0,0,0,0,0,0,0,0,1,0,0,1,0,0,1,0,0,0,0,0,0,0,0,0
Em-5302,"Matiz M100,150 99-04 Rear mt",10-C-8-2b,9346140013335,05 No Sales FY25,3,0,0,-1,0,0,0,0,0,0,0,0,1,0,0,0,0,0,0,0,0,0,0,0,0,0,0,0,1,0,0,0,0,1,0,0,0,0
Em-5303,Matiz 800cc 99-on Steady bar M,10-C-8-2,9346140013342,06 First Sale in FY26,4,0,0,0,0,0,0,0,0,0,0,0,0,0,0,0,0,0,0,0,0,0,0,0,0,0,0,1,0,0,0,0,0,1,0,0,0,0
Em-5304 (NIL),"Nubira 1.6,2.0L 97-01 Rear mnt",10-C-7-1,9346140013359,07 Not Classed,0,,,,,,,,,,,,,,,,,,,,,,,,,,,,,,,,,,,,,
Em-5304RE,"500X,Rene 1.4L 15-on RearUpper",10-C-7-1,9346140045114,04 Bronze,63,0,0,0,0,0,0,0,0,0,0,0,0,0,0,0,0,0,0,0,0,0,0,0,0,2,0,1,0,1,0,0,0,0,2,0,0,0
Em-5305,Nubira SX 1.6L 97-99 RH Mtm,10-C-7-2,9346140013366,05 No Sales FY25,5,0,0,0,2,0,0,0,0,0,0,0,0,0,0,0,0,0,0,0,0,0,0,0,0,0,0,0,0,0,0,0,0,0,0,1,0,0
Em-5306,"Com VE,VZ Sta WM,WL 04-08 Rr A",10-C-6-1,9346140013373,02 Gold,241,200,21,15,17,29,19,13,27,9,19,24,26,33,18,14,21,28,16,8,11,6,13,7,18,17,10,21,14,17,4,14,8,7,10,17,14,16
Em-5307 (NIL),"Leganza 2.0,2.2L 97-on Front",10-C-6-2,9346140013380,07 Not Classed,0,,,,,,,,,,,,,,,,,,,,,,,,,,,,,,,,,,,,,
EM-5307F,"Outlan ZJ,ZK,ZL 12-21 Front SB",10-C-6-2,9346140043998,04 Bronze,147,0,0,0,0,0,0,0,0,0,0,0,0,0,0,0,2,5,2,3,0,2,0,5,4,4,2,4,2,7,4,1,5,5,2,7,2,6
Em-5308 (NIL),"Leganza 2.0,2.2L 97-on Rear mt",10-C-5-2,9346140013397,07 Not Classed,0,,,,,,,,,,,,,,,,,,,,,,,,,,,,,,,,,,,,,
EM-5308LH,"Out 2.0,2.4 ZJ-ZL 12-21 LH AWD",10-C-5-1,9346140044001,04 Bronze,39,0,0,0,0,0,0,0,0,0,0,0,0,0,0,0,0,2,2,0,1,-1,0,0,1,2,0,0,1,2,0,0,1,0,0,-1,0,0
Em-5309A (NIL),"Leganza 2.0,2.2L 97-on LH Atm",10-C-5-1,9346140013403,07 Not Classed,0,,,,,,,,,,,,,,,,,,,,,,,,,,,,,,,,,,,,,
Em-5309M (NIL),"Leganza 2.0,2.2L 97-on LH Mtm",10-C-4-1,9346140013410,07 Not Classed,0,,,,,,,,,,,,,,,,,,,,,,,,,,,,,,,,,,,,,
Em-5309RH,"Outland 2.0,2.4 ZJ-ZL 12-21 RH",10-C-4-1,9346140044018,04 Bronze,51,30,0,0,0,0,0,0,0,0,0,0,0,0,0,0,1,5,2,0,2,1,3,2,3,2,1,3,6,7,4,4,4,3,1,5,3,6
Em-5310,"Bari TK 1.6, Kalos 1.5L LH mt",10-C-4-2,9346140013427,04 Bronze,42,0,2,3,3,1,1,1,-2,4,3,0,2,3,3,1,2,3,0,4,2,1,1,2,2,2,0,3,2,1,3,-1,0,1,1,2,1,1
Em-5311,"Bari TK 1.6, Kalos 1.5L RH mt",10-C-3-1,9346140013434,04 Bronze,41,0,5,3,5,3,3,1,0,4,4,1,2,4,2,2,2,1,3,2,2,3,1,1,4,1,0,2,1,2,6,2,1,1,2,1,1,0
Em-5312,"Bari TK 1.6, Kalos 1.5L Rear",10-C-3-2,9346140013441,04 Bronze,41,0,3,3,2,1,1,3,2,1,-1,1,1,3,1,0,3,0,3,6,0,3,2,2,1,3,0,4,3,4,2,1,1,1,1,1,2,1
Em-5313G,Sorento 3.5L V6 03-on Rear 5Sp,10-C-2-1,9346140013458,05 No Sales FY25,5,0,0,0,0,0,0,0,0,0,0,0,0,0,0,0,0,0,0,0,0,0,0,0,0,0,0,0,0,0,0,0,0,0,0,0,0,0
Em-5314G=EM-5314,Sorento 3.5L V6 03-on Front LR,10-C-2-2,9346140013465,07 Not Classed,0,,,,,,,,,,,,,,,,,,,,,,,,,,,,,,,,,,,,,
Em-5314H,Sorento 3.5L V6 03-on Front LR,10-C-2-2,9346140043165,05 No Sales FY25,20,0,0,0,0,0,0,0,0,0,0,0,0,0,0,0,0,0,0,0,0,0,0,0,0,0,0,0,0,0,0,0,0,0,0,0,2,0
Em-5315G,Sorento 3.5L V6 03-on Rear A&M,10-C-1-1,9346140013472,05 No Sales FY25,8,0,0,0,0,0,0,0,0,0,0,0,0,0,1,0,0,0,0,0,0,0,0,0,0,0,0,0,0,0,0,0,0,0,0,0,0,0
Em-5317G,Kia Sorento 3.5L V6 03-on RH,10-C-10-4,9346140013496,05 No Sales FY25,8,0,0,0,0,0,0,0,0,0,0,0,0,0,1,0,0,0,0,0,0,0,0,0,0,0,0,0,0,0,0,0,0,0,0,0,0,0
Em-5318,"Barina,Combo 01-05 Front mount",10-C-10-3,9346140013502,04 Bronze,17,30,0,0,1,3,0,0,4,1,3,3,3,4,0,2,0,0,1,1,1,2,0,1,2,2,1,1,2,7,1,3,0,2,0,0,3,3
Em-5318B,"Ast TS 2.0,AH 1.9TD 03-10 Fr M",10-C-10-4,9346140044247,06 First Sale in FY26,17,0,0,0,0,0,0,0,0,0,0,0,0,0,0,0,0,0,0,0,0,0,0,0,0,0,0,0,0,1,1,0,0,0,0,0,0,1
Em-5319,"Barina,Combo 01-05 LH mnt",10-C-9-3,9346140013519,04 Bronze,26,0,0,0,1,1,0,0,1,-1,0,0,1,0,2,1,1,1,0,1,0,2,0,1,0,0,0,0,0,1,0,1,0,0,1,0,1,0
Em-5319A,"Barina,Combo 01-05 LH mnt",9-D-10-2,9346140043257,04 Bronze,0,,0,1,0,5,0,0,1,0,0,0,1,0,1,2,0,1,1,0,0,0,0,0,2,4,0,0,1,2,1,0,-1,0,1,0,0,0
Em-5319B,"Barina,Combo 01-05 LH Hydro mt",9-D-9-3,9346140037157,04 Bronze,48,0,0,1,0,0,0,0,0,0,0,0,0,0,0,0,0,0,0,0,0,0,0,0,0,0,0,0,0,0,0,0,0,0,0,0,2,0
Em-5320,"Barina,Combo 01-05 RH mount",10-C-9-4,9346140013526,04 Bronze,16,0,-1,0,3,0,0,0,1,0,0,0,1,0,0,1,0,1,0,0,0,3,0,0,0,0,0,0,1,0,0,3,0,0,1,0,0,0
Em-5321,"Escape,Tribute V6 01-05 Fr Upp",10-C-8-1,9346140013533,04 Bronze,28,0,0,2,1,2,0,0,1,0,0,0,0,2,0,2,1,0,1,1,0,-2,2,0,1,0,1,2,0,0,0,0,1,0,0,3,1,0
Em-5322,"Jazz 1.3,1.5L 02-04 LH M 12mm",10-C-8-4,9346140013540,04 Bronze,0,50,1,5,-1,1,2,1,1,0,1,5,3,-3,2,0,-1,2,2,1,-1,0,0,1,7,0,3,0,5,1,6,0,7,5,3,3,2,1
Em-5322B,"Jazz 1.3,1.5L 02-04 LH M 10mm",10-C-1-2,9346140029886,04 Bronze,37,32,1,3,1,1,2,5,2,1,4,4,2,1,2,2,1,2,4,4,0,-1,2,1,2,2,2,0,4,0,3,0,2,2,4,1,1,5
Em-5323,Territory AWD 04-on Rear mnt,10-C-7-4,9346140013557,04 Bronze,0,100,0,0,0,0,0,2,1,5,4,2,3,0,2,5,4,3,6,0,2,3,5,1,3,3,5,5,5,6,3,1,2,5,4,1,2,0
Em-5324,"CRV, Integra 01-06 Rear mount",10-C-7-3,9346140013564,04 Bronze,38,0,3,1,1,4,4,2,3,3,0,2,3,2,3,5,1,2,5,3,-1,2,-1,2,3,1,2,3,3,3,3,6,2,1,2,1,3,2
Em-5325H,Legend 2.7L V6 86-90 Front mnt,10-C-6-4,9346140013571,04 Bronze,4,0,0,0,0,0,0,0,-1,0,0,0,0,0,0,0,1,0,0,0,0,0,0,0,0,0,0,0,0,0,0,1,0,0,0,0,0,0
Em-5326,Grand Cherokee WJ 4.7L 99 LH,10-C-5-5,9346140013588,04 Bronze,34,0,1,0,0,2,1,1,1,0,0,1,2,2,-1,0,0,1,1,0,1,1,1,1,1,-1,0,2,0,2,3,1,1,0,1,0,0,2
Em-5327,Grand Cherokee WJ 4.7L 99 RH,10-C-4-5,9346140013595,04 Bronze,28,0,1,0,2,2,0,2,1,0,0,1,1,1,1,0,0,1,1,0,1,1,1,1,1,-1,0,2,0,1,2,1,1,0,1,1,0,2
Em-5328,Lexus IS200 Front LH/RH,10-C-6-3,9346140013601,04 Bronze,29,0,0,0,0,0,2,0,2,2,-1,4,0,3,0,0,0,0,0,0,0,2,0,2,2,1,3,2,0,0,2,0,0,4,2,0,0,1
Em-5330H,Volvo 740 87-93 Front L/R mnt,10-C-5-3,9346140013625,04 Bronze,10,20,0,0,0,2,1,2,0,0,0,0,0,3,2,0,1,0,0,0,1,0,0,3,0,0,0,2,0,0,0,0,0,2,0,1,1,0
Em-5331G,Mentor 1.5L 98-00 Rear mnt mtm,10-C-5-4,9346140013632,05 No Sales FY25,31,0,-1,0,0,0,0,0,0,0,0,0,0,0,0,0,0,0,0,0,0,0,0,0,0,0,0,0,0,0,0,0,0,0,0,0,0,0
Em-5332,"Accord CL9,CM5 2.4L 02-on Rear",10-C-3-5,9346140013649,02 Gold,203,0,17,20,20,17,20,18,6,20,19,18,14,17,19,9,16,14,11,22,16,29,10,9,13,15,23,28,14,12,20,24,14,17,32,18,15,21
Em-5333,Lser LX470 UZJ100 4.7L Fr L/R,10-C-4-3,9346140013656,04 Bronze,32,0,0,0,0,4,6,2,1,0,0,0,0,6,1,0,2,2,0,0,2,1,0,0,0,3,2,1,4,2,2,0,2,2,3,6,2,4
Em-5334,"Pajero NM,NP 3.5L 00-05 Frt LR",10-C-2-5,9346140013663,03 Silver,88,100,8,10,14,4,12,5,4,6,11,14,9,6,14,8,7,2,6,16,3,5,8,6,10,5,4,5,2,10,2,9,9,18,7,9,8,16
Em-5335,E-Class 95-02 Front L/R mt,10-C-4-4,9346140013670,04 Bronze,39,0,0,0,0,0,0,0,0,0,0,0,0,0,0,4,0,0,0,0,0,0,0,0,0,0,0,0,0,0,0,0,0,0,0,0,0,0
Em-5336,C-Class W202 93-on Frnt LR,10-C-3-3,9346140013687,04 Bronze,4,0,-2,4,0,8,4,0,0,3,4,0,0,7,0,0,2,0,2,0,0,2,0,0,0,2,1,1,0,3,0,2,1,2,2,2,0,4
Em-5337H,"Merc C240,C320,SLK320 Frnt L/R",10-C-2-3,9346140013694,04 Bronze,19,0,3,1,2,2,2,2,2,1,0,0,1,0,0,0,0,0,0,2,-2,0,0,2,0,0,0,0,4,0,0,0,0,0,2,2,0,0
Em-5338H,"Merc S280,320,350 98-on Frn LR",10-C-1-3,9346140013700,04 Bronze,89,0,3,0,0,5,0,4,4,8,6,2,4,0,0,6,-2,1,3,4,2,6,0,4,1,5,6,0,5,2,2,0,0,2,5,8,2,2
Em-5339,"Merc 250,E280,300E 76-93 Rear",10-C-3-4,9346140013717,04 Bronze,42,0,0,0,0,0,0,0,0,1,0,0,0,0,0,0,0,1,0,2,0,0,1,0,0,0,0,1,1,0,1,1,1,1,0,0,0,2
Em-5340,"Merc C180,E200,E220 Rear mnt A",10-C-2-4,9346140013724,04 Bronze,9,0,0,0,0,0,0,0,0,0,0,0,0,0,1,1,1,0,1,0,0,1,0,0,0,0,0,0,0,0,0,0,0,0,0,0,1,0
Em-5341,"Merc C180,C200,E240 Rear mnt",10-C-1-4,9346140013731,04 Bronze,35,0,2,1,0,0,0,1,0,0,1,1,1,0,1,3,1,0,1,2,0,0,0,2,2,2,1,1,5,3,0,0,2,1,1,2,1,3
Em-5342,"Merc 300SE,C280 Rear mount Mtm",10-B-10-1,9346140013748,05 No Sales FY25,10,0,0,0,-2,0,0,0,0,0,0,0,0,0,0,0,0,0,0,0,0,0,0,0,0,0,0,0,0,0,0,0,0,0,0,0,0,0
Em-5343,"Merc ML270,350,400 98-05 Rear",10-B-10-2,9346140013755,04 Bronze,14,0,0,0,1,1,2,0,0,0,0,0,2,0,1,0,1,1,1,1,2,1,1,0,0,4,0,1,-1,0,0,-1,0,1,0,1,0,0
Em-5344G (NIL),Sonata 2.4L 89-92 LH mnt Auto,10-B-9-1,9346140013762,07 Not Classed,0,,,,,,,,,,,,,,,,,,,,,,,,,,,,,,,,,,,,,
Em-5344RH,Volvo V40 RH mnt,10-B-9-1,9346140044131,04 Bronze,46,0,0,0,0,0,0,0,0,0,0,0,0,0,0,0,0,0,0,1,0,0,0,0,0,1,0,0,0,0,0,0,0,1,0,1,-1,0
Em-5345G (NIL),Sonata 2.4L 89-92 LH mnt Mtm,10-B-9-1,9346140013779,07 Not Classed,0,,,,,,,,,,,,,,,,,,,,,,,,,,,,,,,,,,,,,
Em-5345LH,"V40 T3,4,5 2.0L 15-18 LH Hydro",10-B-8-1,9346140044155,04 Bronze,17,0,0,0,0,0,0,0,0,0,0,0,0,0,0,0,0,0,0,0,0,3,0,0,1,0,2,0,1,0,0,0,0,2,1,2,0,1
Em-5346 (NIL),Sonata 2.0L 97-98 LH mnt - Atm,10-B-8-1,9346140013786,07 Not Classed,0,,,,,,,,,,,,,,,,,,,,,,,,,,,,,,,,,,,,,
Em-5346FR,"Vol V40 D2,D4,T3,T4,T5 Front L",10-B-7-1,9346140044148,06 First Sale in FY26,29,0,0,0,0,0,0,0,0,0,0,0,0,0,0,0,0,0,0,0,0,0,0,0,0,0,0,0,0,0,0,0,0,1,0,0,0,0
Em-5347G,Sonata 2.0L 97-98 RH mnt Mtm,10-B-8-2,9346140013793,07 Not Classed,10,0,,,,,,,,,,,,,,,,,,,,,,,,,,,,,,,,,,,,
Em-5348G,Sonata 2.0L 95-96 RH mnt Man.,10-B-7-1,9346140013809,07 Not Classed,5,0,,,,,,,,,,,,,,,,,,,,,,,,,,,,,,,,,,,,
Em-5349G,Hyu.Granduer 92 RH mnt A&M,10-B-7-2,9346140013816,07 Not Classed,5,0,,,,,,,,,,,,,,,,,,,,,,,,,,,,,,,,,,,,
Em-5350,"Lancer CG,CH 4G94 02-on RH mt",10-B-6-1,9346140013823,04 Bronze,45,0,0,2,1,3,3,1,0,4,2,1,1,1,0,1,2,1,3,0,0,3,0,3,0,1,5,2,1,1,0,0,1,4,1,0,3,2
Em-5351,Volvo 740 B230F 88-93 Front LR,10-B-6-2,9346140013830,04 Bronze,0,,0,0,0,0,0,0,0,0,0,0,2,0,0,0,0,0,0,0,0,0,0,2,0,0,0,0,0,0,0,0,0,0,0,0,0,0
Em-5352,Grand Cherokee WJ 4.7L 99 Rear,10-B-5-1,9346140013847,04 Bronze,6,30,-1,0,1,2,0,1,1,0,0,1,2,2,-1,0,0,0,1,0,0,0,0,2,1,-1,0,1,0,0,1,1,1,0,1,0,1,2
Em-5353,"Lanos 1.5,1.6L 97-03 Frnt RH A",10-B-5-2,9346140013854,04 Bronze,29,0,0,0,0,0,0,0,0,0,0,0,0,0,0,0,0,0,1,0,0,0,0,2,0,-2,0,0,0,0,0,0,0,0,0,0,0,0
Em-5354,"Getz 1.3,1.5L 02-05 Rear At",10-B-4-1,9346140013861,04 Bronze,32,0,1,1,-1,0,2,0,1,0,1,2,1,0,1,2,2,1,0,0,1,2,2,1,2,0,2,1,0,0,1,0,0,2,-1,4,1,0
Em-5355H,318Ti E46 2.0L 01-05 Front LH,10-B-4-2,9346140013885,04 Bronze,15,0,2,2,1,0,0,0,0,0,0,0,1,0,0,2,0,0,0,0,0,0,0,1,3,0,1,0,1,1,1,2,0,0,0,0,0,0
Em-5356H,318Ti E46 2.0L 01-05 Front RH,10-B-3-2,9346140013892,04 Bronze,23,0,2,2,1,1,0,0,0,0,0,0,1,0,1,2,0,0,0,0,0,0,0,0,3,0,0,0,1,1,1,2,0,0,0,0,0,0
Em-5357,"Accord 2.4, 3.0L 03-on Front",10-C-1-5,9346140013908,02 Gold,203,200,37,28,37,31,22,32,24,34,36,22,27,27,20,22,27,30,15,24,22,40,12,22,25,22,26,45,24,20,21,31,26,30,29,25,28,20
Em-5358,"Accord 2.4, 3.0L 03-on RH mnt",10-B-10-5,9346140013915,02 Gold,147,200,29,37,33,27,24,18,28,33,34,33,29,20,21,48,40,26,25,26,22,34,27,32,24,28,35,43,24,26,21,32,29,26,33,37,20,27
Em-5359,Acc Euro 2.4L 03-on Front tran,10-B-3-1,9346140013922,03 Silver,144,0,8,12,14,8,11,2,0,11,9,6,14,14,8,2,9,4,9,11,9,10,7,9,9,11,10,17,9,9,7,10,11,5,9,21,8,12
Em-5360,Acc Euro 2.4L 02-on LH trans A,10-B-2-1,9346140013939,03 Silver,69,0,12,8,13,6,9,5,2,8,12,8,16,16,8,3,9,3,9,10,8,12,6,8,10,14,11,16,9,8,10,12,8,4,11,20,7,12
Em-5361,Acc Euro 2.4 03-on Trans Upper,10-B-1-1,9346140013946,04 Bronze,44,100,4,1,2,1,3,1,0,4,3,1,4,4,0,2,3,2,2,2,0,3,2,1,1,0,0,6,3,1,1,1,0,2,0,2,1,1
Em-5363,Tiida C11 1.8L 06-on RH S/Bar,10-B-1-2,9346140013960,02 Gold,115,200,21,25,27,19,7,29,13,31,24,19,19,27,15,22,32,29,27,23,19,13,17,27,19,25,23,25,28,18,25,25,16,31,22,28,13,23
Em-5364,Nis Tiida C11 1.8L 06-on R S/b,10-B-2-2,9346140013977,04 Bronze,1,0,-1,0,-4,1,1,0,0,1,0,0,1,0,0,0,1,-1,1,0,-1,0,-2,1,1,0,0,1,1,1,0,0,0,0,0,0,0,0
Em-5365,Tiida C11 1.8L 06-on LH Auto,10-B-10-4,9346140013984,04 Bronze,107,0,1,1,2,6,0,1,6,4,4,1,5,2,2,3,4,2,3,0,0,2,2,0,5,1,1,4,3,3,6,6,10,8,3,4,5,2
Em-5366H,Integ K20A3 2.0L 01-06 RH Hydr,10-B-10-3,9346140013991,03 Silver,62,0,8,6,3,7,10,6,7,7,7,11,1,3,2,9,4,3,9,4,2,4,4,5,4,8,4,8,5,6,4,6,2,10,4,4,5,5
Em-5367,"CRV, Integra 01-06 Front mnt M",10-B-9-3,9346140014004,04 Bronze,30,50,1,3,0,4,1,4,3,5,2,3,2,5,5,5,5,5,5,3,1,3,2,3,3,4,3,3,6,2,6,7,8,1,6,6,4,1
Em-5368,Honda HRV 4WD 99-02 Front LH,10-B-9-4,9346140014011,04 Bronze,5,0,1,0,0,0,0,0,0,0,0,0,1,0,0,0,1,0,0,0,0,0,0,0,0,0,0,0,0,0,0,1,0,0,0,0,0,0
Em-5369,Honda HRV 4WD 99-02 Rear mnt,10-B-8-3,9346140014028,04 Bronze,10,0,1,0,0,0,1,0,0,0,0,0,1,0,0,0,0,1,0,0,1,0,0,1,0,0,0,0,0,0,0,0,0,0,0,0,1,0
Em-5370,Honda HRV 4WD 99-02 LH mnt,10-B-8-4,9346140014035,04 Bronze,22,0,0,0,1,0,1,0,0,0,0,0,2,-1,1,0,0,0,1,0,1,1,0,0,0,0,0,1,0,0,0,0,0,0,0,0,0,0
Em-5371,Honda HRV 4WD 99-02 RH Mtm,10-B-7-4,9346140014042,05 No Sales FY25,8,0,0,0,0,0,0,0,0,0,0,0,0,2,-2,0,0,0,0,0,0,0,0,0,0,0,0,0,0,0,0,0,0,0,0,0,0,0
Em-5372,Jackaroo V6 3.2L 92-98 Frnt LH,10-B-7-3,9346140014059,04 Bronze,37,0,0,0,0,0,0,1,0,0,0,0,0,0,0,0,0,0,0,0,0,0,1,0,0,0,0,0,0,1,0,0,0,0,0,0,0,0
Em-5373,Jackaroo V6 3.2L 92-98 Frnt RH,10-B-6-3,9346140014066,04 Bronze,34,0,0,0,0,0,0,1,0,0,0,0,0,0,0,0,0,0,0,0,0,0,1,0,0,0,0,0,1,0,0,0,0,0,0,0,0,0
Em-5374,Pajero NM/P/S 3.2L 00-06 Rr A,10-B-6-4,9346140014073,04 Bronze,66,0,2,8,3,-1,1,1,0,1,2,1,2,3,5,3,0,3,2,1,2,0,3,2,4,2,1,3,2,3,2,4,0,5,0,2,4,6
Em-5375,MR2 3SGE 2.0L 90-99 Front mt,10-B-5-4,9346140014080,04 Bronze,0,10,2,0,0,0,0,1,0,0,0,0,0,0,0,1,1,1,1,0,0,0,1,0,2,0,1,0,0,0,0,0,0,0,0,0,0,0
Em-5376,Toyota MR2 3SGE 90-99 RH mt M,10-B-5-4,9346140014097,04 Bronze,3,0,1,0,0,1,0,0,0,0,0,0,1,0,0,0,0,0,1,0,0,0,0,0,1,0,0,0,-1,1,0,0,0,0,0,0,0,0
Em-5377,"MPV 2.5,3.0L V6 99-06 Front A",10-B-4-4,9346140014103,04 Bronze,20,0,1,1,-1,0,0,1,1,0,0,0,0,0,0,0,2,0,0,1,0,1,0,0,0,0,0,0,2,0,1,0,0,0,0,3,-1,1
Em-5378,"MPV 2.5,3.0L V6 99-06 Rear At",10-B-4-3,9346140014110,04 Bronze,41,0,0,1,0,0,1,5,0,0,0,0,0,1,0,0,1,1,4,1,1,1,0,0,0,0,-1,0,1,0,1,0,0,0,0,1,1,0
Em-5379,"MPV 2.5,3.0L 99-06 LH mnt Auto",10-B-3-3,9346140014127,04 Bronze,18,0,0,0,0,0,1,1,1,-1,0,0,0,1,0,0,1,1,0,1,0,1,0,0,0,0,0,0,0,0,0,0,0,0,1,0,0,1
Em-5380,Accord 3.0L V6 03-06 Rear At,10-B-9-5,9346140014134,04 Bronze,89,0,4,3,2,2,2,0,3,1,3,5,1,3,0,5,5,4,3,1,0,1,3,1,4,0,1,4,2,3,2,3,3,0,5,2,3,2
Em-5381,"BMW 3,5,6 38mm Rear L&R offset",10-B-3-4,9346140014141,04 Bronze,4,0,0,0,0,2,0,0,0,0,0,0,0,0,0,0,0,0,0,0,0,0,0,0,0,-1,0,0,0,0,0,0,2,0,2,0,2,2
Em-5382,"BMW 3,5,6 34mm Rear L&R centre",10-B-3-4,9346140014158,05 No Sales FY25,1,30,2,-2,2,0,2,0,0,0,0,0,0,0,0,0,0,0,0,0,0,0,0,0,0,0,0,0,0,0,0,0,0,0,0,0,0,0
Em-5383,Hilux KZN165 3.0L Front L/R mt,10-B-2-3,9346140014165,03 Silver,80,0,1,5,3,7,18,9,7,17,12,2,11,9,6,6,4,9,2,6,1,3,7,11,1,3,11,8,13,4,11,3,6,16,7,12,10,6
Em-5384,Hilu KUN26R 3.0L 04-on Frt L/R,10-B-2-4,9346140014172,02 Gold,55,100,10,8,6,16,13,7,9,8,11,9,9,3,18,8,10,13,8,7,8,7,13,14,6,12,14,3,17,4,16,8,10,19,6,12,16,12
Em-5384B,Hilu KUN26R 3.0L 04-on Frt L/R,10-B-5-3,9346140037140,04 Bronze,17,60,0,2,3,1,6,0,4,2,2,0,2,7,1,2,1,14,-2,0,2,0,0,0,3,2,4,2,2,0,0,-1,3,0,6,0,3,6
Em-5385,"Escape,Tribute 2.3L 04-08 Frnt",10-B-1-4,9346140014189,04 Bronze,20,50,1,1,2,1,2,2,3,3,0,2,1,3,2,3,5,2,3,1,0,2,1,5,3,4,3,7,6,4,7,0,2,6,2,3,1,6
Em-5386,"Escape,Tribute 2.3L 04-08 Rear",10-B-1-3,9346140014196,04 Bronze,7,50,3,4,2,1,2,1,2,2,1,4,1,1,2,3,2,3,3,0,0,2,2,2,4,3,3,4,4,3,9,0,0,0,1,3,2,4
Em-5387,"Escape,Tribute 2.3L 04-on LH A",10-B-8-5,9346140014202,04 Bronze,49,0,3,1,2,0,1,2,0,2,3,1,3,2,2,4,2,0,2,5,1,3,0,2,3,5,2,5,7,4,5,2,2,2,3,5,5,5
Em-5388,Benz ML320 V6 98-03 Fr L/R All,10-B-9-2,9346140014219,04 Bronze,12,30,0,0,1,1,7,0,0,2,2,0,5,3,0,2,0,0,2,0,4,2,0,0,0,6,0,2,2,0,0,2,0,2,0,0,0,0
Em-5389,"Avensis 2.0,2.4L 01-10 Rear mt",10-B-7-5,9346140014226,03 Silver,119,90,5,2,3,10,5,8,2,9,5,5,5,9,6,11,4,6,3,1,9,6,7,6,2,5,5,1,8,3,13,3,8,5,4,1,0,9
Em-5390=EM-5390B,"Aven 2.0,2.4L 01-10 RH Hydro",10-B-6-5,9346140014233,04 Bronze,0,,0,0,0,0,0,0,0,0,0,0,0,0,0,0,0,0,0,0,0,0,0,0,1,0,0,0,0,0,0,0,0,0,0,0,0,0
Em-5390B,"Aven 2.0,2.4L 01-10 RH Hyd W/B",10-B-5-5,9346140043172,04 Bronze,55,100,0,0,0,0,0,0,0,0,0,1,1,0,1,2,0,0,3,0,1,1,3,1,7,8,8,8,8,7,10,0,9,3,7,4,8,8
Em-5390G=EM-5390B,"Avensis 2.0,2.4L 01-10 RH mt",10-B-9-2,9346140027752,07 Not Classed,0,,,,,,,,,,,,,,,,,,,,,,,,,,,,,,,,,,,,,
Em-5391,"Avensis 2.0,2.4L 01-10 LH mt",10-B-4-5,9346140014240,04 Bronze,60,0,2,1,0,1,2,0,0,1,0,0,2,1,3,2,-1,0,2,1,0,1,3,0,1,1,0,0,0,0,1,0,1,2,2,0,0,-2
Em-5392,Cube Z11 1.4L 02-08 RH mount,10-B-3-5,9346140014257,04 Bronze,56,0,1,0,0,0,1,-1,1,3,4,2,0,0,0,0,0,1,-1,2,0,0,0,0,0,0,0,1,1,0,1,0,1,0,1,1,2,-1
Em-5393,Tiida C11 1.8L 06-on EngBuffer,10-A-10-1,9346140014264,03 Silver,329,0,4,6,5,6,3,4,5,16,0,2,3,2,14,17,3,4,6,3,4,3,2,5,5,1,2,5,4,8,4,4,6,2,3,6,4,5
Em-5394=EM-5365,"Dualis,Tiida 1.8L 06-on LH Mtm",10-B-2-2,9346140014271,05 No Sales FY25,0,,0,0,0,0,0,0,0,0,0,0,0,0,0,0,0,0,0,0,0,0,0,0,0,0,0,0,0,0,0,0,0,0,0,0,1,0
Em-5395,"Pajero NM,NP,NS 00-on Rear LH",10-B-2-5,9346140014288,04 Bronze,20,0,0,2,1,0,0,0,1,1,0,0,1,1,0,0,2,0,1,2,0,2,3,0,2,0,3,0,0,1,0,0,1,0,0,2,0,0
Em-5396,"Pajero NM,NP,NS 00-on Rear RH",10-B-2-5,9346140014295,04 Bronze,24,0,0,2,0,0,-1,0,1,1,0,0,1,0,0,0,3,0,1,2,0,2,3,0,2,0,4,-1,0,2,0,0,1,0,0,2,0,0
Em-5397,Nubira CDX 2.0L S2 99-03 Front,10-A-10-2,9346140014301,05 No Sales FY25,36,0,0,0,0,0,0,0,0,0,0,0,0,0,0,0,0,0,0,0,0,0,0,0,0,0,0,0,0,0,0,0,0,1,0,0,0,0
Em-5398,"Lanos 1.5,1.6L 97-03 Front L A",10-A-9-1,9346140014318,05 No Sales FY25,9,0,0,0,0,0,0,0,1,0,0,0,0,0,0,0,0,0,0,0,0,0,0,0,0,0,0,0,0,0,0,0,0,0,0,0,0,0
Em-5399A,"Getz TB 1.3,1.6L 05-11 Rear mt",10-A-9-2,9346140038291,02 Gold,178,0,20,18,6,16,15,17,18,5,8,11,17,24,19,15,19,13,11,13,12,5,14,11,11,9,14,19,19,14,7,20,9,11,13,13,18,15
Em-5400G,Accent 1.5L G4ECX 00-03 LH At,10-A-8-1,9346140014332,04 Bronze,0,,0,0,0,0,0,0,0,0,0,0,0,0,0,0,0,0,0,0,0,0,0,0,0,0,2,0,-1,0,0,0,0,0,0,1,0,0
Em-5400RH,"Cube Z11,Micra K12 02-10 RH Hy",10-A-8-1,9346140045374,05 No Sales FY25,19,0,0,0,0,0,0,0,0,0,0,0,0,0,0,0,0,0,0,0,0,0,0,0,0,0,0,1,-1,0,0,0,0,0,0,0,0,0
Em-5401,Sonata 2.7L V6 98-04 LH mnt At,10-A-7-1,9346140014349,04 Bronze,7,0,0,0,0,0,0,0,0,0,0,0,0,0,0,0,0,0,0,0,1,0,0,0,0,0,0,0,0,0,0,0,0,0,0,0,0,0
Em-5401FR,Range Rover L405 13-21 Front A,10-A-7-1,9346140045381,04 Bronze,32,0,0,0,0,0,0,0,0,0,0,0,0,0,0,0,0,0,0,0,0,0,0,0,0,0,2,2,0,0,0,3,3,0,2,2,0,2
Em-5402,Kia Pregio 2.7L 02-04 Front LR,10-A-7-2,9346140014356,04 Bronze,0,80,0,1,0,2,0,0,0,2,0,2,0,0,0,0,2,2,2,0,0,0,0,0,2,0,3,2,0,0,2,0,0,0,1,0,0,0
Em-5403G,"Caren,Mentor 1.8L 98-02 Rear A",10-A-6-1,9346140014363,07 Not Classed,5,0,,,,,,,,,,,,,,,,,,,,,,,,,,,,,,,,,,,,
Em-5404FR,Cor ZRE182 1.8 12-18 Front CVT,10-A-6-2,9346140046579,06 First Sale in FY26,36,0,0,0,0,0,0,0,0,0,0,0,0,0,0,0,0,0,0,0,0,0,0,0,0,0,0,0,0,2,3,5,2,4,6,1,4,6
Em-5404G (NIL),"Caren,Mentor 1.8L 98-02 LH Mtm",10-A-6-2,9346140014370,07 Not Classed,0,,,,,,,,,,,,,,,,,,,,,,,,,,,,,,,,,,,,,
Em-5405G,Kia Credos 2.0L 98-01 Front M,10-A-5-1,9346140014387,07 Not Classed,43,0,,,,,,,,,,,,,,,,,,,,,,,,,,,,,,,,,,,,
Em-5406 (NIL),Kia Credos 2.0L 98-01 LH Auto,10-A-5-2,9346140019283,07 Not Classed,0,,,,,,,,,,,,,,,,,,,,,,,,,,,,,,,,,,,,,
Em-5407G,Kia Credos 2.0L 98-01 LH man,10-A-4-1,9346140014400,07 Not Classed,4,0,,,,,,,,,,,,,,,,,,,,,,,,,,,,,,,,,,,,
Em-5408D,Corolla AE95-115 4WD Rear D/M,3-C-3-1,9346140014417,07 Not Classed,14,0,,,,,,,,,,,,,,,,,,,,,,,,,,,,,,,,,,,,
Em-5411,"Swift 1.5,1.6L 04-10 LH mt",10-A-4-2,9346140014448,03 Silver,83,0,5,4,6,11,3,12,0,1,5,12,8,11,10,6,5,7,5,2,3,4,6,2,16,8,10,4,6,12,10,12,5,11,5,15,10,12
Em-5412H,Citroen Peugeot 306 Front all,3-A-2-3,9346140014455,04 Bronze,23,0,2,1,1,0,2,3,2,2,1,1,3,0,1,0,1,3,3,0,0,1,1,1,2,1,0,2,0,2,3,0,0,2,1,0,2,1
Em-5413,Peugeot 306 1.1 1.4 1.6  LH,3-A-3-4,9346140014462,04 Bronze,22,0,0,1,0,0,0,0,0,0,0,0,1,0,0,1,1,0,0,0,0,0,1,-1,0,0,0,0,1,0,0,0,1,0,1,0,1,0
Em-5414,Astra TS 2.2L 01-07 Front mt A,10-A-5-2,9346140014479,04 Bronze,53,0,0,0,0,0,0,0,0,0,0,0,0,0,0,0,0,0,0,0,1,1,0,1,0,1,0,1,0,0,0,0,1,0,0,1,0,0
Em-5415,Outlander 2.4L 03-06 Front At,10-A-3-2,9346140014486,04 Bronze,14,0,1,0,0,0,0,0,0,1,0,0,0,0,0,1,0,0,0,1,0,1,0,0,0,0,3,2,0,0,2,0,0,0,0,0,0,0
Em-5416B,"Outlan ZE,ZF 2.4L 02-06 Rear A",10-A-3-5,9346140042397,04 Bronze,48,0,2,2,2,0,3,0,-1,0,1,1,1,1,1,3,-1,3,1,0,0,0,0,0,0,1,2,3,3,2,3,0,0,1,2,3,-1,0
Em-5417,"Lan CE,Outl 2.4L 03-06 LH At",10-A-2-5,9346140014509,04 Bronze,43,0,5,2,2,-1,0,2,2,3,1,2,0,1,2,0,5,3,0,1,1,1,2,2,2,0,6,3,4,2,3,1,2,6,0,2,2,1
Em-5418,Outlander 2.4L 03-06 RH Auto,10-A-1-5,9346140014516,04 Bronze,0,,5,4,3,4,3,1,0,3,3,2,3,2,1,0,4,8,-2,1,3,0,0,0,0,0,0,0,0,0,0,0,0,0,0,0,0,0
Em-5418B,Outlander 2.4L 03-06 RH W/Brac,10-A-1-5,9346140043844,04 Bronze,99,0,0,0,0,0,0,0,0,0,0,0,0,0,0,0,0,1,0,0,0,0,0,1,0,1,2,4,6,1,4,6,1,1,3,1,2,7
Em-5419,Volvo S40/V40 96-03 Front Mt,10-A-2-2,9346140014523,04 Bronze,24,0,1,1,1,1,2,0,0,0,0,0,0,1,1,1,0,0,2,0,0,1,1,0,1,0,0,0,1,1,0,0,0,1,0,1,1,0
Em-5420,Volvo S40/V40 96-03 Rear A&M,10-A-1-2,9346140014530,04 Bronze,8,0,0,0,0,0,0,0,0,0,0,0,1,0,0,0,0,0,1,0,0,0,0,0,1,0,0,0,1,0,1,0,0,0,0,0,0,0
Em-5420B,"Vol S40 1.8,2.0L 01-04 F&R mnt",10-A-1-2,9346140036723,04 Bronze,65,0,0,0,0,0,0,0,0,0,0,0,0,0,1,0,0,0,1,0,0,0,0,0,0,0,0,0,0,1,0,0,0,1,0,1,0,0
Em-5421,Volvo S40/V40 96-99 L/H mtm,10-A-10-4,9346140014547,05 No Sales FY25,18,0,0,0,0,0,0,0,0,0,0,0,0,0,0,0,0,0,0,0,0,0,0,0,0,0,0,0,0,0,0,0,0,0,0,0,0,0
Em-5422,"Triton MH,MJ 4W V6 91-96 Rr M",10-A-10-3,9346140014554,05 No Sales FY25,96,0,0,0,0,0,0,0,0,0,0,0,0,0,0,0,0,0,0,0,0,0,0,0,0,0,0,0,0,1,0,0,0,0,0,2,0,0
Em-5423,"MPV 2.5,3.0L 99-06 RH mnt Auto",10-A-10-5,9346140014561,04 Bronze,31,0,2,1,0,0,1,1,0,0,0,0,0,0,0,1,2,0,0,1,0,1,-1,0,0,0,0,0,1,0,0,0,0,0,1,0,1,1
Em-5424,To Prado KZJ95R 3.0 Rear Mtm,10-A-9-5,9346140014578,04 Bronze,33,0,0,0,0,0,1,1,0,3,0,0,1,0,0,2,0,0,0,0,0,0,0,0,0,2,0,0,0,0,0,0,0,0,2,1,0,1
Em-5425,Accord 3.0L V6 03-06 LH lower,10-A-9-3,9346140014585,04 Bronze,56,0,0,4,2,0,0,0,0,1,0,2,0,1,-1,0,4,2,2,0,0,0,0,1,2,2,0,0,3,0,0,2,0,0,3,1,2,1
Em-5426,Accord 3.0 V6 03-06 LH Rr Lwer,10-A-9-4,9346140014592,04 Bronze,68,0,1,5,2,0,0,0,1,1,0,4,0,1,0,1,2,3,2,2,0,0,0,1,2,2,0,1,2,0,0,0,1,0,3,1,3,2
Em-5427,Civic 1.8L 06-on LH Lower mt,10-A-8-5,9346140014608,02 Gold,239,0,26,20,16,16,16,23,11,15,9,9,18,14,10,16,18,13,14,9,5,15,13,11,9,10,11,22,16,16,15,16,9,10,14,14,9,15
Em-5428H,Civic 1.8L 06-on RH Hydro mnt,10-A-7-5,9346140014615,01 Platinum,333,300,46,42,40,35,30,58,37,35,28,37,52,68,65,61,45,46,36,21,25,31,19,30,30,36,32,49,41,32,17,30,20,24,20,27,24,36
Em-5429,Civic 1.8L 06-on Lower T/rod A,10-A-8-3,9346140014622,02 Gold,198,200,24,36,21,26,22,21,9,24,30,32,34,35,34,30,33,14,21,16,14,15,22,15,25,27,34,45,36,26,23,40,28,34,26,39,33,32
Em-5430,Civic FD1 1.8L Rr L/Rod M 56mm,10-A-8-4,9346140014639,04 Bronze,30,30,5,0,0,1,0,3,0,0,1,0,2,0,1,0,1,1,1,0,1,1,0,1,1,1,1,2,2,3,1,1,2,1,1,0,1,0
Em-5430B,Civic FD1 1.8L Rr L/Rod M 62mm,10-A-4-1,9346140037133,04 Bronze,34,0,0,1,0,1,1,1,0,0,1,3,0,1,0,1,0,1,0,2,0,1,0,0,1,1,1,2,1,0,1,1,1,0,-1,1,0,1
Em-5431,Civic 1.8 06-on RH upper rod A,10-A-7-3,9346140014646,03 Silver,106,0,10,8,2,8,7,8,4,11,3,2,11,5,8,10,8,7,4,4,5,4,3,8,2,8,3,10,5,5,4,11,6,6,4,6,9,8
Em-5432,Civic FD1 1.8 06-Rear Rod Up M,10-A-7-4,9346140014653,04 Bronze,35,0,1,0,3,0,0,1,0,0,0,0,2,1,1,0,0,1,2,0,0,0,0,1,1,0,0,2,1,1,1,0,1,0,0,0,0,1
Em-5433,"Yaris NCP90,91,93 06-on LH Atm",10-A-6-5,9346140014660,03 Silver,39,100,7,3,5,4,9,11,5,4,6,2,6,7,5,2,6,7,11,8,8,3,8,7,6,12,4,14,14,14,7,11,6,13,8,21,7,4
Em-5433M,"Yaris NCP90,91,93 06-on LH Mtm",10-B-1-5,9346140037638,04 Bronze,34,0,0,0,1,0,0,0,0,1,2,1,-1,2,0,0,0,0,0,0,1,2,1,1,0,1,0,1,2,0,2,0,0,1,2,1,1,1
Em-5434,"Yaris NCP90,91,93 06-on Rr Upp",10-A-6-4,9346140014677,04 Bronze,25,30,1,1,2,3,5,1,0,2,1,1,1,1,1,2,1,3,1,0,0,0,3,3,2,5,0,3,0,2,2,0,2,2,2,4,-1,2
Em-5435,"Yaris NCP90,91,93 06-on Rr Low",10-A-6-3,9346140014684,04 Bronze,45,50,2,1,1,4,6,2,0,2,1,1,3,6,2,5,6,5,1,0,0,0,3,6,3,9,3,5,1,7,4,2,4,6,3,10,1,5
Em-5436,Lance CE 1.8L 98-03 RH mount,10-A-5-3,9346140014691,04 Bronze,41,0,0,1,2,0,2,1,0,1,0,-1,0,2,0,3,0,1,4,-1,0,1,1,1,1,3,5,2,3,1,5,1,1,5,2,1,1,1
Em-5437,"Lancer CG,CH 2.0 02-on Rear M",10-A-5-5,9346140014707,04 Bronze,80,0,0,3,1,1,1,1,1,2,2,1,4,1,2,4,3,3,1,1,2,4,1,4,2,4,3,2,4,3,2,6,2,1,3,1,2,2
Em-5438,Navara ZD30 3.0L 01-08 Rear LR,10-A-5-4,9346140014714,02 Gold,325,0,16,8,18,4,13,12,14,6,4,2,5,6,22,20,95,3,6,22,4,1,4,7,77,8,13,4,0,7,5,105,11,7,15,4,10,12
Em-5439,Hilux KUN16R 3.0LTD 05-on Rear,10-A-4-4,9346140014721,04 Bronze,46,0,0,0,3,-1,2,-1,0,0,3,1,0,0,1,0,0,2,1,0,0,1,1,0,0,1,0,0,0,1,1,0,1,0,1,0,1,0
Em-5440,"Suzuki Liana 1.6,1.8 01-06 LH",10-A-4-3,9346140014738,04 Bronze,52,0,1,0,0,1,0,0,0,0,1,1,2,0,0,1,1,0,0,0,0,0,0,0,0,0,0,0,0,0,0,0,0,0,0,1,1,1
Em-5441,"Hi-Lux RZN147,149  Rear mt Man",10-A-3-3,9346140014745,04 Bronze,78,0,1,0,1,0,0,0,1,1,1,0,1,1,1,1,0,1,0,0,0,0,0,0,2,1,0,0,1,1,0,1,0,2,0,0,3,0
Em-5442,Ford Tarus 3.0 V6 96-03 Rr All,10-A-3-4,9346140014752,07 Not Classed,10,0,,,,,,,,,,,,,,,,,,,,,,,,,,,,,,,,,,,,
Em-5443,"Getz TB 1.4,1.6L 05-11 LH mnt",10-A-4-5,9346140036129,03 Silver,48,100,4,12,10,4,3,6,5,1,1,8,4,11,8,10,8,3,7,3,4,5,11,6,2,2,8,9,3,6,2,4,3,3,2,8,2,8
Em-5444,Hyun Lavita 1.8 G4GB 01-04 RH,10-A-3-1,9346140041642,04 Bronze,1,0,1,0,0,0,0,0,0,0,0,0,0,0,0,0,0,0,0,0,0,1,0,0,0,0,0,0,0,0,0,1,0,0,1,1,1,0
Em-5445,Kia Rio JB 1.6L 05-on LH mnt,10-A-2-1,9346140037010,04 Bronze,18,0,1,0,1,1,3,0,0,0,2,0,0,0,0,2,0,0,0,1,1,0,0,0,0,1,0,0,0,0,1,1,0,0,0,1,0,0
Em-5446,"Kia Rio JB 1.4,1.6L 05-on RH",10-A-1-1,9346140024171,04 Bronze,25,50,3,7,2,1,1,1,1,2,4,1,1,1,2,2,0,0,1,2,1,0,1,0,0,1,0,2,1,3,5,1,2,5,3,5,4,3
Em-5447,"Delica,Ex.L300 2.4L Front mt A",10-A-2-3,9346140014806,05 No Sales FY25,108,0,0,0,0,1,0,0,0,0,0,0,0,0,0,0,0,0,0,0,0,0,0,0,0,0,0,0,0,0,0,0,0,0,0,0,1,-1
Em-5448,Kia Cerato 2.0L 04-06 Front mt,10-A-2-4,9346140024638,04 Bronze,38,0,0,0,2,2,1,0,2,0,0,0,0,1,2,3,0,6,1,1,0,0,2,0,0,0,3,-1,3,2,0,7,1,1,1,0,-1,5
Em-5449,Kia Cerato 2.0L 04-06 Rear Atm,10-A-1-3,9346140025918,04 Bronze,33,0,1,0,0,0,0,0,0,1,0,0,0,1,3,0,1,3,0,3,0,1,0,0,0,1,3,-1,5,2,0,5,1,0,1,0,0,4
Em-5449G=EM-5449,Kia Cerato 2.0L 04-06 Rear Atm,10-A-1-3,9346140014820,07 Not Classed,0,,,,,,,,,,,,,,,,,,,,,,,,,,,,,,,,,,,,,
Em-5450,Kia Cerato 2.0L 04-06 Rear M,10-A-1-4,9346140043080,07 Not Classed,35,0,,,,,,,,,,,,,,,,,,,,,,,,,,,,,,,,,,,,
Em-5450G=EM-5450,Kia Cerato 2.0L 04-06 Rear M,10-A-1-4,9346140014837,07 Not Classed,0,,,,,,,,,,,,,,,,,,,,,,,,,,,,,,,,,,,,,
Em-5451,Kia Cerato 2.0L 04-06 LH A,11-A-1-1,9346140037324,04 Bronze,34,0,0,1,0,2,1,0,0,1,0,0,1,0,1,4,0,1,2,0,0,0,1,1,0,0,3,0,3,2,0,3,2,0,2,1,0,0
Em-5452,Kia Cerato 2.0L 04-06 LH mt M,11-A-1-2,9346140036785,04 Bronze,25,0,1,0,1,1,1,1,2,0,0,0,0,2,0,0,0,0,0,1,0,1,0,3,0,0,1,1,3,1,0,1,0,0,1,0,0,2
Em-5453,Kia Cerato 2.0 04-06 RH mount,11-A-2-1,9346140038437,04 Bronze,43,0,1,7,3,5,4,2,4,5,2,1,1,4,6,1,3,1,2,3,1,2,3,1,3,1,4,1,6,6,2,5,2,1,1,0,1,3
Em-5454,Matiz M150 02-04 RH S/bar,11-A-2-2,9346140014875,05 No Sales FY25,10,0,0,0,0,0,0,0,0,0,0,0,0,1,0,0,0,0,0,0,0,0,0,0,0,0,0,0,1,0,0,0,0,0,0,0,0,0
Em-5454LH,Odyssey RC1 2.4L 14-on LH CVT,11-A-2-2,9346140044407,04 Bronze,46,0,0,0,0,0,0,0,0,0,0,0,0,0,0,0,0,0,0,0,1,4,0,4,4,4,-1,1,2,1,0,3,0,1,2,0,2,-1
Em-5455,Matiz M150 02-04 Front mt A&M,11-A-2-2,9346140014882,06 First Sale in FY26,8,0,0,0,0,0,0,0,0,0,0,0,0,0,0,0,0,0,0,0,0,0,0,0,0,0,0,0,1,0,0,0,0,0,0,0,0,0
Em-5455RE,Rav4 GSA33 07 3.5L 07-13 Rear,11-A-3-2,9346140044810,04 Bronze,34,0,0,0,0,0,0,0,0,0,0,0,0,0,0,0,0,1,2,0,1,1,2,0,0,1,1,0,1,1,1,0,1,1,1,0,3,1
Em-5456,"A3, Golf, Beetle 97-02 Rear SB",11-A-3-1,9346140014899,04 Bronze,22,0,0,1,0,0,0,1,0,1,-1,1,1,0,1,0,0,0,1,-1,0,0,0,2,0,1,0,0,1,0,0,0,1,0,0,0,1,2
Em-5457,"A3, Beetle, Golf 97-04 LH mt M",11-A-1-5,9346140014905,04 Bronze,20,0,0,1,-1,0,1,0,0,1,1,0,2,0,0,1,0,1,0,0,1,0,0,2,0,0,0,0,0,0,0,1,1,0,1,0,0,1
Em-5458,Accord 3.0L V6 03-06 Trans At,11-A-4-2,9346140014912,04 Bronze,62,0,2,7,4,2,1,0,1,1,2,7,4,1,1,3,3,3,5,-1,1,-1,0,2,1,0,0,7,1,1,4,2,7,1,2,2,4,1
Em-5459H,VW Pass V6 96-00 Fr L/R,11-A-2-5,9346140014929,04 Bronze,26,0,0,1,0,0,0,0,0,0,0,0,0,0,0,0,0,2,0,0,0,0,0,1,-1,2,0,0,0,0,0,0,0,0,0,4,0,0
Em-5460,Honda CRV 2.4 01-04 LH M,11-A-4-1,9346140014936,04 Bronze,42,40,1,2,1,1,0,1,2,3,0,4,1,3,2,3,3,4,5,4,1,-1,2,1,2,4,2,2,4,1,5,3,5,0,5,3,4,1
Em-5461H,BMW X5 E53 00-07 Frnt L/R Hyd,11-A-3-5,9346140014943,04 Bronze,18,0,2,0,0,0,0,0,0,0,2,0,0,0,0,0,0,0,2,0,0,0,0,2,2,0,0,0,0,0,0,4,0,3,-2,2,0,0
Em-5462H,"BMW 525,530,630 03-08 Front RH",37A-1-4,9346140014950,04 Bronze,24,0,0,-1,0,0,1,0,1,0,0,0,0,0,0,0,0,0,0,0,1,1,0,0,0,0,0,0,0,0,0,0,0,0,0,0,0,0
Em-5463H,"BMW 525,530,630 03-08 Front LH",37A-2-4,9346140014967,04 Bronze,16,0,0,0,0,0,2,0,1,0,0,0,0,0,0,0,0,0,0,1,0,1,0,0,0,0,0,0,0,0,0,0,0,0,0,0,0,0
Em-5464H,"Golf,Passat,Vento 91-98 Rear L",11-A-5-2,9346140014974,04 Bronze,21,0,0,0,0,1,0,0,1,1,0,0,0,0,0,0,1,0,0,0,0,0,0,1,0,0,0,0,0,0,0,0,0,0,0,0,0,0
Em-5465H,"Ibiza,Golf,Vento 91-98 Rear LH",11-A-5-2,9346140014981,05 No Sales FY25,11,0,0,0,0,0,0,2,-2,0,0,0,0,0,0,0,0,0,0,0,0,0,0,0,0,0,0,0,0,0,0,0,0,0,0,0,0,0
Em-5466,Jazz 1.5L 08-on Torque Rod At,11-A-6-1,9346140014998,04 Bronze,20,0,0,1,1,0,1,0,0,0,0,1,0,1,0,0,2,0,0,2,0,0,2,1,1,3,0,0,0,0,1,0,0,0,1,1,0,0
Em-5467,Jazz 1.5L 08-on Torque Rod Mtm,11-A-6-2,9346140015001,04 Bronze,23,0,0,0,0,0,1,1,0,0,0,0,0,0,0,1,0,0,0,0,0,2,1,1,0,3,0,1,0,0,0,0,0,1,0,1,0,0
Em-5468L,Patrol GU 3.0D 00-04 Front LH,11-A-7-2,9346140015018,03 Silver,110,0,4,3,5,7,11,2,-1,5,-1,2,1,6,2,3,3,5,5,9,2,6,6,5,2,3,3,4,9,15,5,12,2,3,11,11,14,9
Em-5468R,Patrol GU 3.0D 00-04 Front RH,11-A-8-2,9346140022931,04 Bronze,120,0,2,3,5,6,5,2,0,4,-1,2,0,2,2,2,3,4,4,2,2,4,3,2,0,1,2,3,7,11,4,10,2,3,6,11,10,14
Em-5469,Grandis BA 2.4L 04-07 Front At,11-A-7-1,9346140015025,04 Bronze,32,0,0,0,1,1,0,0,0,0,1,0,0,1,1,2,1,0,1,0,0,1,0,1,0,0,1,0,1,2,1,1,0,1,1,1,0,0
Em-5470,Grandis BA 2.4L 04-07 Rear At,11-A-5-4,9346140015032,04 Bronze,23,0,0,1,1,1,1,0,0,0,1,0,0,3,2,3,1,1,2,0,0,1,0,1,0,3,1,0,1,2,1,1,0,1,2,1,0,0
Em-5471,Grandis BA 2.4L 04-07 LH mt At,11-A-7-5,9346140015049,04 Bronze,17,0,0,0,0,0,0,0,0,0,0,0,1,0,0,0,0,0,1,0,0,0,0,2,-1,0,1,0,1,1,0,0,0,1,0,0,0,0
Em-5472,Grandis BA 2.4L 04-07 RH w bra,11-A-8-5,9346140015056,04 Bronze,56,0,1,0,1,3,0,0,1,0,0,0,1,0,1,0,1,0,1,0,0,1,1,3,0,0,1,0,1,1,1,1,0,1,0,1,0,0
Em-5472C,Grandis BA 2.4L 04-07 RH w/o B,11-A-4-4,9346140046135,06 First Sale in FY26,15,0,0,0,0,0,0,0,0,0,0,0,0,0,0,0,0,0,0,0,0,0,0,0,0,0,0,0,0,0,0,0,1,0,0,0,0,0
Em-5473,Suzuki Liana 1.6 1.8 01-04 Rr,11-A-9-2,9346140015063,04 Bronze,47,0,3,-2,0,0,0,1,0,0,0,0,3,0,0,1,3,0,0,0,0,0,0,0,0,0,0,0,0,0,1,0,0,0,0,2,1,0
Em-5474,Suzuki Liana 1.6 1.8 01-04 RH,11-A-8-1,9346140015070,04 Bronze,32,0,1,0,0,1,0,1,0,0,1,1,4,0,0,5,2,1,1,1,1,0,0,1,0,0,0,0,0,0,0,1,0,0,0,2,1,1
Em-5475,929 3.0L V6 91-97 Front L/R mt,11-A-9-1,9346140015087,05 No Sales FY25,85,0,0,0,0,0,0,0,0,0,0,0,0,0,0,0,0,0,0,0,0,0,0,0,0,0,0,0,0,0,0,0,0,0,0,0,0,0
Em-5477=EM-5477HB,Rav4 ACA20-23R 01-06 RH mnt,11-A-10-2,9346140015100,04 Bronze,0,,0,0,0,0,0,0,0,0,0,0,0,0,0,0,0,0,0,0,0,0,0,0,1,0,0,0,0,0,0,0,0,0,0,0,0,0
Em-5477HB,Rav4 ACA20-23R 01-06 RH w/brac,11-A-6-5,9346140042861,04 Bronze,70,50,0,0,0,0,1,5,2,1,1,0,3,1,3,4,2,1,3,1,6,5,1,5,2,4,3,2,0,0,6,3,0,3,4,3,1,1
Em-5478,Tara ACR30 2.4 00-06 R S/bar M,8-C-8-4,9346140015117,04 Bronze,63,0,0,0,0,0,0,0,0,0,0,0,0,0,0,0,0,0,0,0,0,0,0,0,0,0,0,0,0,0,0,0,0,0,0,0,0,0
Em-5479H,"Camry ACV30,Tarago ACV40 LH A",11-A-9-5,9346140015124,03 Silver,82,50,6,9,5,12,7,6,10,7,6,7,1,6,8,5,7,5,6,4,6,6,2,9,14,7,6,3,4,9,7,6,11,6,8,7,6,2
Em-5480,Tarago ACR30 2.4 00-06 LH Mtm,11-A-10-1,9346140015131,05 No Sales FY25,12,0,0,0,0,0,1,-1,0,0,0,0,0,0,0,0,0,0,0,0,0,0,0,0,0,0,0,0,0,0,0,0,0,0,0,0,0,0
Em-5481,Lavita 1.8L 01-04 Rear Mt A,37A-2-3,9346140015148,04 Bronze,26,0,-1,0,0,0,0,0,0,0,0,0,0,0,1,0,1,0,0,0,0,0,0,0,0,0,0,0,1,0,0,0,0,0,0,0,0,0
Em-5482,Hyun Lavita 1.8L 01-04 Rear M,37A-2-3,9346140015155,05 No Sales FY25,13,0,0,0,0,0,0,0,0,0,0,0,0,0,0,0,0,0,0,0,0,0,0,0,0,0,0,0,0,0,0,0,0,0,0,0,0,0
Em-5483,Hyun Lavita 1.8L 01-04 LH Mtm,37A-2-3,9346140015162,06 First Sale in FY26,18,0,0,0,0,0,0,0,0,0,0,0,0,0,0,0,0,0,0,0,0,0,0,0,0,0,0,0,0,0,0,0,0,0,1,-1,0,0
Em-5484,Daewoo Matiz M150  02-04 LH M,37A-2-3,9346140015179,06 First Sale in FY26,22,0,0,0,0,0,0,0,0,0,0,0,0,0,0,0,0,0,0,0,0,0,0,0,0,0,0,0,1,0,0,0,0,0,0,0,0,0
Em-5485H,Daewoo Tacuma 2.0L 00-04 RH mt,37A-1-2,9346140015186,07 Not Classed,30,0,,,,,,,,,,,,,,,,,,,,,,,,,,,,,,,,,,,,
Em-5486,Odyssey 3.0L V6 00-04 RH mount,11-A-3-3,9346140015193,04 Bronze,39,0,0,1,0,3,1,2,0,0,0,0,1,0,2,0,1,1,3,1,0,0,0,0,0,0,1,0,0,0,0,0,0,0,1,0,2,0
Em-5487H,Commodore VE 3.6L V6 Front L/R,9-A-1-5,9346140015209,01 Platinum,284,700,129,96,45,139,88,82,88,65,71,102,89,121,88,108,92,90,98,72,65,60,101,82,74,61,115,80,105,65,73,55,63,35,58,85,84,67
Em-5488H,Accord & Euro 2.4L 08-on Front,11-A-10-5,9346140015216,03 Silver,54,100,6,3,4,7,3,5,6,5,6,8,6,8,5,3,5,7,7,5,4,2,5,7,5,7,8,10,12,9,6,2,7,2,9,11,6,10
Em-5489,"Accord CP2,CU2 2.4L 08-15 Rear",11-A-4-3,9346140015223,04 Bronze,71,0,2,1,1,2,5,3,4,0,3,1,1,3,2,1,4,3,0,1,1,1,4,5,2,2,2,4,5,3,1,1,5,0,3,4,2,2
Em-5490,"Escape,Tribute 2.3L 04-on RH A",11-A-5-3,9346140015230,04 Bronze,81,0,3,4,2,0,2,3,3,2,3,0,2,0,5,4,1,3,2,3,0,1,1,3,2,4,3,7,4,4,5,4,1,2,4,5,4,4
Em-5491,"Astra TR,Calibra 95-98 Rear mt",11-A-4-4,9346140015247,05 No Sales FY25,0,10,0,1,0,0,0,0,0,0,1,0,0,0,0,0,0,0,0,0,0,0,0,0,0,0,0,0,0,1,-1,0,0,0,0,0,0,0
Em-5492,Daewoo Tacuma U100 00-04 LH mt,11-A-4-4,9346140015254,05 No Sales FY25,5,0,0,0,0,0,0,0,0,0,1,0,0,0,0,0,0,0,0,0,0,0,0,0,0,0,0,0,0,0,0,0,0,0,0,0,0,0
Em-5493,Hyun Lavita 1.8 01-04 LH mt At,11-A-6-4,9346140015261,05 No Sales FY25,3,0,0,0,0,0,0,0,0,0,1,0,0,0,1,0,0,0,0,0,0,0,0,0,0,0,0,0,0,0,0,0,0,0,0,1,0,0
Em-5494,"Coro ZRE152,Tar ACR50 07-on Fr",11-A-6-3,9346140015278,02 Gold,176,400,20,18,23,17,26,22,14,13,27,19,27,28,24,46,36,34,35,22,14,23,30,21,29,34,26,37,53,42,42,37,22,24,46,23,41,38
Em-5495,Corolla ZRE152 07-on Rear Atm,11-A-7-3,9346140015285,03 Silver,96,100,2,4,3,4,6,4,4,7,1,1,1,6,8,8,7,4,3,9,3,7,4,3,7,8,6,12,9,12,8,11,8,8,18,6,16,10
Em-5496,"Cor ZRE152,Ruku 07-on Rear Mtm",11-A-7-4,9346140015292,04 Bronze,35,0,0,0,1,0,0,0,0,0,1,0,1,-1,0,2,0,3,-1,0,3,0,1,0,1,3,1,2,2,0,0,2,0,2,2,1,0,2
Em-5497,Corolla ZRE152 07-on LH ALL,11-A-8-3,9346140015308,02 Gold,123,0,11,10,9,9,10,6,8,4,12,4,11,10,11,20,20,8,10,12,4,21,10,12,7,14,15,25,24,16,5,17,8,11,23,21,20,24
Em-5498,Lexus LS400 5.0 V8 95-00 Rear,11-A-8-4,9346140015315,04 Bronze,21,0,0,0,1,0,0,-1,0,0,0,0,0,0,0,0,1,1,0,0,0,1,0,0,0,0,0,0,0,0,0,1,0,0,2,1,1,-1
Em-5499,BMW 325i E30 2.5 82-92 Fnt L/R,6-B-1-2,9346140015322,04 Bronze,26,0,2,1,0,0,2,0,0,0,0,0,0,0,0,0,0,2,0,0,0,0,0,0,2,0,0,0,0,0,0,-1,2,0,0,0,0,0
Em-5500H,Corolla ZRE152 1.8L 07-09 RH M,11-A-9-3,9346140015339,04 Bronze,36,0,2,-2,1,2,1,-2,-1,0,1,0,2,0,1,1,1,0,0,0,1,1,0,0,0,0,0,0,2,0,0,0,0,1,-1,0,1,0
Em-5501,Camry ACV36R 2.4L 02-06 Front,11-A-10-3,9346140015346,04 Bronze,38,50,4,7,7,6,5,2,4,5,7,2,3,4,4,6,4,6,3,1,0,6,5,4,3,5,6,7,5,3,3,3,5,2,8,0,3,3
Em-5502,Camry ACV36R 2.4L 02-06 LH Atm,11-A-9-4,9346140015353,04 Bronze,63,0,3,5,4,2,2,4,-1,1,0,2,1,2,3,5,2,2,2,0,0,4,3,1,2,1,4,1,3,2,3,2,4,1,6,4,1,3
Em-5503H,Camry ACV36R 2.4L 02-06 RH mt,11-A-10-4,9346140021231,04 Bronze,72,100,2,7,5,7,3,3,1,3,3,1,5,4,5,3,8,4,6,4,1,7,2,4,3,2,4,4,6,5,4,1,5,4,9,3,4,7
Em-5504,Camry ACV40 2.4L 7/06-on Front,11-B-1-3,9346140015377,03 Silver,67,200,11,11,10,10,8,7,6,14,14,6,10,15,9,11,14,4,10,3,9,8,10,14,5,5,20,11,7,20,8,10,7,6,7,19,14,24
Em-5505,Camry ACV40R 2.4L 7/06-on LH A,11-B-1-4,9346140015384,03 Silver,44,100,10,12,14,6,4,4,1,4,6,9,6,11,8,12,11,11,9,4,13,6,9,12,6,6,12,9,9,10,11,9,17,13,19,23,11,18
Em-5506H,Camry ACV40 2.4 7/06-on RH mnt,11-B-3-5,9346140015391,02 Gold,203,0,27,27,65,17,50,21,7,14,12,15,10,29,21,14,16,14,23,12,23,15,18,21,19,14,25,16,17,17,24,18,21,22,30,24,20,30
Em-5507H,Corolla ZRE152 1.8 07-on RH At,11-B-2-3,9346140015407,02 Gold,189,0,7,22,20,13,11,18,17,11,9,10,12,13,24,26,23,19,26,14,13,28,17,14,21,20,27,35,34,36,24,12,21,25,32,31,27,53
Em-5508,"Odyssey RB1,2 2.4L 03-08 Front",11-B-3-3,9346140015414,03 Silver,128,0,4,14,8,8,12,13,3,17,9,10,3,13,8,11,7,6,16,5,4,10,9,8,10,9,7,11,11,10,7,5,4,0,11,6,4,10
Em-5509,"Odyssey RB1,2 2.4L 03-08 Rear",11-B-3-4,9346140015421,03 Silver,85,100,2,9,9,8,12,7,5,7,9,10,0,5,2,9,-1,3,8,3,5,4,7,1,7,6,4,6,5,5,2,6,2,-1,5,3,0,6
Em-5510,"Odyssey RB1,2 2.4L 03-08 LH mt",11-B-4-4,9346140015438,04 Bronze,78,0,2,7,1,4,2,1,0,3,2,2,2,2,1,2,-1,1,3,0,2,2,1,-1,4,0,3,4,0,2,2,1,2,0,1,2,0,4
Em-5511,"Odyssey RB1,2 2.4L 03-08 RH mt",11-B-4-3,9346140015445,03 Silver,53,100,7,6,5,7,7,4,2,6,4,8,5,3,4,12,1,8,7,6,4,4,5,5,3,5,7,7,6,9,1,4,1,3,6,4,5,6
Em-5512H,"Comm. VE, VF V8 06-on Frnt L/R",9-B-4-5,9346140015452,01 Platinum,308,200,33,79,86,56,24,44,32,32,40,37,35,27,50,30,46,28,44,35,26,23,14,45,41,42,18,43,56,55,54,29,22,30,44,47,54,36
Em-5513,"Falcon BA,BF,FG 04-on Rear 6sp",6-B-10-5,9346140015469,02 Gold,224,50,18,29,27,27,20,15,14,11,18,23,18,10,11,21,10,8,20,18,11,10,11,16,10,18,18,10,10,19,15,16,10,17,9,12,22,16
Em-5514,Prado RZJ95R 2.7L 96-02 Rear A,11-B-5-3,9346140015476,04 Bronze,22,0,0,0,1,0,0,1,2,0,1,2,-1,1,0,0,0,1,1,0,0,0,0,1,0,2,1,0,1,1,1,1,0,1,0,1,0,0
Em-5515,"4 Runner,Hilux KZN130 Rear Atm",11-B-5-4,9346140015483,04 Bronze,38,0,0,0,1,0,0,0,0,0,0,2,0,0,0,0,0,0,0,0,0,0,0,0,1,0,0,0,0,0,0,0,1,1,0,1,0,0
Em-5516,Terracan V6 3.5 01-07 Frnt L/R,11-B-2-1,9346140010730,04 Bronze,0,30,5,0,0,3,4,5,1,0,3,0,2,2,0,2,6,5,0,0,0,2,0,4,0,2,2,2,4,0,0,0,0,0,2,0,1,0
Em-5517H,Focus 2.0L Duratec 05-07 RH mt,11-B-1-5,9346140015506,07 Not Classed,23,0,,,,,,,,,,,,,,,,,,,,,,,,,,,,,,,,,,,,
Em-5518,Triton MK V6 97-07 4WD Rear A,11-B-6-4,9346140015513,04 Bronze,28,0,0,0,2,0,0,0,0,1,1,0,0,2,0,0,1,1,0,0,0,0,0,0,0,0,0,1,0,0,0,1,0,0,0,0,1,0
Em-5519,Daihatsu Sirion 1.3 05- Rr/sb,11-B-7-4,9346140015520,05 No Sales FY25,6,0,1,0,0,0,0,0,0,1,0,0,0,0,0,0,0,0,0,0,0,0,0,0,0,0,0,1,1,0,0,0,0,0,0,0,0,0
Em-5520,Sirion M301S 1.3L 05-06 RH mnt,11-B-7-2,9346140015537,04 Bronze,2,0,0,0,1,1,0,1,0,2,0,0,1,0,1,3,1,1,1,0,0,0,0,0,0,0,0,3,1,0,0,2,0,1,1,0,0,1
Em-5521,Sirion M301 1.3 05-on LH mount,11-B-8-3,9346140015544,04 Bronze,8,0,0,-1,0,0,0,0,0,1,0,0,0,0,0,2,0,0,0,2,0,-1,-1,0,0,0,0,2,1,0,0,1,0,0,0,0,0,0
Em-5522,Lancer CJ 2.0L 07-11 Front mnt,11-B-8-4,9346140015551,02 Gold,270,0,18,10,22,16,8,11,7,12,18,7,25,12,17,29,21,19,17,18,7,8,25,20,20,25,20,38,25,21,24,19,8,16,21,23,22,22
Em-5523,Lancer CJ 2.0L 07-11 Rear mt,11-B-9-3,9346140015568,02 Gold,201,0,15,20,25,16,19,21,16,16,28,19,24,27,18,34,36,35,23,19,13,22,24,22,28,32,18,41,36,27,36,20,13,22,35,23,37,25
Em-5524G,Camry ACV40R 2.4L 06-on LH Mtm,11-B-2-5,9346140015575,07 Not Classed,5,0,,,,,,,,,,,,,,,,,,,,,,,,,,,,,,,,,,,,
Em-5525,Celica ST204 2.2L 94-99 LH Atm,11-B-9-4,9346140021248,04 Bronze,17,50,0,1,0,0,0,1,0,0,0,0,1,1,0,1,1,0,2,1,1,2,1,0,0,1,1,3,2,0,1,1,0,1,0,0,3,1
Em-5526,"Astra AH,TS 2.2 01-09 Rear mt",11-B-10-4,9346140015599,04 Bronze,50,0,2,1,2,4,-1,3,3,4,6,1,2,1,5,1,6,1,3,1,0,3,2,3,2,1,1,4,1,2,3,4,1,1,2,2,1,1
Em-5527,Camry ACV40R 2.4L RH S/bar,9-A-1-3,9346140015605,01 Platinum,80,1800,105,91,67,79,98,78,102,95,67,72,73,129,84,119,73,103,103,82,73,92,117,91,80,87,95,99,110,98,85,93,87,123,120,87,96,129
Em-5528G,Camry ACV36 2.4L 02-06 LH Mtm,11-B-2-5,9346140015612,04 Bronze,1,0,0,0,0,0,0,0,0,0,0,0,0,1,0,0,0,0,0,0,0,0,1,0,0,0,0,0,0,0,0,0,0,0,0,0,0,0
EM-5528H,Camry ACV36 2.4L 02-06 LH Mtm,11-B-2-4,9346140047101,07 Not Classed,15,0,,,,,,,,,,,,,,,,,,,,,,,,,,,,,,,,,,,,
Em-5529G,Camry MCV36 3.0L V6 Rear Auto,11-B-4-5,9346140015629,04 Bronze,6,0,6,2,5,10,4,6,2,3,3,0,7,5,3,-1,2,4,1,2,2,3,2,2,4,1,3,4,3,4,5,5,3,6,7,7,1,4
Em-5530G,Camry MCV20/36R 3.0L Rear Mtm,11-B-5-5,9346140015636,04 Bronze,6,0,2,1,0,0,0,0,0,0,0,1,0,0,0,0,1,1,1,0,0,0,0,1,0,0,2,1,1,-1,1,1,0,1,1,0,0,1
Em-5531H,Peugeot 306 1.8 1.9 2.0 RH,11-B-1-1,9346140015643,04 Bronze,35,0,1,1,2,2,1,1,2,1,0,0,2,0,0,3,-1,2,1,1,0,0,2,-1,1,1,3,0,2,1,4,0,0,2,0,1,1,1
Em-5532,"Musso, Santa Fe V6 Frnt L/R mt",11-B-1-2,9346140015650,04 Bronze,8,0,-1,0,0,0,0,0,0,0,1,2,0,0,0,0,0,0,0,0,0,0,2,1,0,0,0,0,0,0,0,0,0,0,0,0,0,0
Em-5533G,Aurion GSV40 3.5L Front Lower,11-B-2-2,9346140015667,04 Bronze,3,0,7,5,4,9,0,3,1,3,3,6,1,2,5,4,6,6,2,1,0,0,0,0,2,2,3,3,2,0,0,0,0,1,0,0,0,0
Em-5533H,Aurion GSV40 3.5L Front Lower,11-B-6-5,9346140023846,04 Bronze,25,100,0,0,0,0,0,0,0,0,0,0,0,0,0,0,0,0,5,-1,3,9,3,6,3,3,4,5,3,6,4,2,4,8,6,4,13,5
Em-5534,Aurion GSV40 3.5L V6 Front RH,11-B-7-5,9346140023853,02 Gold,233,0,13,14,15,9,10,8,9,10,10,12,12,17,12,17,18,15,10,7,14,9,15,13,21,16,21,16,21,17,29,15,17,21,18,26,22,16
Em-5535,Aurion GSV40 3.5L V6 06-on LH,11-B-8-5,9346140026137,03 Silver,105,0,5,7,4,6,6,3,1,2,3,6,1,3,4,5,6,4,9,5,5,4,4,6,4,9,6,6,6,8,13,1,9,9,6,9,10,5
Em-5536,Aur GSV40/50 3.5 RH SBar 160mm,9-A-2-3,9346140016299,01 Platinum,133,1200,67,71,71,54,60,62,64,56,52,62,68,54,61,79,80,84,79,49,64,65,60,83,82,75,67,93,84,75,88,68,69,65,74,81,99,80
Em-5537,Tar ACR/GSR50 06-15 Rear A,3-D-5-5,9346140024010,02 Gold,83,100,10,7,11,9,12,10,11,5,13,13,15,14,8,15,10,16,18,9,7,13,7,12,16,16,12,18,27,23,17,17,16,9,28,15,23,20
Em-5538,Tarago ACR50 2.4L 06-on LH A,3-D-6-5,9346140026144,02 Gold,133,0,14,9,12,10,15,9,3,11,12,25,5,23,12,19,18,13,14,7,9,6,17,7,16,19,15,16,15,10,22,15,17,10,15,15,16,12
Em-5539B,"Tar ACR50,Rav 2.4L 06-on RH Hy",9-B-3-5,9346140025536,01 Platinum,349,0,29,40,47,37,31,40,19,23,29,24,41,48,56,51,47,47,49,23,20,23,31,27,30,49,43,59,27,63,63,44,37,35,35,44,42,38
Em-5540,Prado KZJ95 3.4L 96-03 Rear M,11-B-3-2,9346140015735,04 Bronze,40,0,1,0,0,0,0,0,0,0,0,0,0,1,0,0,1,0,0,0,1,0,1,2,1,0,0,0,0,2,2,0,0,0,0,0,0,0
Em-5541H,"Terri SX,SY 4.0L & Turbo F L/R",4-A-1-5,9346140015742,02 Gold,252,200,59,43,28,30,25,19,18,17,18,27,30,47,31,41,34,27,16,17,25,12,12,14,28,19,20,29,17,14,22,15,17,15,12,20,15,24
Em-5542G,MR2 SW20 2.0L 90-99 Rear Mtm,11-B-2-2,9346140015759,04 Bronze,0,5,0,0,0,2,0,0,0,0,0,0,0,1,0,0,0,0,0,0,0,0,0,0,0,0,0,0,0,0,0,0,0,0,0,0,0,0
Em-5543G,MR2 SW20 2.0L 90-99 LH Mtm,11-B-4-2,9346140015766,04 Bronze,0,,0,0,0,0,0,0,0,0,0,0,0,0,0,0,0,0,0,1,0,0,0,0,0,0,0,0,0,0,0,0,0,0,0,0,0,0
EM-5543RH*,12305-0Y260 Not for Aus cars,11-B-2-1,9346140043387,07 Not Classed,30,0,,,,,,,,,,,,,,,,,,,,,,,,,,,,,,,,,,,,
Em-5544G,MR2 ZZW30 1.8L 00-06 Front Mtm,11-B-4-2,9346140015773,05 No Sales FY25,2,0,0,0,1,1,0,-1,0,0,0,0,1,0,0,0,0,0,0,0,0,0,0,0,0,0,0,0,0,0,0,0,0,0,0,0,0,0
EM-5544LH*,23720Y380 LH NOT FOR AUS CARS,11-B-3-1,9346140048092,07 Not Classed,30,0,,,,,,,,,,,,,,,,,,,,,,,,,,,,,,,,,,,,
Em-5545G,MR2 ZZW30 1.8 Rear,11-B-5-2,9346140015780,05 No Sales FY25,0,2,0,0,1,1,0,0,0,0,0,0,0,0,0,0,0,0,0,0,0,0,0,0,0,0,0,0,0,0,0,0,1,0,0,0,0,1
EM-5545SB,,11-B-4-1,9346140048108,07 Not Classed,0,,,,,,,,,,,,,,,,,,,,,,,,,,,,,,,,,,,,,
Em-5546G,MR2 ZZW30 1.8L 00-06 LH mt Man,11-B-5-2,9346140015797,05 No Sales FY25,2,0,0,0,1,0,0,0,0,0,0,0,1,0,0,0,0,0,0,0,0,0,0,0,0,0,0,0,0,0,0,0,0,0,0,0,0,0
Em-5547G,MR2 ZZW30 1.8L 00-06 RH mt Man,11-B-5-2,9346140015803,05 No Sales FY25,1,0,0,0,1,0,0,0,0,0,0,0,1,0,1,0,0,0,0,0,0,0,0,0,0,0,0,0,0,0,0,0,0,0,0,0,1,0
Em-5548,Ford KA TA 1.3 99-03 Front Mtm,11-B-6-2,9346140015810,04 Bronze,18,0,0,0,1,1,0,0,0,0,0,0,0,0,0,0,0,0,0,0,0,0,1,0,0,0,0,0,0,0,0,0,0,1,0,0,0,2
Em-5549,"Fiesta,Maz 2 04-08 Rear S/bar",11-B-7-1,9346140015827,04 Bronze,125,0,1,1,3,-1,0,2,1,1,0,1,1,0,0,1,1,0,0,0,2,0,-2,0,1,0,0,0,1,5,0,0,1,1,3,0,-1,2
Em-5549B,Fiesta 04-15 Rear S/bar w/brac,11-B-8-2,9346140026151,03 Silver,86,0,1,9,2,5,4,2,3,8,6,7,15,14,10,11,9,7,9,3,6,4,8,6,4,7,8,9,6,10,3,4,3,6,9,2,7,5
Em-5550G,Camry MCV20 97-02 Rear Auto mt,11-B-9-5,9346140015834,04 Bronze,7,0,1,2,1,2,3,3,1,3,1,1,5,5,5,3,6,0,6,3,1,4,3,6,2,6,4,3,2,4,4,3,-1,4,4,4,3,2
Em-5551,"Rav4 GSA33,Tar GSR50 V6 Frnt",11-B-7-3,9346140029541,03 Silver,60,100,3,7,5,5,7,3,2,5,4,5,4,7,4,6,3,4,5,4,6,6,7,3,8,10,7,5,9,3,5,4,5,2,5,4,5,10
Em-5552,Tarago GSR50 3.5L 07-on Rear A,11-B-6-1,9346140048115,06 First Sale in FY26,9,0,0,0,0,0,0,0,0,0,0,0,0,0,0,0,0,0,0,0,0,0,0,0,0,0,0,0,0,0,0,0,0,0,0,0,0,1
Em-5552G,Tarago GSR50 3.5L 07-on Rear A,11-B-6-1A,9346140015858,07 Not Classed,2,0,,,,,,,,,,,,,,,,,,,,,,,,,,,,,,,,,,,,
Em-5553,Rav4 ACA20-23 00-03 LH Auto,11-B-8-1,9346140028025,04 Bronze,33,0,0,1,8,2,3,6,2,3,4,1,2,0,3,2,2,0,0,4,2,3,1,4,1,2,0,0,2,1,2,2,6,5,1,3,4,4
Em-5554H,Tarago GSR50 3.5 V6 07-on RH A,11-B-10-5,9346140039533,03 Silver,71,100,6,5,7,8,8,5,2,7,4,6,8,7,4,11,2,3,5,5,5,5,7,6,5,17,8,13,7,5,8,7,6,4,8,4,8,2
Em-5555,Lndcser FZJ105 4.5L 98-02 R Mt,11-B-9-1,9346140015889,04 Bronze,12,20,1,0,1,0,0,0,0,0,1,0,1,0,4,0,4,1,1,1,3,2,1,1,0,1,1,1,2,0,0,0,0,0,0,4,1,1
Em-5556L,Navara D22 3.2L 97-01 Front LH,11-B-9-2,9346140015896,07 Not Classed,87,0,,,,,,,,,,,,,,,,,,,,,,,,,,,,,,,,,,,,
Em-5556R,Navara D22 3.2L 97-01 Front RH,11-B-10-2,9346140016695,07 Not Classed,48,0,,,,,,,,,,,,,,,,,,,,,,,,,,,,,,,,,,,,
Em-5557,Yaris NCP90.91.93. 06- RH Mtm,11-B-10-1,9346140019061,04 Bronze,8,30,2,0,3,1,0,1,0,0,3,-1,0,2,0,1,2,0,2,0,0,2,1,4,2,0,2,5,2,-1,1,0,0,2,2,3,1,2
Em-5558,Cruze 1.8L 09-11 LH mount M,11-C-5-1,9346140015919,04 Bronze,9,0,0,0,0,0,0,0,0,0,0,0,0,0,1,0,0,0,0,0,1,0,0,0,0,0,0,0,0,0,1,0,0,0,0,0,0,0
Em-5559,Cruze JG 2.0TD 09-11 LH mnt,11-C-1-5,9346140015926,04 Bronze,51,0,0,0,0,0,0,0,0,0,0,0,0,0,1,0,0,0,1,-1,0,0,0,0,0,0,0,0,0,0,0,0,0,0,0,0,0,0
Em-5559B,"Cruze JG,JH 1.8L 09-14 LH A",12-C-7-5,9346140036433,04 Bronze,3,0,0,0,0,0,0,0,0,0,0,0,0,0,0,0,0,1,0,0,0,0,0,0,0,0,0,0,0,1,0,1,0,0,0,0,2,0
Em-5559C,"Astr PJ,BK,Cruz JH 12-20 LH M",11-C-10-5,9346140043820,04 Bronze,39,0,0,0,0,0,0,0,0,0,0,0,0,0,0,0,0,0,0,0,1,0,0,0,0,0,0,0,0,0,0,0,0,0,0,0,0,0
Em-5560H,Cruze 1.8L 09-11 RH Hydro mt A,11-C-3-5,9346140015933,04 Bronze,5,30,1,4,3,0,1,2,2,0,1,2,1,2,4,2,3,3,4,3,3,0,2,3,2,1,1,2,0,2,3,1,1,4,3,2,6,5
Em-5561,"A3,Beetle,Bora,Golf 97-04 RH",11-C-4-5,9346140015940,04 Bronze,35,0,1,1,2,-1,1,0,0,0,0,0,0,0,0,1,0,2,1,2,2,0,1,2,0,2,1,0,0,1,0,0,3,1,3,1,0,2
Em-5562,CRV RE4 2.4L 07-12  RH mount A,11-C-5-5,9346140015957,03 Silver,75,0,8,9,4,5,7,7,4,4,6,3,8,6,2,5,12,5,8,4,8,10,5,5,4,10,10,14,6,10,4,6,8,7,14,8,11,8
Em-5563,"Merc C180-250,E200 Rear Man",11-C-1-2,9346140015964,04 Bronze,15,0,-1,0,0,2,0,0,0,0,0,2,0,0,1,-1,0,0,0,0,0,1,0,-1,0,0,0,0,0,0,0,0,0,0,0,0,1,0
Em-5564H,"116i,118i,320i 05-on Front RH",11-C-1-1,9346140015971,04 Bronze,12,0,0,0,1,0,0,0,0,1,0,1,0,0,0,0,1,0,0,0,0,0,0,0,0,0,1,0,0,0,0,0,0,0,0,1,1,3
Em-5565H,"116i,118i,320i 05-on Front LH",11-C-2-1,9346140015988,04 Bronze,16,0,0,0,1,1,0,1,0,0,0,1,0,0,0,0,0,0,0,0,0,1,0,0,0,1,1,0,0,0,0,0,0,0,1,1,1,2
Em-5566H,"130i,325i,320i,335i Front L&R",11-C-2-2,9346140015995,04 Bronze,24,0,0,-2,8,0,0,2,2,0,0,2,0,0,0,0,0,0,0,0,0,1,4,1,0,0,0,0,2,0,0,0,2,0,0,0,0,-1
Em-5567,Maxima J32 3.5L 07-on Front A,11-C-6-5,9346140016008,04 Bronze,54,0,0,0,0,5,1,2,0,0,0,0,0,2,3,-1,1,0,2,0,0,3,0,0,0,0,2,3,0,2,3,3,2,0,3,3,1,1
Em-5567B,"Mur Z51,Path R52 3.5L Front Hy",11-C-9-3,9346140043738,04 Bronze,14,30,0,0,0,0,0,0,0,0,0,0,0,0,0,0,0,0,0,0,0,0,0,1,2,2,0,1,0,0,3,1,3,1,2,4,0,1
Em-5568,Maxima J32 3.5L 07-on Rear A,11-C-7-5,9346140016015,04 Bronze,27,0,0,0,0,2,2,0,0,0,1,0,0,2,0,0,0,1,1,0,0,2,0,0,0,0,1,0,0,3,1,2,0,3,2,0,1,2
Em-5569,Maxima J32 3.5L 07-on RH mt A,11-C-8-5,9346140016022,04 Bronze,13,30,1,4,2,4,3,1,4,2,0,-1,1,3,1,0,3,1,1,1,2,1,2,-1,0,-1,1,3,0,6,8,5,3,0,3,1,1,3
Em-5570,Maxima J32 3.5 07-on Rear buff,11-C-3-1,9346140016039,04 Bronze,29,0,2,0,1,0,0,1,1,-1,0,1,0,2,0,0,-1,0,1,0,1,0,0,0,1,0,1,0,0,0,1,3,0,0,0,1,0,7
Em-5571,"380 2.4,3.8L 04-08 Front mnt",11-C-3-2,9346140016046,04 Bronze,16,0,1,0,0,3,2,3,0,0,1,2,1,0,1,1,1,0,0,1,1,0,1,1,0,1,1,1,2,0,2,0,1,1,1,0,1,4
Em-5572,"380 2.4,3.8L 04-08 Rear mnt",11-C-4-1,9346140016053,04 Bronze,18,0,2,0,0,3,1,2,0,0,0,4,1,1,-1,3,2,0,0,0,0,1,2,1,0,1,2,1,2,1,1,0,0,3,1,0,1,4
Em-5573,Patrol GU 4.8L 01-12 Front LR,11-C-4-2,9346140016060,04 Bronze,39,0,0,0,0,0,0,10,0,3,0,0,0,10,0,0,0,2,0,10,0,0,0,20,0,0,2,20,0,0,10,0,16,4,10,4,16,0
Em-5574,"Supra,Soarer 91-02 Rear mnt At",11-C-5-2,9346140016077,04 Bronze,18,0,0,-1,1,1,0,0,0,0,1,0,0,0,0,2,1,-1,1,0,0,0,0,1,0,1,0,1,0,0,1,0,0,0,0,1,1,-1
Em-5575H,Peugeot 307 1.6L 06 RH Hydro M,11-C-5-1,9346140016084,04 Bronze,35,0,0,1,2,2,1,0,0,0,1,3,1,0,1,0,1,0,0,0,2,0,0,0,0,2,0,0,0,0,3,1,0,0,0,0,0,0
Em-5576H,Peugeot 307 2.0L 00 RH Hydro A,11-C-6-1,9346140016091,04 Bronze,26,0,0,0,0,2,2,2,2,1,1,0,3,1,0,0,1,2,1,1,3,0,1,2,1,0,1,3,0,0,0,0,2,4,0,0,1,1
Em-5577G,Prado KDJ120 3.0TD Front L/R,11-C-5-3,9346140016107,04 Bronze,0,,8,6,1,3,10,4,7,1,2,2,0,2,6,8,6,4,4,4,4,0,4,0,2,2,1,0,0,0,0,0,0,0,0,0,0,-1
Em-5577H,Prado KDJ120 3.0TD Front L/R,12-C-8-5,9346140043394,04 Bronze,220,0,0,0,0,0,0,0,0,0,0,0,0,0,0,0,0,0,0,0,0,0,0,0,0,2,13,3,2,12,4,13,6,6,4,14,7,12
Em-5578,Rav4 ACA33 2.4L 05-08 Rear Atm,11-C-7-1,9346140023860,03 Silver,95,0,8,6,7,6,6,9,2,4,6,7,6,11,7,6,4,8,8,5,2,2,2,3,5,11,3,12,13,9,15,6,5,5,2,13,5,3
Em-5579,Rav4 ACA33 2.4L 05-08 Rear Mtm,11-C-7-2,9346140043493,04 Bronze,23,0,0,0,0,0,0,0,0,0,0,0,0,0,0,0,0,0,2,0,0,1,0,0,1,-1,0,0,3,0,1,4,1,1,1,1,0,1
Em-5579G=EM-5579,Rav4 ACA33 2.4L 05-08 Rear Mtm,11-C-7-2,9346140016121,07 Not Classed,0,,,,,,,,,,,,,,,,,,,,,,,,,,,,,,,,,,,,,
Em-5580,Rav4 ACA38 2.4L 08-on Rear Atm,11-C-8-1,9346140027721,04 Bronze,3,100,0,5,2,2,1,3,1,0,0,1,1,2,1,3,5,0,0,2,0,0,2,2,3,2,2,1,1,1,2,2,1,6,2,7,5,1
Em-5581,Rav4 ACA38 2.4L 08-on Rear Mtm,11-C-8-2,9346140028063,04 Bronze,19,0,0,2,1,0,0,1,0,0,0,0,0,0,0,0,0,0,0,0,0,1,0,0,0,0,0,1,0,0,0,0,0,0,0,1,0,1
Em-5582,"Rav4 ACA30,33,38 LH mt Atm",11-C-9-1,9346140024003,02 Gold,157,0,14,11,13,15,7,10,6,11,11,8,13,11,18,22,18,12,19,5,8,16,19,8,10,18,10,18,23,17,20,15,9,16,20,18,19,13
Em-5582G =EM-5582,"Rav4 ACA30,33,38 LH mt Atm",11-C-9-1,9346140016152,07 Not Classed,0,,,,,,,,,,,,,,,,,,,,,,,,,,,,,,,,,,,,,
Em-5583,"Rav4 ACA33,38 2.4L 05-on LH M",11-C-9-2,9346140027844,04 Bronze,1,40,0,0,2,0,-1,1,0,0,0,3,0,1,0,1,2,0,0,0,0,0,0,0,0,2,0,0,2,1,4,3,0,1,0,1,1,0
Em-5584,Merc Sprinter 98-07 Front L/R,11-C-10-1,9346140016176,04 Bronze,40,0,0,0,2,0,0,-1,0,0,1,0,0,0,0,0,0,0,0,0,0,0,1,2,0,0,0,2,0,0,1,0,4,0,0,0,0,0
Em-5585,Merc Sprinter 98-07 Rear mount,11-C-10-2,9346140016183,04 Bronze,21,0,0,1,1,0,0,-2,0,3,1,1,0,0,1,0,0,1,0,0,1,0,0,1,1,2,0,1,1,0,0,1,2,1,0,1,0,0
Em-5586,"VW T4 2.0,2.4,2.5L 97-03 LH M",4-C-10-1,9346140016190,04 Bronze,2,10,0,0,0,0,0,-2,0,0,0,0,0,0,1,0,0,1,1,0,0,0,0,0,0,1,0,0,1,0,0,0,1,0,0,0,0,1
Em-5587H,VW T4 2.5 5cyl 97- LH Auto,4-D-7-5,9346140016206,04 Bronze,8,20,0,1,0,0,0,0,1,0,0,0,0,0,0,0,0,1,1,0,0,0,0,0,0,0,1,1,1,2,0,0,0,0,0,2,0,0
Em-5588,"Lacetti,Viva 1.8 05-07 F SBar",9-C-4-1,9346140016213,04 Bronze,3,10,0,0,0,0,1,0,0,0,0,1,1,0,0,0,0,0,0,1,0,1,-1,-1,0,0,1,0,0,2,0,0,0,0,0,1,0,0
Em-5589H,"Lacetti,Viva 1.8 05-on LH Hydr",9-C-5-1,9346140016220,04 Bronze,26,0,1,0,1,0,0,0,0,1,0,1,3,0,3,1,0,0,0,1,1,3,1,1,-1,0,2,0,0,3,0,0,0,0,0,0,0,0
Em-5590H,"Lacetti,Viva 1.8 05-on RH Hydr",9-C-6-1,9346140016237,04 Bronze,51,0,0,3,2,0,1,0,0,0,0,1,3,0,2,1,1,0,0,0,0,0,0,0,0,1,1,0,1,3,1,0,1,0,0,1,0,0
Em-5591,"Lacetti,Viva 1.8 05-on R T/Rod",9-C-7-2,9346140016244,04 Bronze,29,0,0,1,0,0,1,0,0,0,0,1,1,2,0,0,1,0,0,1,0,0,0,0,0,0,1,0,0,2,0,0,0,0,0,1,0,0
Em-5592H,"Accord CR2,CR6 13-19 RH Hydro",11-C-2-4,9346140042007,04 Bronze,46,0,0,0,0,0,1,2,1,0,3,0,0,1,1,0,0,0,0,1,1,0,0,0,1,0,1,0,1,1,0,0,0,1,0,1,1,2
Em-5593,Baleno 1.8L 96-01 RH mount,11-C-1-4,9346140016268,05 No Sales FY25,40,0,0,0,0,0,0,0,0,0,0,0,0,0,0,0,0,0,0,0,0,0,0,0,0,0,0,0,0,0,0,0,0,0,0,0,0,0
Em-5594,Prado KDJ120 Rear 4spd A & Mtm,11-C-1-3,9346140038451,04 Bronze,36,0,0,-2,1,2,0,2,1,4,4,0,0,-1,2,3,2,2,3,4,0,2,1,2,1,2,3,5,4,2,2,2,1,2,4,5,2,2
Em-5595,Prado KDJ120 3.0L Rear 5spd At,11-C-2-3,9346140038444,04 Bronze,28,60,1,1,3,0,1,0,1,2,2,0,2,0,1,4,7,0,2,3,2,2,2,2,0,1,9,4,2,5,1,1,5,2,5,3,0,8
Em-5596,Kia G/Carnival V6 3.8 Front A,11-C-3-3,9346140037898,04 Bronze,15,100,2,1,1,1,1,0,3,1,1,0,0,0,1,4,1,2,1,1,3,0,2,0,2,4,1,2,1,2,2,2,0,2,2,2,2,1
Em-5597,Kia G/Carnival V6 3.8 Rear A,11-C-3-4,9346140037904,04 Bronze,18,100,1,1,2,1,0,0,3,1,2,1,0,0,3,3,1,1,1,1,2,1,3,0,3,4,1,2,2,3,2,2,0,1,3,4,1,2
Em-5598,Kia G/Carnival 3.8L V6 RH Auto,11-C-4-3,9346140037911,04 Bronze,38,50,2,0,4,5,6,0,1,2,4,0,1,1,3,3,2,1,1,0,1,1,1,1,4,5,1,1,0,1,4,1,0,1,2,4,2,1
Em-5599,Kia G/Carnival 3.8L V6 LH mt,11-C-4-4,9346140037928,04 Bronze,21,50,2,3,3,1,3,0,1,0,2,0,0,1,1,4,0,0,2,0,1,0,1,1,2,2,1,1,0,2,1,1,0,2,3,2,1,0
Em-5599G,Kia G/Carnival 3.8L V6 LH mt,11-C-4-B,9346140016336,04 Bronze,9,0,0,0,0,0,0,0,0,0,0,0,0,0,0,0,0,0,1,0,0,-1,1,0,0,1,0,0,0,0,0,0,0,0,0,0,0,0
Em-5600,Tacuma U100 2.0L 00-04 S/Bar,11-C-5-4,9346140016343,05 No Sales FY25,35,0,0,0,0,0,0,0,0,0,0,1,0,0,0,0,0,0,0,0,0,0,0,0,0,0,0,0,0,0,0,0,0,0,0,0,0,0
Em-5601H,Falcon FG 4.0L 08-on Front L/R,5-A-2-5,9346140016350,02 Gold,67,300,20,37,37,19,22,26,26,23,14,14,16,9,13,22,30,24,21,28,14,20,28,12,11,8,19,19,15,24,14,5,21,38,22,40,49,60
Em-5603H=EM-5603HB,"Yaris NCP9# 1.3,1.5L 06- RH At",11-C-6-3,9346140018811,04 Bronze,0,,0,0,0,0,0,0,0,0,0,0,0,0,0,0,0,0,0,0,0,1,0,1,0,0,0,0,0,0,0,0,0,0,0,0,0,0
Em-5603HB,"Yaris NCP9# 1.3,1.5L 06- RH At",11-C-6-3,9346140043806,03 Silver,57,100,0,0,0,0,0,0,0,0,0,0,0,0,2,1,1,2,5,1,2,10,1,14,5,13,10,8,5,20,19,10,8,18,5,13,13,10
Em-5604,Yaris NCP#9 05-07 S/Bar Mtm,11-C-7-4,9346140021255,04 Bronze,29,0,0,0,1,0,0,1,0,2,3,0,0,1,1,0,1,0,0,0,2,0,2,0,2,0,0,0,0,0,0,0,0,2,1,0,1,1
Em-5604G,Yaris NCP#9 05-07 S/Bar Mtm,11-C-6-4,9346140016381,05 No Sales FY25,2,0,1,0,0,1,-1,0,0,0,0,0,0,0,0,0,0,0,0,0,0,0,0,0,0,0,0,0,0,0,0,0,0,0,0,1,0,0
Em-5605,Prad GRJ120/150 V6 03-09 F L/R,11-C-7-3,9346140019481,04 Bronze,27,30,2,0,2,2,0,1,6,1,4,0,1,0,2,2,2,0,0,2,2,0,3,3,1,2,0,4,0,6,0,2,0,2,0,6,4,2
Em-5606,Hiace KDH220-223 05-on Frnt LR,11-C-8-3,9346140016404,03 Silver,197,0,6,4,2,11,1,2,19,6,10,8,10,4,4,2,2,6,4,4,2,4,9,5,9,-2,8,7,8,14,8,4,2,3,4,10,7,6
Em-5607,Hiace KDH220-223 05-on Rear mt,11-C-8-4,9346140016442,04 Bronze,90,0,3,2,1,2,5,3,3,0,2,3,2,3,5,3,4,1,4,0,0,0,3,1,1,0,3,0,1,2,6,1,1,2,2,3,2,7
Em-5608,Peugeot 306 1.8 1.9 2.0 LH mt,3-A-3-3,9346140016435,04 Bronze,26,0,0,3,0,2,1,0,0,1,1,-1,1,1,0,0,2,1,1,1,0,1,1,3,0,2,5,2,0,0,4,0,1,2,0,0,1,0
Em-5609,"Econo JG,JH,Maz E1800 Rear mt",3-A-4-4,9346140016466,04 Bronze,92,0,1,0,1,1,0,0,0,0,0,0,0,1,0,0,0,1,0,1,0,0,0,1,1,1,2,0,1,0,0,0,0,0,0,0,0,1
Em-5610H,Tiida C11 1.8L 05-10 RH Hydro,11-C-9-5,9346140016473,04 Bronze,78,0,3,1,6,8,1,5,4,6,4,3,3,9,7,2,5,4,7,0,1,2,3,1,7,5,6,3,4,1,3,7,5,5,2,3,0,5
Em-5611,Kia Mentor 1.8L 00-02 Rear Mtm,11-C-9-4,9346140016480,04 Bronze,5,0,0,0,0,0,0,0,0,0,0,0,0,0,0,0,0,0,0,0,1,0,0,0,0,0,0,0,0,0,0,0,0,0,0,0,0,0
Em-5612H (NIL),Audi 80-100 89-92 Front L/R,11-C-9-3,9346140016497,07 Not Classed,0,,,,,,,,,,,,,,,,,,,,,,,,,,,,,,,,,,,,,
Em-5613H,VW Polo 02-10 RH Hydro mnt,11-C-10-3,9346140016503,04 Bronze,31,100,3,0,0,0,2,2,1,1,3,2,3,2,0,2,6,2,5,2,2,3,4,0,2,5,0,5,3,5,5,6,4,3,3,4,6,7
Em-5614H=EM-5613H,Polo RH-Superceded to EM-5613H,11-C-10-3,9346140016510,07 Not Classed,0,,,,,,,,,,,,,,,,,,,,,,,,,,,,,,,,,,,,,
Em-5615,VW Polo 1.4L 02-06 Rear SBar A,11-C-10-4,9346140016527,04 Bronze,10,50,0,0,1,1,1,1,3,1,0,0,0,0,0,0,2,0,1,2,0,0,2,0,1,0,2,3,2,0,4,1,0,6,2,2,4,2
Em-5616,VW Polo 1.4L 02-07 Rear SBar M,12-C-10-2,9346140016534,04 Bronze,1,30,2,0,1,0,0,0,1,0,0,0,0,0,0,0,1,0,0,0,0,0,0,3,0,1,1,1,2,1,2,1,1,0,2,2,1,1
Em-5617H,Discovery 2 TD5 99-02 Front LR,12-C-10-1,9346140016541,04 Bronze,23,30,0,0,0,2,4,2,2,0,0,0,0,2,2,0,2,0,2,6,5,1,2,0,0,0,0,2,0,0,1,0,4,0,2,0,0,0
Em-5618H,Range Rover 4.4L 02-07 Front L,12-C-9-1,9346140016558,05 No Sales FY25,17,0,1,0,0,0,0,0,0,0,0,0,0,0,0,0,0,0,0,0,0,0,0,0,0,0,0,0,0,0,0,0,0,0,0,0,0,0
Em-5619H,Range Rover 4.4L 02-07 Front R,12-C-9-2,9346140016565,04 Bronze,19,0,0,0,0,0,0,0,0,0,0,0,0,0,0,0,0,0,0,0,0,0,0,0,0,1,-1,0,0,0,0,0,0,0,0,0,0,0
Em-5620,"Swift 1.5,1.6L 04-10 Rear mt",12-C-10-5,9346140016572,03 Silver,144,0,2,1,3,7,7,8,5,2,5,4,5,10,5,5,6,7,6,10,2,7,5,1,5,2,5,4,5,7,7,8,5,2,4,12,6,14
Em-5621,"Swift 1.5,1.6L 04-10 RH mt",12-C-9-5,9346140016589,02 Gold,169,0,31,40,30,30,13,12,19,12,32,25,20,30,23,25,27,22,17,14,10,23,16,33,24,24,33,35,22,16,18,28,21,8,19,29,24,31
Em-5622,Lndcru HZJ105 4.2L 98-07 F L/R,12-C-8-1,9346140016596,04 Bronze,35,0,2,-1,2,0,0,0,0,0,0,0,0,2,0,2,2,0,2,0,0,3,2,0,0,0,3,4,2,0,0,2,3,4,2,0,2,4
Em-5623,"Escape,Tribute V6 01-05 Fr Low",12-C-8-2,9346140016602,04 Bronze,210,0,0,2,2,1,0,0,1,0,0,1,0,3,0,0,0,1,0,0,1,0,6,1,0,4,1,0,1,1,0,-5,0,1,2,6,1,4
Em-5624,Mazda 2 1.5L 07-on LH mnt At,12-C-7-1,9346140016619,02 Gold,15,300,15,18,20,10,14,7,8,8,12,4,10,19,23,25,22,18,13,11,10,6,15,6,10,20,20,26,10,18,12,15,10,24,13,16,21,12
Em-5624BR,Mazda 2 1.5 07-on LH bracket A,12-C-7-2,9346140016626,04 Bronze,0,,0,0,0,0,0,0,0,0,0,0,0,1,0,0,0,0,0,0,0,0,0,0,0,1,0,0,0,0,0,0,0,0,0,0,0,0
Em-5625,Mazda 2 1.5L 07-on LH mnt Mtm,12-C-6-1,9346140016633,04 Bronze,18,50,3,5,3,6,4,3,2,0,3,5,3,3,2,10,4,2,6,2,3,0,0,2,8,5,6,4,10,11,6,7,4,1,7,1,10,13
Em-5625BR,Mazda 2 1.5 07-on LH bracket M,12-C-6-G,9346140016640,04 Bronze,6,0,0,0,0,0,0,0,0,0,0,0,0,0,0,0,1,0,0,0,0,0,0,0,0,1,0,0,0,0,0,0,0,0,0,0,0,0
Em-5626H,Mazda 2 1.5L 07-on RH  A&M,12-A-2-5,9346140023808,01 Platinum,241,400,101,117,100,87,84,59,66,52,46,61,59,138,79,120,89,61,75,42,36,50,67,54,74,65,115,124,100,76,64,58,43,57,53,67,80,99
Em-5628,Mazda 2 1.5L 07-on Rear Sbar A,12-C-5-1,9346140016671,02 Gold,169,100,11,20,23,15,18,16,14,20,8,9,15,20,25,33,28,15,19,12,8,13,14,10,22,11,21,31,17,19,19,22,9,24,18,22,23,18
Em-5629,Mazda 2 1.5L 07-on Rear Sbar M,12-C-5-2,9346140019092,03 Silver,121,100,10,8,7,6,6,5,4,2,6,8,6,12,7,14,5,7,8,1,4,2,4,5,11,3,9,10,13,7,8,10,7,3,10,6,15,19
Em-5630,"Triton ML 3.2,3.5 06-09 Rear M",12-C-6-5,9346140019139,04 Bronze,63,0,0,3,1,3,7,5,0,1,3,1,1,2,2,3,4,5,3,1,3,1,4,0,2,4,1,2,3,3,2,4,3,2,4,1,1,4
Em-5631,Lndcser HDJ100 4.2 Rear 5Spd A,12-C-4-2,9346140042410,04 Bronze,62,20,1,2,0,1,0,1,0,1,0,0,0,0,0,1,1,0,0,0,1,1,1,0,1,0,1,1,0,0,0,1,0,0,2,1,0,0
Em-5632H,Mazda 2 1.5L 02-07 RH Hydro mt,12-C-5-5,9346140019115,03 Silver,92,0,7,11,11,8,11,5,4,12,7,8,12,9,2,5,5,5,3,4,8,8,8,4,10,6,6,13,4,7,8,7,10,8,10,19,9,4
Em-5633,"Maz2 DY/ Fies WP,WQ 02-09 LH",12-C-4-1,9346140019122,04 Bronze,44,0,1,3,1,2,1,1,1,2,2,4,2,4,1,2,3,0,3,2,3,1,1,-1,2,1,3,3,2,4,1,4,2,2,5,3,2,0
Em-5634,G.Vitara Front L/R mount,12-C-3-2,9346140019184,04 Bronze,55,0,0,2,3,0,-2,0,0,0,0,6,0,0,2,0,0,1,2,0,0,0,2,8,2,0,0,4,1,0,0,2,2,0,3,3,2,4
Em-5635,"C70,S60,S80,XC70,XC90 R Upper",12-C-3-1,9346140019191,04 Bronze,61,0,2,1,0,1,3,1,1,0,1,0,2,0,2,2,0,1,1,0,0,0,0,0,3,0,0,1,1,0,1,0,0,1,1,0,0,0
Em-5636,"Volvo C/V70,S60-80 Fr/Low All",12-C-2-2,9346140019207,04 Bronze,37,0,4,3,2,2,4,2,1,4,3,3,1,2,0,3,2,2,2,3,4,3,1,3,4,3,2,2,3,3,2,0,3,3,2,3,3,2
Em-5637,"Cruze JG,JH 1.8L 09-13 Front M",12-C-2-1,9346140019214,04 Bronze,21,0,0,0,0,1,2,-1,0,0,0,0,1,0,2,-1,0,1,0,0,1,0,0,0,0,3,0,1,0,0,1,0,0,0,0,1,1,0
Em-5638,Astra AH 04-10 LH mnt A&M,12-C-1-2,9346140019221,04 Bronze,7,50,-2,5,2,5,2,0,0,3,3,1,0,2,2,1,1,0,2,1,3,6,0,1,2,3,2,5,1,2,4,2,2,2,2,3,0,2
Em-5639H (NIL),Focus ST170 02-05 RH Hydro mt,12-C-1-1,9346140019238,07 Not Classed,0,,,,,,,,,,,,,,,,,,,,,,,,,,,,,,,,,,,,,
Em-5640,Voyager 3.3L V6 01-08 LH mt At,12-C-4-5,9346140019245,05 No Sales FY25,20,0,0,0,0,0,0,0,0,-1,0,0,0,0,0,0,0,0,0,0,0,0,0,0,0,0,0,0,0,0,0,1,1,0,0,0,0,0
Em-5641,Comm VE V6 Rear 4Spd At mt,12-C-10-3,9346140019252,04 Bronze,1,100,-2,4,3,3,1,2,0,3,1,-1,1,3,1,1,4,-1,2,1,1,4,2,6,4,6,4,2,1,3,9,6,1,1,9,2,3,9
Em-5642,Comm VE V6/8 Rear 5&6Spd At mt,12-C-9-3,9346140019269,03 Silver,271,0,5,6,12,9,6,6,4,4,5,13,7,11,10,12,10,5,5,11,3,6,7,12,3,9,6,8,10,10,6,7,6,3,12,11,5,9
Em-5643H,"A4,A5,Q5 Front L/R Hydro mt",12-C-10-4,9346140019276,04 Bronze,36,0,-4,5,6,2,4,0,1,2,0,2,1,1,1,4,2,2,1,1,3,4,2,6,1,0,2,8,4,0,4,0,3,1,4,6,10,0
Em-5644S,"A4,A5,S5,Q5 Front L/R w/sensor",12-C-9-4,9346140018828,03 Silver,120,0,9,6,11,5,12,2,2,1,4,0,3,4,0,7,5,3,4,4,1,8,1,6,7,4,1,11,9,4,7,7,1,0,7,9,9,0
Em-5645,"Hyu Lantra,Lavita 1.8 01-04 Fr",12-C-8-4,9346140018835,04 Bronze,75,0,1,0,1,1,0,0,0,0,0,0,0,0,1,0,0,0,0,0,0,0,0,0,0,0,1,0,1,0,0,0,0,1,0,0,0,0
Em-5646,"Elantra HD,i30 06-13 Front A&M",12-C-7-4,9346140018842,03 Silver,197,50,6,9,4,5,9,9,8,7,7,12,11,6,11,6,13,9,8,1,0,0,0,0,0,11,12,17,8,10,7,12,4,12,9,10,10,7
Em-5647,Hyundai i30 06-13 Rear mt A,12-C-8-3,9346140018859,03 Silver,104,0,5,11,4,9,13,7,13,12,5,8,1,0,7,12,15,7,6,9,10,1,9,7,13,9,9,14,12,10,10,12,12,11,10,10,13,12
Em-5648,Hyundai i30 06-13 Rear mt M,12-C-7-3,9346140018866,03 Silver,64,0,8,4,3,2,3,5,4,-1,10,6,6,6,6,4,9,3,8,1,4,2,5,4,7,1,7,4,6,6,3,5,5,5,9,5,4,12
Em-5649H,"Elantra HD,i30 06-13 RH mt A&M",9-A-5-2,9346140018873,02 Gold,187,160,22,47,29,31,34,20,17,16,19,30,26,23,32,32,36,20,24,24,13,22,22,25,33,24,35,50,31,32,16,40,24,23,30,33,28,32
Em-5650,"Elan HD,i30 1.6L 06-13 LH mt",12-C-6-3,9346140018880,04 Bronze,54,50,2,4,1,-1,2,1,1,2,4,3,5,2,1,1,2,2,2,2,0,1,4,3,2,3,4,2,1,5,4,1,0,1,2,5,5,3
Em-5651,"Elan HD,i30 2.0L 06-13 LH mt",12-C-5-3,9346140018897,03 Silver,28,100,4,10,3,7,7,6,4,2,5,6,5,3,9,6,8,9,5,5,9,2,4,6,7,5,10,12,2,8,2,5,5,7,8,11,4,7
Em-5652H,Chry 300C 3.5L Front L&R Hydro,12-C-4-3,9346140018903,04 Bronze,29,0,0,0,2,0,0,0,0,0,2,0,0,0,0,0,0,0,2,0,0,0,0,0,0,0,0,0,0,0,0,0,0,0,0,0,2,0
Em-5653,Chry 300C 3.5L 05-12 Rear Mt,12-C-5-4,9346140018910,04 Bronze,9,0,1,1,-1,0,0,0,0,0,2,3,0,-1,0,2,-1,0,2,0,-1,0,1,0,0,0,1,0,1,0,0,0,0,0,0,1,2,2
Em-5654,Mazda 6 RF Turbo Diesel Rear,12-C-3-3,9346140018927,05 No Sales FY25,21,0,0,0,0,1,0,-1,0,0,0,0,0,0,0,0,0,0,0,0,0,0,0,0,0,0,0,0,0,0,0,0,1,0,0,0,1,0
Em-5655,"Chaser,Cresta,Crown 92-98 Rear",12-C-4-4,9346140017500,07 Not Classed,12,0,,,,,,,,,,,,,,,,,,,,,,,,,,,,,,,,,,,,
Em-5656H,Accord 2.4L 08-13 LH Upper Mt,12-C-3-4,9346140020029,04 Bronze,31,50,4,1,2,7,4,5,4,1,2,2,5,6,1,4,3,3,3,3,2,3,4,5,4,1,5,6,8,4,2,1,3,1,3,6,6,4
Em-5657,Accord 2.4L 08-13 LH Lower Mt,12-C-2-4,9346140020036,04 Bronze,15,50,0,1,5,4,1,1,5,1,3,2,3,4,1,1,3,4,-2,1,1,4,2,9,2,4,3,2,3,3,0,0,5,1,2,8,3,3
Em-5658H,Accord 2.4L 08-13 RH Hydro Mt,12-C-2-3,9346140020043,03 Silver,64,0,8,6,5,7,4,8,9,2,7,12,16,15,3,7,10,11,8,9,5,4,8,7,4,6,8,14,10,7,7,3,5,2,5,9,13,13
Em-5659H,Accord CP3 3.5L 08-on RH Hydro,12-C-1-3,9346140020050,04 Bronze,10,20,0,0,0,0,0,-1,1,0,0,1,1,0,-1,0,0,1,1,0,0,0,0,0,1,0,0,1,0,0,0,1,0,0,0,0,0,0
Em-5660,"Civic,CRV 2.0L 06-13 Front Mtm",12-C-3-5,9346140020067,04 Bronze,24,0,0,0,1,0,0,1,0,0,1,1,0,1,1,-1,1,0,1,-1,0,1,2,1,3,0,1,0,2,0,1,-1,1,1,1,0,5,2
Em-5661,CRV 2.4L 07-13 RH Upper T/R At,12-C-1-4,9346140020074,04 Bronze,93,0,2,2,4,0,1,4,1,4,4,-1,0,0,2,1,4,5,3,3,0,3,0,4,3,2,6,3,3,2,1,3,6,7,1,5,2,3
Em-5662,CRV 2.4 07-13 Rear Lower TR At,12-B-10-1,9346140020081,02 Gold,91,100,20,18,9,11,13,17,14,8,11,7,18,11,21,26,16,11,13,20,6,20,15,13,20,20,25,26,17,20,20,19,17,17,16,28,21,23
Em-5663,CRV RE4 2.4L 07-13 LH mount At,12-B-10-2,9346140020098,04 Bronze,89,0,3,6,2,4,3,2,3,2,2,0,0,2,2,4,4,4,3,1,1,7,4,4,2,2,2,8,4,2,3,3,4,2,1,8,1,5
Em-5664,CRV 2.4L 07-13 LH mount Mtm,12-C-2-5,9346140020104,04 Bronze,15,0,0,1,0,0,0,2,0,0,1,0,0,1,0,0,0,1,0,0,0,0,0,1,2,1,0,0,0,1,1,0,0,1,0,0,2,0
Em-5665,CRV 2.4L 07-13 RH Up T/Rod Mtm,12-B-9-1,9346140020111,04 Bronze,55,0,0,0,0,0,0,0,0,0,1,0,0,0,0,0,0,0,0,0,0,0,-1,0,2,0,0,0,0,1,1,2,0,1,0,-1,3,0
Em-5666,CRV 2.4 07-13 Rear Lwer TR Mtm,12-B-9-2,9346140020128,04 Bronze,0,60,0,0,0,1,0,1,2,0,0,0,1,0,-1,1,0,0,0,0,0,0,0,0,2,1,1,1,0,0,0,0,2,0,1,1,0,1
Em-5667H,"City,Jazz 1.3,1.5L 09-on RH mt",12-B-8-2,9346140020135,04 Bronze,82,0,3,1,3,1,4,0,2,1,1,0,3,1,3,1,3,1,2,3,1,1,2,3,7,4,3,7,4,6,3,0,1,2,1,3,2,5
Em-5668,Pajero iO 2.0L 01-02 Front RH,12-C-1-5,9346140020142,04 Bronze,10,0,1,0,1,0,1,1,0,0,1,0,0,0,1,0,0,0,0,0,0,0,1,-1,0,1,0,1,1,0,1,1,0,1,1,0,0,2
Em-5669,Pajero iO 2.0L 01-02 Front LH,12-B-10-5,9346140020159,04 Bronze,10,0,1,0,1,0,1,0,0,0,1,0,0,0,1,0,1,0,0,0,1,0,0,0,0,1,0,1,1,0,1,1,1,1,1,0,0,2
Em-5670,Pajero iO 2.0L 01-02 Rear RH M,12-B-7-1B,9346140020166,04 Bronze,6,0,0,0,0,1,0,-1,0,0,1,0,0,0,0,0,0,0,0,0,0,0,1,0,0,0,0,0,0,0,1,1,0,0,0,0,0,0
Em-5671,Pajero iO 2.0L 01-02 Rear LH M,12-B-7-1A,9346140020173,05 No Sales FY25,6,0,0,0,0,2,0,-2,0,0,0,0,0,0,0,0,0,0,0,0,0,0,0,0,0,0,0,0,0,0,1,1,0,0,0,0,0,0
Em-5672,Pajero iO 2.0L 01-02 Rear Mt A,12-B-7-2,9346140020180,04 Bronze,22,0,0,0,0,0,0,-1,0,0,0,0,0,0,0,0,0,0,0,1,0,0,0,0,0,0,2,0,0,0,0,0,0,1,0,0,0,0
Em-5673,"350GT, 350Z V6 02-07 Front L/R",12-B-6-1,9346140020197,04 Bronze,16,0,5,2,4,2,2,2,0,2,2,-1,0,0,0,3,2,4,0,3,0,4,0,0,0,0,2,0,0,0,1,0,0,2,1,0,2,6
Em-5674,Nissan 350Z V6 02-07 Rear mt,12-B-6-2,9346140020203,04 Bronze,7,0,1,0,0,0,1,-2,0,2,0,0,0,0,0,0,0,1,0,0,0,1,0,0,0,0,0,0,0,0,0,0,0,1,0,0,0,0
Em-5675,"Maxi J31,Murano Z50 05-09 LH A",12-B-5-1,9346140020210,04 Bronze,28,0,0,3,2,1,3,0,2,0,0,2,1,1,0,0,1,0,0,3,0,-1,1,0,0,0,0,0,1,1,1,0,0,1,0,0,1,2
Em-5676H,Maz SP23 BK 2.3L 07-09 RH mt,12-B-9-5,9346140020227,02 Gold,172,0,15,18,27,26,14,20,15,12,22,23,21,18,18,28,13,15,17,16,11,19,17,10,20,19,19,16,9,10,19,18,12,13,22,16,12,24
Em-5677H,Mazda CX7 06-15 RH Hyd,12-B-5-2,9346140020234,02 Gold,165,0,5,24,14,8,21,8,17,15,13,16,8,16,17,11,25,6,19,5,12,18,20,19,10,11,19,13,12,12,9,12,11,13,11,12,14,14
Em-5678,Mazda CX7 2.3L 06-12 LH All,12-B-4-1,9346140020241,04 Bronze,45,0,0,1,1,0,1,1,1,0,3,3,-1,0,2,1,0,0,3,1,0,0,1,3,0,0,0,1,3,1,0,3,2,0,1,1,3,0
Em-5679,"Mazda CX7,CX9 06-14 Rear S/Bar",12-B-4-2,9346140020258,02 Gold,241,0,15,17,28,30,26,18,20,16,18,16,17,38,16,31,24,14,20,16,22,15,19,23,22,22,10,23,23,20,21,17,9,22,26,24,25,17
Em-5680H,Mazda CX9 3.7L V6 07-15 RH At,12-B-3-1,9346140020265,03 Silver,74,0,6,10,13,12,11,5,3,7,3,4,4,10,7,9,7,5,7,7,8,6,6,4,10,10,9,9,3,3,12,11,6,7,10,8,8,5
Em-5681,Maz CX9 3.7L V6 07-15 LH mt,12-B-3-2,9346140023532,03 Silver,24,0,3,8,6,9,7,4,4,3,3,3,4,8,4,8,5,5,2,5,8,8,2,3,4,6,4,6,1,3,7,7,7,6,8,7,8,6
Em-5682,Mazda CX9 07-09 Rear S/Bar,12-B-2-1,9346140026083,04 Bronze,116,0,5,2,6,3,8,2,2,6,2,-4,2,5,6,10,2,6,2,5,2,6,4,0,1,1,3,3,3,3,6,4,3,0,1,8,-1,1
Em-5683=EM-5633,"Fies WP,WQ-Superceded EM-5633",12-B-2-2,9346140020296,04 Bronze,0,,0,0,0,0,0,0,0,0,0,0,0,0,0,0,0,0,0,0,0,0,-2,0,0,0,0,0,0,0,0,0,0,0,0,0,0,0
Em-5684,"Hon City,Jazz 1.5L 08-14 LH At",12-B-1-1,9346140020302,04 Bronze,20,0,2,0,1,1,2,1,1,2,2,0,1,3,2,1,1,0,1,1,0,0,3,2,1,4,1,2,1,2,0,0,0,0,2,1,1,0
Em-5685H,Honda MDX 3.5L V6 02-06 Front,12-B-8-5,9346140020319,04 Bronze,52,0,0,0,1,0,0,1,1,0,1,0,0,0,1,1,1,0,0,0,0,0,0,1,1,0,1,0,1,1,0,1,1,0,2,0,1,1
Em-5686,PT Cruiser 2.4L 04-09 RH S/bar,12-B-1-2,9346140020326,04 Bronze,27,0,0,0,0,3,1,2,2,2,0,3,3,0,1,1,0,1,3,0,0,0,0,0,3,0,2,0,0,1,0,1,0,1,0,1,2,0
Em-5687,"Path R51,Nav D40 05-on Frnt LR",12-B-7-5,9346140020333,04 Bronze,70,0,2,2,2,0,2,2,6,0,0,0,0,2,0,0,0,4,0,2,0,0,0,0,0,2,2,0,0,0,6,0,-3,0,0,4,0,0
Em-5688,Grand Vitara 05-08 Rear mt,12-B-10-4,9346140020340,04 Bronze,9,50,0,2,1,1,1,0,1,0,2,1,0,0,0,2,0,4,2,0,1,0,1,1,2,0,2,1,0,0,2,3,0,2,2,3,0,1
Em-5689,"Liberty,Outback 98-06 Front LH",12-B-10-3,9346140020357,04 Bronze,11,0,1,1,2,1,3,-1,1,0,0,0,0,0,0,0,1,0,0,1,0,0,0,0,1,0,2,0,2,1,1,3,2,0,1,1,0,0
Em-5690,"Liberty,Outback 98-06 Front RH",12-B-9-3,9346140020364,04 Bronze,10,0,1,1,2,1,2,-1,0,0,0,0,0,0,1,0,0,0,0,1,0,0,0,0,0,0,2,0,2,1,1,3,2,0,1,1,0,0
Em-5691,"Captiva 2.0,3.2L 07-11 Frnt mt",12-B-8-3,9346140025420,04 Bronze,50,0,5,3,1,3,3,5,3,2,7,3,7,3,1,2,0,4,4,1,3,0,1,2,1,2,4,5,0,4,1,1,1,2,1,4,0,1
Em-5692,"Captiva 2.0,2.4,3.2 07-12 Rear",12-B-7-3,9346140027783,04 Bronze,49,0,1,5,-1,5,1,3,3,5,6,7,8,3,3,2,1,2,0,1,3,2,0,1,0,0,3,3,6,4,1,0,2,2,3,-1,0,2
Em-5693,"Captiva 2.0, 3.2L 06-11 LH mt",12-B-6-3,9346140029558,04 Bronze,22,0,1,1,0,3,1,3,0,8,2,3,2,-1,0,0,0,2,0,1,4,0,0,0,0,0,0,0,5,2,-4,0,1,0,2,1,0,1
Em-5693G,"Captiva 2.0, 3.2L 06-11 LH mt",12-B-6-4,9346140020401,07 Not Classed,17,0,,,,,,,,,,,,,,,,,,,,,,,,,,,,,,,,,,,,
Em-5694,Captiva 2.0D 07-11 RH mnt A&M,12-B-5-3,9346140027820,04 Bronze,75,0,0,2,2,3,0,0,0,0,0,1,0,1,0,0,0,1,0,1,1,1,1,0,2,0,0,0,0,2,0,0,1,0,1,0,2,0
Em-5694G,Captiva 2.0D 07-11 RH mnt A&M,12-B-9-4,9346140020418,06 First Sale in FY26,0,,0,0,0,0,0,0,0,0,0,0,0,0,0,0,0,0,0,0,0,0,0,0,0,0,0,0,0,0,0,0,0,0,1,0,0,0
Em-5695,Captiva 2.2D 11-14 Front mt At,12-B-8-4,9346140039014,04 Bronze,23,0,2,4,4,1,2,2,0,2,1,3,2,1,-1,3,4,-2,3,0,0,0,2,3,1,3,5,4,3,3,1,4,0,2,0,4,6,5
Em-5696G,Captiva 2.2L 11-14 Front mt M,12-B-7-4,9346140020432,04 Bronze,23,0,0,0,0,0,0,-1,0,0,0,0,0,0,0,0,0,1,0,0,0,0,0,0,0,2,-1,0,0,1,-1,0,0,0,0,1,0,0
Em-5697,Captiva 2.2D 11-14 Rear mt A&M,12-A-10-5,9346140039021,04 Bronze,102,0,2,0,2,3,2,5,-1,2,3,7,2,8,2,6,0,3,2,7,0,2,3,2,2,10,6,6,11,7,3,6,1,9,3,5,3,10
Em-5698,Captiva 2.2D 11-14 LH mt Auto,12-B-6-5,9346140040416,04 Bronze,72,0,2,2,2,1,0,4,-1,0,1,6,0,3,0,2,1,3,2,1,1,0,2,1,2,2,5,5,3,4,1,4,0,2,5,3,5,10
Em-5698G=EM-5698,Captiva 2.2D 11-14 LH mt Auto,12-B-6-5,9346140020456,07 Not Classed,0,,,,,,,,,,,,,,,,,,,,,,,,,,,,,,,,,,,,,
Em-5699G,Captiva 2.2D 11-14 LH mt Man.,12-B-5-5,9346140020463,04 Bronze,22,0,0,0,0,0,0,-1,0,0,0,0,0,0,0,0,1,1,0,0,0,0,0,0,0,0,0,0,0,0,0,0,0,0,0,0,0,0
Em-5700,Captiva 2.2D 11-14 RH mt A&M,12-B-4-5,9346140037959,03 Silver,158,0,16,13,15,13,4,20,0,4,5,6,7,14,9,12,14,9,9,2,2,1,4,7,6,10,7,12,7,12,1,6,0,5,3,7,12,11
Em-5701,Captiva 2.4L 09-12 Front mt M,12-B-3-5,9346140039540,04 Bronze,28,0,0,0,2,0,0,0,0,2,0,1,0,1,1,3,-1,1,1,0,1,0,0,1,1,0,0,1,2,-1,1,0,0,0,1,0,1,0
Em-5701G=EM-5701,Captiva 2.4L 09-12 Front mt M,12-B-3-5,9346140020487,07 Not Classed,0,,,,,,,,,,,,,,,,,,,,,,,,,,,,,,,,,,,,,
Em-5702,Captiva 2.4L 09-12 LH mt Man,12-B-2-5,9346140037966,04 Bronze,24,0,0,0,0,0,0,0,0,0,0,0,0,1,1,1,-1,0,0,0,0,0,0,0,0,0,0,1,0,1,0,0,0,0,1,0,0,0
Em-5703,Captiva 2.4L 09-12 RH mt Man.,12-B-1-5,9346140040720,04 Bronze,7,0,0,0,0,0,0,1,0,0,0,1,2,1,1,1,0,0,1,0,0,0,0,0,0,0,0,1,0,0,1,0,1,0,1,0,1,0
Em-5703G=EM-5703,Captiva 2.4L 09-12 RH mt Man.,12-B-1-5,9346140020500,07 Not Classed,0,,,,,,,,,,,,,,,,,,,,,,,,,,,,,,,,,,,,,
Em-5704,K.Sportage 96-04 Roll Stopper,12-B-2-4,9346140020517,04 Bronze,18,0,0,0,0,0,0,0,0,0,0,0,0,0,0,0,0,0,0,0,0,0,-1,0,0,0,0,0,0,0,0,0,0,2,0,0,0,0
Em-5705,Estima ACR40 2.4L Steady bar,12-B-5-4,9346140020524,04 Bronze,22,50,2,3,7,2,0,5,2,4,3,2,2,1,3,0,2,2,3,4,3,3,0,2,1,1,1,3,2,2,1,0,1,0,1,4,4,0
Em-5706,"Rodeo R7,R9 V6 98-03 Rear mt M",12-B-4-3,9346140020531,05 No Sales FY25,35,0,0,0,0,0,0,0,0,0,0,0,0,0,0,0,0,0,0,0,0,0,0,0,0,0,0,0,0,1,0,1,0,0,0,1,0,0
Em-5707,Ford KA 1.3L 99-03 RH mount M,12-B-4-4,9346140020548,07 Not Classed,29,0,,,,,,,,,,,,,,,,,,,,,,,,,,,,,,,,,,,,
Em-5708H,Mazda 6 GH 2.5L 08-13 RH mt At,12-B-3-3,9346140020555,02 Gold,103,100,15,28,22,24,13,12,16,13,14,9,15,25,25,23,9,23,22,12,4,16,13,13,12,12,11,22,22,26,17,22,17,18,13,16,13,13
Em-5709,Murano Z50 3.5L 05-08 Front At,12-B-3-4,9346140020562,04 Bronze,14,0,0,0,3,0,2,-1,0,1,0,1,2,0,1,0,-1,0,0,0,0,0,0,0,0,0,0,1,1,0,0,0,0,0,0,1,0,0
Em-5710G,Soarer JZZ30 2.5L 91-96 Rear M,12-B-2-4,9346140020579,05 No Sales FY25,0,,1,0,0,0,0,1,0,0,0,0,0,0,0,0,0,0,0,0,0,0,0,0,0,0,0,0,0,0,0,0,0,0,1,0,0,0
Em-5711,Jackaroo UBS69 92-98 Rear mt M,12-A-5-4,9346140020586,05 No Sales FY25,27,0,0,0,0,0,1,0,0,0,0,0,0,0,0,0,0,0,0,0,0,0,0,0,0,0,0,0,0,0,0,0,0,0,0,0,0,0
Em-5712,Evo V-IX 2.0T 98-07 Front M,12-B-1-4,9346140020593,04 Bronze,20,25,0,5,0,0,0,1,0,0,0,0,0,4,1,4,2,0,2,4,0,1,7,4,2,0,2,2,1,4,0,0,0,0,2,1,2,6
Em-5713,Evo V-IX 2.0T 98-07 Rear S/bar,12-B-1-4,9346140020609,04 Bronze,2,20,1,0,-1,1,0,0,0,0,1,0,0,0,0,1,-1,0,0,0,0,0,1,1,0,0,3,1,1,1,2,0,0,0,2,1,0,-1
Em-5713B,Evo V-IX 2.0T 98-07 Rear S/bar,12-B-9-4,9346140042366,07 Not Classed,10,0,,,,,,,,,,,,,,,,,,,,,,,,,,,,,,,,,,,,
Em-5714,Evo V-IX 2.0T 98-07 RH mount M,12-A-10-1,9346140020616,04 Bronze,12,0,1,0,0,0,0,1,0,0,0,0,1,1,0,1,0,0,0,3,2,0,2,1,1,1,1,0,3,1,0,0,0,1,2,0,0,0
Em-5715,Evo V-IX 2.0T 98-07 LH 5spd M,12-A-10-2,9346140020623,04 Bronze,8,20,0,1,0,0,0,0,0,0,1,0,1,0,1,2,-1,0,1,2,0,0,2,1,1,0,0,0,2,0,1,1,0,0,5,0,1,0
Em-5716,Dualis 2.0L 07-14 LH FWD CVT,3-A-1-5,9346140020630,03 Silver,109,0,6,4,10,8,7,8,5,12,9,9,8,11,6,6,9,4,6,11,0,3,4,10,5,6,9,5,9,4,6,12,8,6,6,13,8,7
Em-5716B,Dualis 2.0L 07-14 LH FWD CVT B,12-B-2-3,9346140038468,04 Bronze,84,0,6,2,1,0,0,0,0,0,0,2,9,1,1,1,1,2,2,2,4,0,4,8,1,3,1,4,4,3,1,4,1,0,6,3,7,5
Em-5716C,Dualis 2.0L 07-14 LH CVT Bush,12-A-10-1,9346140043264,04 Bronze,9,0,0,0,2,2,-1,5,0,1,1,0,0,0,0,1,0,0,1,1,0,0,0,0,0,0,0,1,0,0,0,0,0,0,1,0,0,0
Em-5717,"SAAB 900 94-98,9-3 99-03 FLH A",12-A-9-1,9346140020647,04 Bronze,20,0,2,3,1,3,2,0,0,2,0,2,1,0,0,3,2,1,2,2,0,1,0,0,0,0,1,0,0,1,1,0,0,2,1,1,1,0
Em-5718,Acc Euro 2.4L 02-08 LH Upper,12-A-9-2,9346140020654,02 Gold,187,0,11,11,9,10,15,11,10,17,10,10,18,15,7,11,8,8,11,17,8,10,11,9,11,17,17,25,14,17,10,17,13,13,16,20,9,16
Em-5719,Mazda 2 1.5 02-07 Rear S/bar M,12-A-8-1,9346140020661,04 Bronze,41,0,1,2,1,3,1,4,3,0,2,2,0,1,0,0,1,0,2,1,-1,1,2,1,0,1,1,2,2,3,1,1,-1,1,4,0,1,3
Em-5720,"Ford KA,TB 1.3L 99-03 RH mt M",12-A-8-2,9346140020678,04 Bronze,14,0,0,0,0,0,0,0,0,0,0,0,0,0,0,0,0,0,0,0,0,0,1,0,1,0,0,0,0,0,0,0,0,0,0,0,0,2
Em-5721,"Volvo C70,S60-70,XC70-90 RR up",12-A-7-1,9346140020685,04 Bronze,67,0,2,0,0,0,0,0,-1,0,0,2,0,1,0,0,1,2,-1,0,3,0,1,1,1,0,1,-1,1,0,0,2,0,1,1,2,0,0
Em-5722,"Volvo S60,S80,XC70,XC90 Rr Upp",12-A-7-2,9346140020692,04 Bronze,26,0,0,0,0,1,3,-3,2,0,2,0,-1,0,4,-3,0,-1,1,2,0,1,0,1,0,0,-1,3,0,0,0,1,-1,2,0,0,0,2
Em-5723,"Impr GC,Libe BD 96-99 Rear At",12-A-6-1,9346140020708,04 Bronze,16,0,0,0,0,0,1,0,0,1,0,0,0,0,0,0,0,1,0,0,0,0,2,0,0,0,0,0,1,0,1,0,0,0,0,0,0,0
Em-5724G,"Epica 2.0,2.5L 07-11 Front mnt",12-A-6-2,9346140020791,04 Bronze,4,0,0,0,0,0,0,0,0,0,0,0,0,0,0,0,0,0,0,0,0,1,0,0,0,0,0,0,0,0,0,0,0,0,0,0,0,0
Em-5725G,"Epica 2.0,2.5L 07-11 Rear mnt",12-A-5-1,9346140020807,04 Bronze,13,0,0,0,0,0,0,0,0,0,0,0,0,0,0,0,0,0,0,0,0,3,-1,0,0,0,0,0,0,0,0,0,0,0,0,0,0,0
Em-5726G,"Epica 2.0,2.5L 07-11 RH mount",12-A-9-5,9346140020814,05 No Sales FY25,11,0,0,1,0,0,0,0,0,0,0,0,0,0,0,0,0,0,0,0,0,0,0,0,0,0,0,0,0,0,0,1,0,0,0,0,0,0
Em-5727,Prado KZJ95 3.0TD 00-03 Rear A,12-A-8-5,9346140020821,04 Bronze,15,0,0,3,2,1,1,1,1,0,0,0,1,1,0,2,0,0,1,1,0,0,0,1,0,0,0,0,0,0,0,0,0,0,1,0,3,0
Em-5728,Celica ZZT231 1.8 99-06 RH Atm,12-A-5-2,9346140043141,04 Bronze,120,0,0,0,0,0,0,0,0,0,1,3,1,2,3,0,0,0,1,4,1,1,0,1,0,4,3,3,1,2,2,2,0,3,2,2,4,5
Em-5728G=EM-5728,Celica ZZT231 1.8 99-06 RH Atm,12-A-5-2,9346140020838,07 Not Classed,0,,,,,,,,,,,,,,,,,,,,,,,,,,,,,,,,,,,,,
Em-5729,Celica ZZT231 1.8L 99-06 LH mt,12-A-4-2,9346140028018,04 Bronze,15,30,3,1,2,1,3,2,0,1,4,2,0,0,3,3,2,2,1,1,2,1,0,1,0,3,3,1,1,1,2,1,0,1,3,1,2,4
Em-5730=EM-5775,Hilux GGN15 4.0L 05-on Rear M,12-A-7-5,9346140020869,07 Not Classed,0,,,,,,,,,,,,,,,,,,,,,,,,,,,,,,,,,,,,,
Em-5731,Navara D40 2.5L 05-14 Front LR,12-A-4-1,9346140020876,03 Silver,102,0,2,10,2,12,5,1,2,3,1,9,2,10,11,4,12,7,4,4,0,9,10,3,8,10,2,9,2,8,12,5,7,11,11,12,6,5
Em-5732,Navara D40 2.5L 05-14 Rear 2WD,12-A-3-1,9346140020883,04 Bronze,12,0,0,0,1,0,1,0,1,0,0,0,0,-1,0,0,0,1,2,0,0,0,0,1,1,0,-1,0,0,1,0,1,1,0,1,0,1,0
Em-5733,Rukus AZE151 10-14 LH mount A,12-A-3-2,9346140020890,04 Bronze,5,20,0,0,1,0,0,1,0,0,0,0,0,0,0,0,0,0,1,0,0,0,0,0,0,0,1,0,0,0,0,0,1,0,1,0,1,1
Em-5734,Rukus AZE151 10-14 RH w/brac A,12-A-2-1,9346140020906,04 Bronze,27,0,0,0,0,0,0,0,0,0,0,0,0,1,0,1,0,3,3,2,1,0,0,0,3,1,3,0,1,0,1,2,1,2,2,2,3,2
Em-5734G=EM-5734,Rukus AZE151 10-14 RH mount A,12-A-2-1,9346140036716,07 Not Classed,0,,,,,,,,,,,,,,,,,,,,,,,,,,,,,,,,,,,,,
Em-5735LH,"Cruz JG 2.0TD,JH 1.6L 09-16 LH",12-A-2-5,9346140044940,04 Bronze,33,0,0,0,0,0,0,0,0,0,0,0,0,0,0,0,0,0,0,0,0,0,0,0,0,0,2,0,0,-1,1,0,0,0,0,0,0,0
Em-5736,"Outla ZG 2.4,3.0L 03-06 LH At",12-A-1-2,9346140020920,03 Silver,70,100,8,6,10,12,7,10,2,7,8,5,14,1,5,11,9,7,9,6,1,6,9,21,5,11,13,16,18,11,14,9,8,7,15,10,10,9
Em-5736M,"Outla ZG 2.4,3.0L 03-06 LH Mtm",12-A-2-2,9346140042403,04 Bronze,33,0,2,1,1,0,1,2,0,1,2,1,0,1,0,0,0,0,0,5,1,0,2,0,0,3,0,4,3,1,3,3,1,1,1,4,3,3
Em-5737,"Outlander 2.4,3.0 03-06 RH ALL",12-A-1-1,9346140020937,02 Gold,118,100,15,15,25,27,19,18,8,12,21,17,21,13,18,25,25,19,14,24,7,18,31,28,22,25,30,36,33,25,31,27,16,15,17,23,21,35
Em-5738,City GM3 1.8L Rear SB Not in A,12-A-10-3,9346140020944,04 Bronze,30,0,0,0,0,0,0,-1,0,1,0,0,0,0,0,0,0,0,0,0,0,0,0,0,0,0,0,0,0,0,0,0,0,0,0,0,0,0
Em-5739WB,Civic Hybrid 1.3L 06-12 LH w/b,12-A-10-4,9346140036778,04 Bronze,56,0,1,0,4,1,1,3,1,2,3,3,2,1,0,0,0,1,0,1,0,2,0,1,1,1,1,0,0,1,1,2,0,0,1,0,2,1
Em-5740,Civic Hybrid 1.3L 06-12 RH At,12-A-6-5,9346140021149,04 Bronze,32,0,1,0,2,1,1,2,1,2,5,4,0,2,3,0,0,1,0,0,0,0,1,0,0,0,1,0,0,2,1,3,0,0,1,0,1,2
Em-5741,Murano 3.5L 05-08 Rear mount,12-A-9-3,9346140021156,05 No Sales FY25,37,0,0,0,1,0,1,-1,0,0,0,1,0,0,0,0,0,0,0,0,0,0,0,0,0,0,0,0,0,1,0,0,0,0,0,0,0,0
Em-5742,Honda MDX V6 02-06 Rear mnt A,12-A-8-3,9346140021163,04 Bronze,14,0,0,0,-1,0,0,0,1,0,0,0,0,0,0,1,0,0,0,0,0,0,0,2,1,0,1,0,0,1,0,1,-1,0,1,1,0,1
Em-5743,Honda MDX V6 02-06 LH mount A,12-A-9-4,9346140021170,04 Bronze,20,0,0,0,1,0,0,0,0,0,0,0,0,0,0,0,0,0,0,0,0,0,0,1,0,0,0,0,0,1,0,2,2,0,1,2,0,0
Em-5744,Honda MDX V6 02-06 LH Rear mt,12-A-8-4,9346140021187,04 Bronze,14,0,0,0,0,0,1,0,0,1,0,0,0,0,0,0,0,0,0,0,0,0,0,1,0,1,0,0,0,1,0,1,1,0,1,2,0,0
Em-5745,Civic FD2 2.0L 06-12 RH mount,12-A-5-5,9346140021194,04 Bronze,38,20,1,2,0,1,3,0,0,1,4,1,1,1,3,0,4,2,7,2,1,1,1,0,1,0,3,4,5,1,1,5,1,4,3,2,2,2
Em-5746,Transporter T5 04-14 Rear Auto,12-A-7-3,9346140021392,04 Bronze,49,0,3,4,4,3,1,1,1,3,3,0,2,2,3,9,1,3,4,2,3,3,7,4,3,4,0,8,6,4,2,2,5,4,1,6,9,0
Em-5746B,Transporter T5 04-14 Rear Man,11-A-5-1,9346140042076,04 Bronze,26,0,0,0,0,0,0,0,0,0,0,0,0,2,-1,2,0,0,3,1,0,0,1,1,-1,1,1,1,1,0,1,0,0,2,0,0,0,2
Em-5747,Jeep Cherokee KJ 2.4L LH mnt,12-A-7-4,9346140021576,04 Bronze,11,0,0,0,0,0,0,0,0,0,0,1,0,0,0,0,1,0,0,0,0,0,0,0,0,1,0,0,0,0,0,0,0,0,0,0,1,0
Em-5748,Jeep Cherokee KJ 2.4L RH mnt,12-A-6-4,9346140021583,04 Bronze,0,,0,0,1,0,0,0,0,0,0,1,0,0,0,0,1,0,1,0,0,0,1,0,0,1,0,0,0,0,0,0,0,0,0,0,0,0
Em-5749,Cherokee KJ 3.7L V6 Front RH,12-A-6-3,9346140018361,04 Bronze,38,0,0,1,4,1,-3,0,0,0,0,1,0,0,0,1,0,0,0,0,0,0,0,0,0,0,0,0,0,0,0,0,0,0,0,0,0,0
Em-5750,"Hil GGN15,25 V6 05-14 Frnt L/R",12-A-5-3,9346140021422,04 Bronze,53,100,4,3,-3,3,0,1,0,2,4,0,3,1,7,2,2,0,0,0,0,0,0,2,6,3,2,2,2,1,3,2,2,4,0,7,0,9
Em-5751,Comm VR-VZ Diff Damping block,12-A-4-3,9346140022672,05 No Sales FY25,35,0,7,3,6,5,1,0,1,0,0,0,0,0,0,0,0,0,0,0,0,0,0,0,0,0,0,0,0,0,0,0,0,0,0,1,0,0
Em-5751D,Subaru 03-15 Rear F Diff Mount,12-B-1-3,9346140044605,04 Bronze,65,0,0,0,0,0,0,0,0,0,0,0,0,0,0,0,0,0,0,0,2,2,1,1,1,3,1,3,4,3,1,0,0,4,6,6,6,3
Em-5751R,"Cadi,Chev,GMC,Hum V8 Rear mnt",12-A-5-4,9346140044100,04 Bronze,46,0,0,0,0,0,0,0,0,0,0,0,0,0,0,0,0,0,0,1,0,0,0,0,1,1,-1,0,1,0,0,1,-1,0,0,0,0,0
Em-5752,"Barina XC,Combo Torq rod to ch",12-A-4-4,9346140022689,04 Bronze,56,0,2,4,2,1,0,1,0,0,0,0,1,0,0,4,0,3,0,-1,0,3,1,1,1,2,2,0,2,3,1,3,1,0,1,0,2,0
Em-5753,"Barina XC,Combo Torq rod to bl",12-A-6-4,9346140022696,04 Bronze,16,0,0,2,1,0,0,1,0,1,-1,0,1,0,0,0,0,2,0,0,0,3,1,1,1,4,0,0,2,0,1,3,0,1,1,0,2,2
Em-5754,Hilux KUN16-26 05-on Rear At,12-A-1-4,9346140023525,04 Bronze,26,100,4,1,2,2,3,4,0,1,3,1,5,5,1,7,-1,3,3,4,2,1,3,1,1,1,5,0,5,2,3,6,2,3,2,2,7,5
Em-5754G=EM-5754,Hilux KUN16-26 05-on Rear At,12-A-1-4,9346140022702,07 Not Classed,0,,,,,,,,,,,,,,,,,,,,,,,,,,,,,,,,,,,,,
Em-5755,Acc Euro 2.4L 02-on LH trans M,12-A-3-4,9346140022719,04 Bronze,22,0,2,-2,0,6,-1,0,0,2,0,2,0,2,1,-1,1,0,1,0,1,0,1,0,1,2,1,4,2,1,2,4,2,4,2,2,2,3
Em-5756,"Ford KA TA,TB 1.3 99-04 LH Mtm",12-A-2-4,9346140023280,04 Bronze,4,0,0,0,0,1,0,0,0,1,0,0,0,0,1,0,0,0,1,0,0,0,1,0,1,0,0,0,0,0,0,0,0,1,0,0,0,3
Em-5757,Captiva CG 2.0L 07-11 RH mnt,12-A-3-5,9346140024102,04 Bronze,71,0,0,1,1,0,0,0,0,0,0,0,0,0,0,1,0,0,0,0,0,0,0,0,0,1,1,0,0,0,0,0,0,0,0,1,0,0
Em-5757G,Captiva CG 2.0L 07-11 RH mnt,12-A-4-B,9346140022733,04 Bronze,13,0,0,0,0,0,0,0,0,0,0,0,0,0,0,0,1,0,0,0,0,0,0,0,1,0,0,0,0,0,0,0,0,0,0,0,0,0
Em-5758G,"Epica 2.0,2.5L 07-11 LH Gen mt",12-A-4-5,9346140022740,04 Bronze,6,0,0,0,0,3,0,1,0,0,1,0,0,0,0,1,1,0,0,1,0,1,0,0,0,0,0,0,0,0,0,0,0,0,0,0,0,0
Em-5759H=EM-5601H,Falcon FG 5.4L 08-on Front L/R,12-A-3-3,9346140023518,07 Not Classed,0,,,,,,,,,,,,,,,,,,,,,,,,,,,,,,,,,,,,,
Em-5760,Mazda 6 GH 2.5L 08-13 LH mt At,12-A-1-3,9346140022764,03 Silver,80,80,6,2,7,5,3,2,2,4,4,2,6,11,6,11,3,10,8,3,1,4,5,8,2,6,8,8,12,9,6,6,3,3,3,7,6,4
Em-5760M,Mazda 6 GH 2.5L 08-13 LH mt MT,12-A-2-3,9346140043059,04 Bronze,16,0,0,0,0,0,0,0,0,0,0,1,0,0,0,1,0,1,0,0,0,0,0,0,0,0,1,-1,0,0,1,0,0,0,0,0,0,0
Em-5761,Hilux GGN25 4.0L V6 05-14 Rr A,12-A-3-3,9346140022771,06 First Sale in FY26,17,0,0,0,0,0,0,0,0,0,0,0,0,0,0,0,0,0,0,0,0,0,0,0,0,0,0,0,0,0,0,0,0,0,0,2,1,0
Em-5761G,Hilux GGN25 4.0L V6 05-14 RR A,12-A-1-4,9346140023440,04 Bronze,1,0,0,0,0,1,0,1,0,0,0,1,0,0,0,0,2,0,0,0,0,0,0,1,2,0,1,1,0,0,0,0,0,0,0,0,1,1
Em-5762,Outlan ZG 2.4L 03-06 Rear mnt,9-C-4-5,9346140022788,03 Silver,160,0,7,4,12,10,5,10,3,4,7,4,7,9,8,8,8,4,4,6,8,7,7,7,6,11,13,18,10,12,6,6,5,10,13,9,14,12
Em-5763,Hon S2000 2.0L 99-09 Front L/R,9-B-5-1,9346140022795,04 Bronze,14,0,0,1,0,0,4,0,0,0,0,0,2,1,2,0,0,0,1,0,0,0,0,0,0,0,0,0,0,2,0,0,0,0,0,0,0,0
Em-5764,Hon S2000 2.0L 99-09 Rear L/R,9-B-6-1,9346140022801,05 No Sales FY25,8,0,0,0,1,0,2,0,0,0,0,0,2,0,1,0,0,0,0,0,0,0,0,0,0,0,0,0,0,2,0,1,0,0,0,0,0,0
Em-5765H,"Cam ASV50,ES250 2.5L Front mnt",2-A-4-5,9346140022818,03 Silver,65,50,5,2,2,6,5,2,1,1,2,3,3,3,6,5,4,6,1,6,5,4,4,4,5,3,2,0,2,0,0,1,1,2,2,1,0,1
Em-5767,Camry ASV50 2.5L 11-14 RH SBar,9-B-9-5,9346140022832,02 Gold,87,100,6,16,5,16,16,23,5,14,9,12,13,20,23,21,18,19,3,10,23,16,19,16,24,9,14,21,18,17,13,14,33,17,20,16,24,20
Em-5768,Klug GSU40/45 3.5L 07-14 Sbar,9-B-10-5,9346140022849,02 Gold,146,50,18,22,16,25,14,31,26,17,17,14,18,27,17,31,29,37,31,24,21,25,21,22,36,23,38,26,31,36,26,32,32,36,34,38,27,25
Em-5769,RX350 3.5L V6 06-09 RH SBar,2-A-1-5,9346140022856,03 Silver,108,0,7,10,7,4,6,6,1,3,3,4,3,5,4,11,5,6,5,2,3,7,3,2,3,8,9,8,4,6,4,5,3,6,4,4,3,7
Em-5770,Civic FD 2.0L 06-12 Lower TR A,11-A-10-2,9346140022863,03 Silver,45,50,3,0,2,1,0,2,1,4,3,5,4,3,3,3,7,2,6,5,1,7,1,4,3,8,4,7,6,3,5,8,2,4,4,2,4,3
Em-5771,Civic FD 2.0L 06-12 Upper TR A,2-A-2-5,9346140022870,04 Bronze,38,0,0,0,0,0,2,0,0,0,1,0,2,0,2,1,1,0,0,0,0,0,0,0,0,0,2,1,2,0,0,0,0,0,0,1,1,2
Em-5772,Celica ZZT231 1.8 99-03 RH Mtm,11-B-5-1,9346140043127,06 First Sale in FY26,36,0,0,0,0,0,0,0,0,0,0,0,0,0,0,0,0,0,0,0,0,0,0,0,0,0,0,0,0,1,0,1,1,0,0,0,1,0
Em-5772G=EM-5772,Celica ZZT231 1.8 99-03 RH Mtm,11-B-4-1,9346140023013,06 First Sale in FY26,0,,0,0,0,0,0,0,0,0,0,0,0,0,0,0,0,0,0,0,0,0,0,0,0,0,0,1,0,0,0,0,0,0,0,0,0,0
Em-5773,Falcon FG 4.0L Rear 5Spd Auto,2-B-2-5,9346140023976,03 Silver,120,50,9,13,6,3,5,8,6,6,5,3,12,5,4,15,6,4,5,5,4,2,4,3,5,1,6,6,7,7,1,1,2,3,1,4,6,-1
Em-5774H,"Fal BA,BF V6,V8,Turbo Frnt L/R",3-A-2-5,9346140024300,02 Gold,185,0,11,5,2,8,13,7,22,2,6,2,14,2,5,14,43,9,8,2,1,7,8,9,5,11,2,9,7,9,5,5,12,3,7,7,2,7
Em-5775,Prado GRJ120/150 V6 Rear mt,2-B-3-5,9346140023204,04 Bronze,41,0,0,0,0,0,0,0,0,1,3,0,0,2,1,1,1,0,0,1,1,1,1,1,0,0,1,1,0,1,0,1,1,1,0,4,3,1
Em-5775B,Prado RZJ120 2.7L 03-04  Rear,37C-1-2,9346140043981,07 Not Classed,20,0,,,,,,,,,,,,,,,,,,,,,,,,,,,,,,,,,,,,
Em-5776,Accord 2.4L 02-on Sub frame LH,5-C-2-4,9346140023259,04 Bronze,8,25,0,1,1,1,1,0,0,3,2,3,0,0,0,0,0,1,1,-1,1,0,-1,0,4,0,1,0,1,-1,2,0,1,4,2,3,1,2
Em-5777,Accord 2.4L 02-on Sub Frame RH,5-C-3-4,9346140023266,04 Bronze,0,50,0,0,0,1,1,1,2,0,1,2,0,0,0,1,0,2,0,-1,2,0,-1,2,4,1,3,5,2,-1,4,6,1,5,3,8,3,0
Em-5778,Mazda 2 DY 02-08 Rear S/bar A,14-B-4-4,9346140023457,04 Bronze,25,50,3,6,9,2,2,4,3,6,6,5,9,9,1,1,0,1,2,2,3,1,2,3,2,1,3,3,4,5,4,5,4,4,6,7,7,7
Em-5779G,Hilux GGN15 4.0L V6 05 Rear At,7-B-6-4,9346140023334,04 Bronze,1,0,0,0,0,0,0,0,0,0,0,0,0,1,0,0,0,0,0,0,0,0,0,0,0,1,0,0,0,0,0,0,0,0,0,0,0,0
Em-5780HR,Mazda RX8 04-15 LH Hard rubber,37C-1-2,9346140036396,04 Bronze,4,15,0,2,0,0,1,1,0,0,1,5,1,2,0,0,1,2,0,0,1,0,0,0,0,0,0,2,1,5,1,1,0,1,1,1,2,0
Em-5781HR,Mazda RX8 04-15 RH Hard rubber,37-C-1-2,9346140036389,04 Bronze,3,15,2,2,0,0,1,1,0,0,1,5,1,2,0,0,1,2,0,0,1,0,0,0,0,0,0,3,1,5,1,1,0,1,1,1,2,0
Em-5782,Mazda 6 GH 2.5L 08-13 Rr S/bar,14-B-4-5,9346140023372,02 Gold,131,0,20,19,15,22,21,22,9,13,10,11,15,26,19,23,11,20,17,11,11,14,13,19,9,10,8,24,18,17,12,21,20,11,12,14,16,7
Em-5783G,Hilux VZN167/172 3.4L Rear At,11-C-6-4,9346140022757,05 No Sales FY25,2,0,0,0,0,0,0,0,0,0,1,0,0,0,0,0,0,0,0,0,0,0,0,0,0,0,0,0,0,0,0,0,0,0,0,0,1,-1
Em-5784,"Audi A3,Volks Golf 5,6 Rear mt",14-B-4-6,9346140023471,03 Silver,41,100,8,6,6,6,8,11,8,9,9,9,11,14,6,7,9,10,12,3,8,11,8,7,10,13,3,15,8,4,7,10,2,3,16,11,17,11
Em-5784B,"A3,Beetle,Golf,Jeta 08-18 Rear",13-B-6-4,9346140044834,04 Bronze,41,0,0,0,0,0,0,0,0,0,0,0,0,0,0,0,0,0,0,0,0,0,2,0,0,0,0,0,0,0,0,0,2,0,1,3,0,1
Em-5785H,Lex ES300 3.0L V6 01-04 RH Hyd,3-B-4-1,9346140023464,04 Bronze,84,0,1,4,1,4,0,2,3,4,-1,4,1,1,4,3,2,3,2,1,3,1,0,2,1,1,1,2,4,4,3,0,0,6,1,3,-1,1
Em-5786,"SAAB 9-3, Vectra C Front mount",37C-1-1,9346140025932,04 Bronze,13,0,0,0,0,0,0,0,0,0,0,0,0,0,0,0,0,1,0,0,0,0,0,0,0,0,0,0,0,0,0,0,0,0,0,0,0,0
Em-5787,"Audi A3,Volks Golf 5,6 Rear mt",37C-1-1,9346140023488,04 Bronze,19,0,0,0,1,0,0,1,0,1,0,2,-1,2,0,1,0,0,0,0,0,0,0,0,0,1,1,0,1,-1,0,0,0,2,-1,0,0,0
Em-5788,"Landcrser HZJ78,79 4.2L Rear M",37C-2-1,9346140032060,04 Bronze,34,0,0,-1,0,0,1,0,0,0,0,0,0,0,1,0,0,0,0,0,0,2,0,-1,0,0,0,0,0,0,0,0,0,0,0,1,0,0
Em-5788G,"Landcrser HZJ78,79 4.2L Rear M",37C-2-1,9346140023495,07 Not Classed,3,0,,,,,,,,,,,,,,,,,,,,,,,,,,,,,,,,,,,,
Em-5789H,"Mini Cooper R50,52,53 RH Hydro",14-B-3-5,9346140023501,04 Bronze,52,0,3,9,7,0,2,5,1,6,3,4,1,1,5,3,3,8,3,2,2,5,1,2,1,3,8,8,1,7,5,7,7,5,3,6,3,3
Em-5790,"Navara D40 2.5,4.0L Rear 4WD",14-B-3-6,9346140023877,03 Silver,44,60,1,7,2,7,5,2,3,4,0,4,8,1,6,7,4,2,6,6,2,3,6,4,4,4,2,3,8,7,3,3,8,7,4,17,9,5
Em-5791,Honda MDX V6 02-06 RH mt,14-C-8-7,9346140023884,04 Bronze,62,0,1,2,0,1,0,1,0,0,0,0,0,1,1,0,1,0,0,0,0,0,0,1,0,0,0,3,0,1,0,3,4,0,2,1,2,2
Em-5792,Honda HRV 4WD 99-02 RH Atm,14-C-8-2,9346140023891,06 First Sale in FY26,25,0,0,0,0,0,0,0,0,0,0,0,0,0,0,0,0,0,0,0,0,0,0,0,0,0,0,1,1,0,0,0,0,0,0,0,0,0
Em-5793,Sky R33 GTS25 2.5L Front L/R,14-C-8-1,9346140023907,03 Silver,137,0,3,7,21,4,15,9,12,13,12,0,0,0,3,11,7,8,3,4,4,5,56,-1,9,1,2,2,2,8,5,1,0,14,5,2,4,6
Em-5794,Dualis 2.0L 07-14 LH mt Atm,14-C-7-2,9346140023914,04 Bronze,32,0,-1,3,-1,-2,2,1,1,2,1,0,2,-2,2,0,1,0,0,0,0,0,0,3,1,1,1,0,0,2,0,1,0,1,0,1,1,0
Em-5795H,Dualis 2.0L 07-14 RH AWD mount,14-C-7-1,9346140023921,04 Bronze,23,0,0,0,0,-1,1,1,-2,0,1,0,0,0,0,0,0,1,0,0,0,1,0,1,-1,0,0,0,0,0,0,0,0,0,0,0,0,0
Em-5796,"Dualis,X-trail 07-on Rear TRod",14-C-6-2,9346140023938,02 Gold,207,0,5,9,15,22,17,18,2,10,16,8,11,14,13,17,15,12,9,11,8,9,4,18,16,4,11,12,6,18,12,16,5,9,5,6,10,15
Em-5797,"Barina,Combo XC 1.4L 06-09 RH",14-C-6-1,9346140023952,04 Bronze,20,0,0,2,0,0,1,0,0,1,0,1,1,-1,1,2,0,0,0,0,0,1,0,0,1,3,1,0,1,0,2,2,0,0,1,1,1,0
Em-5798,Lexus RX400H 3.3L 06-07 RH S/B,14-C-5-2,9346140023983,04 Bronze,30,0,2,0,0,0,0,1,2,0,0,1,2,1,1,0,1,2,1,0,0,0,0,2,0,2,1,1,2,1,0,0,0,1,0,0,0,0
Em-5799G,Lex RX330 3.3L V6 03-06 Front,14-C-5-1,9346140036150,04 Bronze,0,2,0,0,1,1,0,0,1,0,0,0,0,0,0,0,0,1,0,0,0,0,0,0,0,0,0,0,0,0,0,0,0,1,0,0,0,0
Em-5799H,"Klug GSU40,45 3.5L 07-14 Front",14-C-5-1,9346140024034,04 Bronze,28,0,0,0,0,0,0,0,0,0,0,0,0,0,0,0,0,0,0,0,0,0,0,0,0,1,0,0,0,0,0,0,0,1,0,0,0,0
Em-5800,"Klug GSU40,45 3.5L 07-14 LH mt",14-C-4-1,9346140024041,03 Silver,99,0,0,3,7,2,3,7,2,2,4,2,7,3,3,10,4,8,2,4,4,2,4,2,5,6,4,4,4,3,10,8,10,7,2,9,8,6
Em-5800G=EM-5800,"Klug GSU40,45 3.5L 07-14 LH mt",14-C-4-1,9346140031513,07 Not Classed,0,,,,,,,,,,,,,,,,,,,,,,,,,,,,,,,,,,,,,
Em-5801,Suzuki SX4 2.0L 06-on Rear 4WD,14-C-4-2,9346140024065,04 Bronze,17,0,0,1,2,-1,1,0,0,1,0,0,0,1,1,0,2,-1,0,0,0,0,0,0,0,0,0,0,2,0,1,0,1,0,0,0,0,1
Em-5802,Suzuki SX4 2.0L 06-on LH mt,14-C-3-2,9346140024072,04 Bronze,28,0,0,1,0,0,1,0,0,1,0,1,0,0,0,0,1,0,1,0,0,2,0,0,0,3,2,0,2,2,-1,0,1,0,1,1,2,1
Em-5803,Suzuki SX4 2.0L 06-on RH mt,14-C-3-1,9346140024089,04 Bronze,10,30,-1,4,1,-1,1,1,0,0,1,1,0,1,0,0,4,1,2,0,3,1,0,0,0,3,0,1,2,3,1,1,0,2,0,0,4,2
Em-5804,Tribute 06 Rear Diff-Front L/R,14-C-2-2,9346140024096,04 Bronze,85,0,1,1,0,4,0,0,2,2,0,0,2,4,6,2,4,0,0,4,0,2,0,2,0,0,0,2,2,0,3,1,2,0,0,6,4,0
Em-5805H,Audi A6 C7 11-15 2.0T RH Hydro,14-C-2-1,9346140031407,04 Bronze,13,30,0,0,0,0,0,0,0,0,0,0,0,0,2,0,0,0,2,0,0,0,0,0,0,0,2,1,1,4,0,0,1,0,1,3,0,1
Em-5806,Tribute 06 Rear Diff - Rear mt,14-C-1-2,9346140024119,04 Bronze,160,0,0,1,0,1,2,0,1,1,0,1,5,1,3,0,1,1,0,1,0,0,0,1,0,0,0,1,-1,0,2,0,1,0,0,3,2,0
Em-5807H,Fiesta 1.6L 11-13 RH Hydro mt,14-C-1-1,9346140024126,03 Silver,12,0,11,7,9,14,7,17,2,3,5,5,6,10,10,15,6,6,10,3,6,7,4,3,3,9,3,22,8,7,4,4,5,6,8,12,4,7
Em-5808H,"Fiesta WP,WQ 1.6L 04-08 RH Hyd",14-C-8-3,9346140024133,04 Bronze,30,0,1,2,0,1,1,0,1,1,3,0,1,1,0,1,0,0,0,2,0,0,1,3,1,0,2,-1,1,1,1,0,0,0,0,3,0,2
Em-5809,Captiva 3.2L V6 RH mount,14-C-7-3,9346140027837,04 Bronze,70,0,1,1,3,4,4,4,-1,5,3,10,2,1,0,0,0,1,0,1,2,0,1,2,1,1,2,1,2,2,1,1,0,0,0,1,1,2
Em-5810K,Klug GSU40 3.5L 07-14 Rear Kit,14-C-6-8,9346140024348,04 Bronze,58,0,0,0,1,0,0,1,0,0,0,0,0,0,1,0,0,0,0,0,0,0,1,0,0,2,0,0,0,0,0,0,0,2,1,0,0,-1
Em-5811G=EM-6004LH,iLoad 2.5L TD 08-15 Front LH,14-C-7-4,9346140024379,07 Not Classed,0,,,,,,,,,,,,,,,,,,,,,,,,,,,,,,,,,,,,,
Em-5812,iLoad 2.5L TD 08-15 Rear mt A,14-C-8-4,9346140031766,04 Bronze,40,0,0,0,6,0,0,0,0,0,0,0,0,2,1,3,-1,2,0,1,0,0,1,1,0,0,0,0,2,2,1,1,0,1,1,0,0,0
Em-5812TR,"Lex ES250,Cam AXVH.GSV70 Rear",14-C-7-4,9346140043752,04 Bronze,9,0,0,0,0,0,0,0,0,0,0,0,0,0,0,0,0,0,1,1,0,0,0,0,1,0,1,1,0,0,0,0,0,0,1,0,1,4
Em-5813,iLoad 2.5L TD 08-15 Rear mt M,14-C-6-4,9346140025383,04 Bronze,10,0,0,0,1,-1,1,0,0,0,0,0,0,1,0,0,0,0,0,0,0,0,1,-1,1,0,0,0,1,0,0,-1,2,0,0,0,0,0
Em-5813RH,"ES250,ES300H,Cam AXVH.GSV70 RH",14-C-6-3,9346140043769,04 Bronze,6,19,0,0,0,0,0,0,0,0,0,0,0,0,0,0,0,0,1,1,0,0,0,0,1,0,1,0,0,2,1,0,0,0,1,1,3,2
Em-5814G  (NIL),iLoad 2.5L TD 08-15 Rear 6spdM,14-C-4-4,9346140024409,07 Not Classed,0,,,,,,,,,,,,,,,,,,,,,,,,,,,,,,,,,,,,,
Em-5814HF,"Lex ES250,Cam AXVH.GSV70 Front",14-C-5-3,9346140043226,04 Bronze,23,0,0,0,0,1,0,0,0,0,0,0,0,0,0,1,0,0,0,0,0,0,0,0,0,1,0,0,0,0,0,0,0,0,0,0,0,4
Em-5815G=EM-5815H,iLoad TQ 2.4L 08-15 Front L/R,14-C-4-4,9346140024416,07 Not Classed,0,,,,,,,,,,,,,,,,,,,,,,,,,,,,,,,,,,,,,
Em-5815H,iLoad TQ 2.4L 08-15 Front L/R,14-C-4-4,9346140037027,04 Bronze,31,0,5,1,-2,2,0,0,0,0,0,0,0,0,0,0,0,0,0,0,0,2,2,0,2,2,-1,4,7,2,0,0,0,2,0,2,1,4
Em-5815TL,"Cam ASV70,ES250 AXZA10 2.5L LH",14-C-5-4,9346140043233,04 Bronze,27,0,0,0,0,1,0,0,0,0,0,0,0,0,0,1,0,0,1,0,0,0,0,0,0,0,0,0,0,0,0,0,0,0,0,0,0,0
Em-5816G (NIL),iLoad TQ 2.4L 08-15 Rear mt At,14-C-4-3,9346140024423,07 Not Classed,0,,,,,,,,,,,,,,,,,,,,,,,,,,,,,,,,,,,,,
Em-5816LH,"Tucs TLE, iX35 LM,Spor S LH A",14-C-4-3,9346140042991,04 Bronze,71,0,0,0,0,1,0,0,0,0,0,0,0,0,0,1,0,0,0,0,0,0,3,0,2,1,0,0,0,1,1,0,1,2,1,1,0,2
Em-5817G=EM-5813,iLoad TQ 2.4L 08-15 Rear Man,14-C-4-4,9346140024430,07 Not Classed,0,,,,,,,,,,,,,,,,,,,,,,,,,,,,,,,,,,,,,
Em-5818,"i45 2.0,2.4L 10-13 Front mount",14-C-3-4,9346140024447,04 Bronze,14,0,0,-1,0,0,0,0,0,-1,0,0,0,0,0,0,0,0,0,0,0,0,-1,0,0,0,-1,1,0,0,0,0,1,0,0,0,0,0
Em-5819,"i45 2.0,2.4L 10-13 Rear mount",14-C-3-3,9346140024454,04 Bronze,15,0,0,-1,1,1,0,0,0,0,-1,1,0,0,0,0,0,0,0,0,0,0,0,0,0,0,0,1,0,0,0,0,0,0,0,1,0,0
Em-5820,"i45 2.0,2.4L 10-13 LH mount At",14-C-2-4,9346140037935,04 Bronze,34,0,0,0,0,0,0,0,2,-1,0,1,1,0,0,1,0,0,0,0,0,0,0,0,0,0,0,0,0,0,0,0,0,0,0,0,1,-1
Em-5820G=EM-5820,"i45 2.0,2.4L 10-13 LH mount At",14-C-2-4,9346140024461,07 Not Classed,0,,,,,,,,,,,,,,,,,,,,,,,,,,,,,,,,,,,,,
Em-5821G,"i45 2.0,2.4L 10-13 LH mnt Mtm",14-C-2-3,9346140024478,04 Bronze,5,0,0,0,0,0,0,0,0,0,0,0,0,0,0,0,0,0,0,0,0,0,0,0,0,1,0,0,0,-1,0,0,0,0,0,0,0,0
Em-5822H,i45 2.0L 10-13 RH mount A&M,14-C-1-3,9346140040423,04 Bronze,63,0,0,0,3,1,1,1,2,0,2,1,1,0,1,2,0,1,0,0,1,1,1,0,1,-1,0,0,0,-1,2,-1,0,0,1,0,0,0
Em-5823,"iX35 2.0,2.4L 10-13 Front SBar",14-C-1-4,9346140029565,04 Bronze,6,150,1,1,5,2,0,4,4,5,2,2,-1,6,2,4,6,2,3,3,3,4,2,5,6,5,3,5,7,5,3,5,2,6,6,3,2,4
Em-5824,Elantra MD 1.8L 11-15 LH Auto,14-C-8-5,9346140029572,04 Bronze,12,50,3,1,4,1,4,2,3,1,1,4,0,-1,1,4,2,0,1,2,2,2,2,4,5,1,1,1,1,5,1,3,1,3,2,4,4,5
Em-5825,Elantra MD 1.8L 11-15 LH Mtm,14-C-8-6,9346140029589,04 Bronze,2,20,1,1,0,0,0,1,0,0,0,1,1,0,0,0,0,0,1,0,0,0,0,0,0,1,1,-1,0,2,0,0,3,0,2,2,1,0
Em-5825G,Elantra MD 1.8L 11-15 LH Mtm,14-C-8-6,9346140024515,05 No Sales FY25,1,0,0,0,0,1,0,0,0,0,0,0,0,0,0,0,0,0,0,0,0,0,0,0,0,0,0,0,0,0,0,0,0,0,0,0,0,0
Em-5826H,"Elan MD,Sportage SL 10-15 RH",14-C-7-5,9346140029596,03 Silver,65,100,5,5,11,11,6,14,6,8,8,11,7,7,9,5,4,8,9,6,3,6,5,13,8,8,14,11,7,12,4,11,4,10,15,13,18,8
Em-5827,Liberty 91-84 Front LH mount,14-C-7-6,9346140024553,04 Bronze,53,0,0,0,1,0,0,0,0,1,1,0,-1,0,0,0,1,0,0,0,0,0,1,0,1,1,1,-1,0,0,0,1,1,0,0,0,0,0
Em-5828,Liberty 91-84 Front RH mount,14-C-6-6,9346140024560,04 Bronze,75,0,0,0,1,0,0,1,0,1,1,0,-1,0,0,0,1,0,0,0,0,0,1,0,1,1,1,-1,0,0,0,1,1,0,0,0,0,0
Em-5829H,"A3,Golf,Jetta 04-on LH Hydro",14-C-6-5,9346140024607,03 Silver,58,48,1,1,2,3,2,3,1,1,5,3,2,2,4,4,4,4,4,3,2,1,1,6,4,8,8,4,3,6,4,6,2,5,1,6,10,5
Em-5830H,"A3, Caddy, Golf 04-on RH Hydro",14-C-5-5,9346140024584,02 Gold,85,0,6,4,9,13,12,8,9,13,13,3,6,13,8,15,6,9,14,13,5,5,11,12,9,15,10,16,8,11,6,13,9,9,11,11,11,11
Em-5831=EM-5831K,"A3,Jetta, Golf Rear Upper bush",14-C-5-6,9346140024614,06 First Sale in FY26,0,,0,0,0,0,0,0,0,0,0,0,0,0,0,0,0,0,0,0,0,0,0,0,0,0,0,0,0,0,0,0,0,0,0,-1,0,0
EM-5831K,"A3,Jetta, Golf Rear Up/Lo 2pcs",14-C-5-6,9346140044575,04 Bronze,37,0,0,0,0,0,0,0,0,0,0,0,0,0,0,0,0,0,0,0,0,0,0,0,1,2,4,5,1,4,1,2,-1,7,4,6,4,6
Em-5832,"A3,Jetta, Golf Rear Lower bush",14-C-4-6,9346140024621,04 Bronze,0,,2,1,3,4,14,2,4,3,2,4,5,0,2,3,1,3,6,3,2,4,1,1,1,2,1,0,0,2,0,1,0,0,0,0,3,0
Em-5832T,Transit VN 2.2TD 13-18 RH Hydr,14-C-4-6,9346140049327,06 First Sale in FY26,19,30,0,0,0,0,0,0,0,0,0,0,0,0,0,0,0,0,0,0,0,0,0,0,0,0,0,0,0,0,0,0,0,0,0,0,0,1
Em-5833H,"Bora,Golf 2.3 V5 RH Hydro mt",14-C-4-5,9346140024720,04 Bronze,56,0,0,0,0,0,0,0,0,0,0,0,0,0,0,0,0,0,0,1,0,-1,0,0,0,0,0,0,0,0,0,0,0,0,0,0,0,0
Em-5834,"Clio MK3,Megane 1.9 Rear Lower",14-C-3-6,9346140024669,04 Bronze,17,30,0,2,1,-1,2,1,1,1,0,1,3,1,3,2,1,2,1,2,3,2,3,3,2,2,2,1,0,2,2,0,0,1,1,1,0,3
Em-5835H,"Megane X84,Scenic J84 RH Hydro",14-C-3-5,9346140024676,04 Bronze,71,0,3,2,1,1,1,2,2,1,2,2,2,1,3,1,4,4,2,4,1,-1,1,2,1,3,2,0,1,1,1,0,0,3,2,2,0,3
Em-5836,Renault Clio X65 1.4L LH,14-C-2-6,9346140024683,07 Not Classed,41,0,,,,,,,,,,,,,,,,,,,,,,,,,,,,,,,,,,,,
Em-5837H,"Megane X64, Scenic JA RH Hydro",14-C-2-5,9346140024690,04 Bronze,39,0,0,0,0,0,0,0,0,0,0,0,0,0,0,1,1,1,0,0,0,0,0,0,0,0,1,0,0,3,2,0,0,0,0,0,0,1
Em-5838,Mondeo MA-MC 07-15 Rear mount,14-C-1-6,9346140024751,04 Bronze,39,0,1,4,4,3,1,1,1,2,3,2,0,3,2,4,2,3,4,4,0,0,4,2,2,0,4,3,6,4,2,4,2,1,2,2,2,1
Em-5839,"Mondeo MA,MB 2.0TD 07-on LH mt",14-C-1-5,9346140024768,04 Bronze,32,0,2,2,1,4,1,0,0,2,2,2,1,0,0,1,2,3,1,0,0,1,2,2,1,1,2,4,3,2,2,3,1,3,3,1,2,5
Em-5840H,Mond MA-MC 2.3L 07-on RH Hydro,2-D-7-5,9346140024775,04 Bronze,47,0,4,4,1,2,2,1,0,4,2,8,0,5,2,4,2,3,2,1,3,2,3,4,2,6,3,0,1,3,1,6,2,1,3,2,6,3
Em-5841,Vectra ZC 2.2L 03-06 Front Mtm,14-C-8-8,9346140024898,05 No Sales FY25,16,0,0,0,0,0,1,0,0,0,0,0,0,0,0,0,0,0,0,0,0,0,0,0,0,0,0,0,0,0,0,0,0,0,0,0,0,0
Em-5842,"Vectra ZC, SAAB 9-3 Rear mnt",14-C-7-7,9346140024881,04 Bronze,27,0,0,0,0,3,0,0,1,1,-1,0,2,1,1,1,-1,0,0,0,1,1,1,1,0,0,1,0,0,0,0,0,1,0,1,0,1,0
Em-5843,Colt RG 1.5L 06-08 RH mt M,14-C-6-7,9346140025055,04 Bronze,10,0,0,0,0,0,0,0,1,0,1,0,-1,0,0,0,0,0,0,0,0,1,0,0,0,0,0,0,0,0,0,0,0,0,0,0,0,0
Em-5844,Colt RG 1.5L 02-06 Rear S/Bar,14-C-7-8,9346140025062,04 Bronze,21,0,3,0,1,1,2,2,0,0,1,2,2,1,1,0,0,1,0,0,0,0,3,1,0,2,1,0,0,1,4,0,-1,0,0,2,0,0
Em-5845,Colt RG 1.5T 06-10 Rear S/Bar,14-C-7-8,9346140025079,04 Bronze,14,0,1,0,3,2,1,1,1,1,0,0,1,0,0,0,1,0,4,0,0,1,1,-1,1,0,0,2,1,2,0,0,1,0,4,1,4,1
Em-5845B,Colt RG 1.5T 06-10 Rear S/Bar,14-C-6-7,9346140048030,07 Not Classed,30,0,,,,,,,,,,,,,,,,,,,,,,,,,,,,,,,,,,,,
Em-5846,"Civic FB2,FB3 12-on Rear S/B",14-C-5-8,9346140025086,02 Gold,173,0,10,22,10,16,12,19,19,9,18,25,30,23,24,22,5,18,15,21,10,16,19,13,12,20,10,7,0,3,4,4,6,6,10,11,13,20
Em-5847L,"Out ZE,ZF 02-06 Rear Diff LH",14-C-5-7,9346140025130,04 Bronze,20,40,2,1,0,2,0,1,1,4,1,2,1,1,0,1,3,2,3,2,1,2,4,0,0,0,4,2,0,0,4,1,2,2,2,1,2,0
Em-5847R,"Out ZE,ZF 02-06 Rear Diff RH",14-C-4-7,9346140025147,04 Bronze,16,40,2,1,0,2,0,1,1,4,1,2,1,1,0,1,3,2,3,2,1,2,4,0,0,0,4,2,0,0,3,1,2,2,2,1,2,0
Em-5848,"Liber,Outb 09-12 Frnt Lower mt",14-C-4-8,9346140025253,04 Bronze,45,0,1,6,2,0,1,3,0,2,3,1,1,2,1,0,2,1,4,2,3,0,0,2,5,2,4,-1,3,3,5,2,1,3,2,1,1,2
EM-5849B,"Liber,Outba B15 14-on Frnt L/R",14-B-2-3,9346140044261,04 Bronze,56,120,0,0,0,0,0,0,0,0,0,0,0,0,0,0,0,0,0,0,0,2,2,1,0,0,4,0,8,0,5,5,1,8,2,6,5,-2
Em-5849H,"Liber,Outba 2.5L 09-12 Frt L/R",14-C-3-7,9346140025260,02 Gold,170,300,15,21,17,22,11,19,2,10,10,19,27,20,28,18,0,21,23,36,13,11,23,22,28,21,23,27,37,27,33,24,24,23,32,33,20,18
Em-5850,"Fore,Libe,Outb 2.5L 09-15 Rear",14-C-3-8,9346140025277,04 Bronze,62,0,7,5,4,1,4,3,0,4,8,4,1,4,3,2,3,2,3,2,1,1,9,2,10,4,4,1,8,3,6,2,1,4,8,8,3,4
Em-5851,Civic Hybrid 1.5L 12-on LH W/B,14-C-2-8,9346140025291,04 Bronze,25,0,0,0,0,0,-1,0,0,0,0,0,0,0,0,0,1,4,0,1,0,0,0,1,0,0,0,1,0,0,0,0,0,2,0,1,0,0
Em-5852,"Civi FB2, FB3 1.8,2.0L12-16 RH",14-C-2-7,9346140025307,03 Silver,0,100,2,11,5,14,7,12,10,3,13,17,9,9,16,11,10,11,9,10,3,3,7,8,6,2,5,0,3,5,9,8,5,4,5,11,5,7
Em-5852B,Civic FK2 1.8L R18Z4 12-16 RH,14-B-8-7,9346140044278,04 Bronze,117,0,0,0,0,0,0,0,0,0,0,0,0,0,0,0,0,0,0,3,2,3,7,1,9,8,5,12,3,2,10,3,0,9,6,15,9,13
Em-5853,"Audi, Seat, Skoda VW LH mount",14-C-1-7,9346140025314,03 Silver,49,50,6,4,7,3,3,6,4,7,6,8,8,13,1,8,5,11,11,6,6,3,10,3,15,17,6,8,4,7,6,15,8,7,22,12,6,14
Em-5854,#N/A,#N/A,#N/A,#N/A,#N/A,#N/A,0,1,0,2,0,1,1,1,0,0,1,0,0,2,1,1,2,0,2,2,1,1,0,4,1,1,1,5,1,1,1,0,0,0,0,0
Em-5855,#N/A,#N/A,#N/A,#N/A,#N/A,#N/A,0,0,-1,2,0,1,1,1,0,0,1,0,0,2,1,1,2,0,0,1,1,1,0,4,1,2,1,4,1,1,0,0,0,0,0,0
Em-5856,"Triton 3.2,3.5L 06-09 Rear At",14-B-8-1,9346140025413,04 Bronze,36,0,0,1,0,0,0,0,0,0,0,0,0,0,0,1,0,0,1,0,0,0,0,0,0,1,1,1,0,0,0,0,0,0,0,1,0,0
Em-5856B,Trit MN 2.5L 08-15 Rear At 4WD,14-B-7-1,9346140036792,05 No Sales FY25,58,0,0,0,0,0,0,1,0,0,0,0,0,0,0,0,0,0,0,0,0,0,0,0,0,0,0,0,0,0,0,0,0,0,0,0,0,1
Em-5857,"Accent, Rio JB 06-10 Front mnt",14-B-7-2,9346140025437,04 Bronze,15,30,1,3,3,0,3,0,0,1,2,0,1,2,1,1,1,1,1,0,2,0,1,3,0,0,0,1,0,2,0,0,1,1,2,2,3,0
Em-5858,"Accent, Rio JB 06-10 Rear mnt",14-B-6-2,9346140025444,04 Bronze,22,30,2,2,2,1,1,1,0,-1,1,0,0,0,0,0,0,0,1,0,0,0,0,0,0,0,0,1,3,3,0,0,1,1,1,3,0,1
Em-5859,"Lex CT200H,Prius 09-15 Rear At",14-B-6-1,9346140025451,04 Bronze,41,0,2,1,1,1,1,1,1,5,3,1,1,1,1,5,1,0,0,2,0,1,3,6,1,0,1,7,2,3,0,2,4,7,3,2,3,5
Em-5860,Isuzu Trooper 3.2L Rear mt At,14-B-5-1,9346140025475,05 No Sales FY25,29,0,0,0,0,0,0,0,0,0,1,0,0,0,0,0,0,0,0,0,0,0,0,0,0,0,0,0,0,0,0,0,0,0,0,0,0,0
Em-5861,Cherokee KJ 3.7L V6 Front LH,14-B-5-2,9346140025529,04 Bronze,23,0,0,0,0,0,0,0,0,0,0,0,1,0,0,1,0,0,0,0,0,0,0,0,0,0,0,0,0,0,0,0,0,0,0,0,0,0
Em-5862,Triton ML 06-15 RWD Rear mt,14-B-4-2,9346140025543,04 Bronze,54,0,0,0,0,3,1,0,1,0,0,0,0,1,-1,0,0,0,0,0,0,0,0,1,0,1,1,0,0,0,0,2,1,-1,0,1,0,1
Em-5862B,"Triton ML,MN 06-15 RW R mt OBO",14-B-3-2,9346140042571,04 Bronze,94,0,0,0,0,0,0,0,0,0,1,1,1,3,4,1,0,1,1,1,1,1,4,0,0,3,3,0,0,2,1,0,2,1,0,0,2,0
Em-5863,Cherokee KJ 3.7L V6 Rear mt,14-B-4-1,9346140025550,05 No Sales FY25,30,0,0,0,0,0,0,0,0,0,0,0,0,0,0,0,0,0,0,0,0,0,0,0,0,0,0,0,0,0,0,0,0,0,0,0,0,0
Em-5864,"Dodge Ram 5.2,5.9 V8 Front LH",14-B-3-1,9346140025567,07 Not Classed,18,0,,,,,,,,,,,,,,,,,,,,,,,,,,,,,,,,,,,,
Em-5866,J.Wrangler 4.0L 97-06 Front LR,14-B-2-2,9346140025581,04 Bronze,42,0,1,2,2,0,4,4,0,2,4,0,0,0,0,0,0,1,0,0,0,0,0,0,0,0,0,0,0,0,0,0,0,0,0,2,2,2
Em-5867G,"Klug GSU40,45,50,5 07-14 Frnt",12-C-1-1,9346140025789,04 Bronze,2,0,0,1,8,2,2,5,3,0,0,0,0,0,4,0,0,0,0,2,2,1,1,2,1,0,3,0,1,2,2,0,0,0,0,0,0,1
Em-5867H,"Klug GSU40,45,50,5 07-14 Frnt",14-B-2-1,9346140042175,04 Bronze,152,0,0,0,0,0,0,0,0,2,3,4,0,1,0,0,4,7,3,2,2,4,4,1,3,3,7,7,4,4,8,7,8,12,4,10,4,4
Em-5868,"Volvo S80,XC90 98-06 Rear mt",14-B-1-1,9346140025857,04 Bronze,111,0,1,0,1,-1,0,0,1,-1,0,0,0,2,0,0,0,-1,1,0,0,0,0,0,0,0,0,0,0,0,2,1,1,0,0,0,0,-1
Em-5869,"Vol S60,S80,V70,XC70,XC90 RH",14-B-1-2,9346140025864,04 Bronze,22,30,3,5,0,1,1,0,4,0,1,1,5,3,1,4,1,1,1,1,1,2,1,1,0,3,2,3,1,0,2,1,0,2,1,5,2,1
Em-5870,"Merc A140,160,190 98-05 Front",14-B-8-4,9346140025871,04 Bronze,32,0,0,0,2,0,0,1,0,2,2,2,0,0,0,0,0,0,0,0,0,0,2,2,1,0,0,0,0,0,0,0,0,0,0,2,0,2
Em-5871,"Merc A140, A160 98-05 Rear",14-B-7-4,9346140025888,04 Bronze,34,0,0,0,0,0,0,1,0,2,2,0,0,0,0,0,0,0,2,0,0,0,2,0,1,1,0,0,0,0,0,0,0,0,2,0,0,2
Em-5872,"Vol S60/80,V70,XC90 Front/Rear",14-B-8-3,9346140025925,04 Bronze,22,0,4,4,0,2,3,1,3,2,2,0,3,2,3,6,-2,0,0,0,0,1,0,1,0,2,2,2,2,0,4,3,2,0,1,1,1,0
Em-5873,Wrangler TJ 4.0L 96-07 Rear mt,14-B-7-3,9346140025949,04 Bronze,20,50,2,3,0,1,2,1,0,1,3,3,0,2,2,0,0,5,4,0,1,2,0,1,0,1,0,5,1,5,3,1,1,0,0,3,1,5
Em-5874,Kia K2900 2.9L Front L/R mnt M,14-B-6-4,9346140026199,05 No Sales FY25,4,0,0,0,0,0,0,0,0,0,0,0,-1,0,0,0,0,0,0,0,0,0,0,0,0,0,0,0,0,0,0,0,0,0,0,0,0,0
Em-5875,Kia K2900 2.9L Rear mnt M,14-B-6-3,9346140026205,04 Bronze,6,0,1,0,0,2,1,0,0,0,1,0,0,1,0,0,2,0,0,0,0,0,1,0,0,0,0,0,0,0,0,0,0,0,0,0,0,0
Em-5876,Kia K2700 2.7L Rear L/R mnt M,14-B-5-4,9346140026212,04 Bronze,18,0,0,1,0,2,-2,0,0,0,0,0,2,2,1,0,6,0,2,0,0,0,0,0,0,0,2,2,0,2,2,0,0,0,0,0,0,2
Em-5877H,Clio X65 1.6L 98-06 RH Hydro,14-B-5-3,9346140026229,04 Bronze,30,0,0,0,1,0,0,0,0,1,0,1,1,0,1,0,0,1,0,0,0,0,1,1,0,1,0,0,0,1,1,0,0,0,0,0,0,0
Em-5878,"Volvo S40,V40 95-on RH A",37C-2-2,9346140026236,04 Bronze,22,0,0,0,0,0,1,0,0,0,0,0,0,0,0,1,0,0,1,0,0,1,1,0,0,1,-1,0,0,0,0,0,0,0,0,0,0,0
Em-5879,"Vol C30,S40,V50 5Cyl 04-on RH",14-B-4-3,9346140026243,03 Silver,47,100,10,8,9,6,7,6,1,9,5,4,10,8,12,8,5,7,7,5,2,8,3,5,6,5,12,7,7,12,6,7,6,13,11,10,3,14
Em-5880,"Vol C70,S40,V50 06-on Rear Low",14-B-3-4,9346140026250,04 Bronze,42,100,0,0,0,0,0,0,4,7,4,4,2,6,1,3,3,3,3,1,1,3,2,1,7,2,6,1,1,6,2,5,0,6,3,6,6,7
Em-5881H,SAAB 9-3 1.8L 04-on LH Hydro,14-B-3-3,9346140026267,05 No Sales FY25,5,0,0,0,0,0,0,0,1,0,0,0,0,0,0,0,0,0,0,0,0,0,0,0,0,0,0,0,0,0,0,0,0,0,0,0,0,0
Em-5882,"SAAB 9-3 2.0,2.8L 02-on Frt M",14-B-2-4,9346140026274,04 Bronze,35,0,0,0,0,0,0,0,0,0,0,0,0,0,2,0,-2,0,0,0,0,0,0,0,0,0,0,0,0,0,0,0,0,0,1,0,0,0
Em-5883 (NIL),"SAAB 9-5 2.0,2.3L 98-on Rear",14-B-2-3,9346140026281,07 Not Classed,0,,,,,,,,,,,,,,,,,,,,,,,,,,,,,,,,,,,,,
Em-5884 (NIL),SAAB 9-5 2.3L 97-on LH Upper M,14-B-1-4,9346140027226,07 Not Classed,0,,,,,,,,,,,,,,,,,,,,,,,,,,,,,,,,,,,,,
Em-5884R,"Vol S60,V60,XC60 Rear Lower mt",14-B-1-4,9346140042489,04 Bronze,53,0,0,0,0,2,1,0,0,0,2,0,0,1,1,0,0,1,1,1,1,1,1,3,-1,0,2,0,0,3,1,1,1,1,0,1,0,0
Em-5885B,"Trans.T5 1.9TDi,2.0L 04-10 LH",14-B-1-3,9346140043202,04 Bronze,62,0,0,2,1,1,0,1,0,0,0,0,0,0,0,0,1,0,2,1,1,0,0,2,2,1,0,2,1,0,0,1,1,0,2,0,2,3
Em-5886,SAAB 9-5 2.3L 00-on RH Upper,14-B-8-6,9346140027240,04 Bronze,14,0,1,0,0,0,0,0,0,0,0,0,0,0,0,0,1,0,0,0,0,0,0,0,0,0,0,0,0,0,0,0,0,0,0,0,0,0
Em-5887,SAAB 9-5 All 98-01Torque rod A,14-B-8-6,9346140027257,04 Bronze,11,0,0,0,0,0,0,0,0,0,0,0,0,0,0,0,1,0,0,0,0,0,0,0,0,0,0,0,0,0,0,0,0,0,1,0,0,0
Em-5888,"SAAB 9-3, Vectra C 02-on Front",14-B-8-5,9346140027264,07 Not Classed,8,0,,,,,,,,,,,,,,,,,,,,,,,,,,,,,,,,,,,,
Em-5889 (NIL),"SAAB 900, 9-3 94-on Front RH A",14-B-7-6,9346140027271,07 Not Classed,0,,,,,,,,,,,,,,,,,,,,,,,,,,,,,,,,,,,,,
Em-5889RE,"Foc ST,RS/Maz3 MPS Turbo Rear",14-B-7-6,9346140043189,04 Bronze,44,0,0,0,0,0,0,0,1,2,-1,0,0,1,6,-3,0,1,0,1,1,0,2,0,0,1,1,3,1,1,0,1,0,2,2,3,3,3
Em-5890,"SAAB 900, 9-3 94-on Front RH M",14-B-5-5,9346140027288,04 Bronze,7,0,1,0,1,0,-1,0,0,0,0,0,0,0,0,1,0,0,0,0,2,0,0,0,0,0,0,0,0,0,0,1,0,0,0,0,0,0
Em-5891,"SAAB 9-3,900 2.0,2.3L 94-98 Rr",14-B-6-6,9346140027295,04 Bronze,0,,0,1,0,0,1,0,0,1,0,0,0,0,1,0,0,0,1,0,0,1,0,0,0,0,0,0,0,0,0,0,0,0,0,0,0,0
Em-5892,SAAB 9-3 2.2L Tid 98-03 LH mnt,14-B-6-5,9346140027301,07 Not Classed,10,0,,,,,,,,,,,,,,,,,,,,,,,,,,,,,,,,,,,,
Em-5893H (NIL),SAAB 900 2.0L 85-93 Front Hydr,14-B-6-6,9346140027318,07 Not Classed,0,,,,,,,,,,,,,,,,,,,,,,,,,,,,,,,,,,,,,
Em-5893LHB,"CamAXVH71,Rav4 AXAH52,54 LH WB",14-B-6-5,9346140046739,05 No Sales FY25,18,0,0,0,0,0,0,0,0,0,0,0,0,0,0,0,0,0,0,0,0,0,0,0,0,0,0,0,0,0,0,0,0,0,0,0,2,0
Em-5894H,"SAAB 900,9000 2.0L 89-on Rear",37C-2-2,9346140027325,04 Bronze,1,0,0,1,1,0,-1,0,0,0,0,0,0,0,0,1,1,0,1,1,0,0,0,1,1,0,-2,0,0,0,0,0,0,2,1,0,0,0
Em-5895,"SAAB 9000 2.0,2.3L 90-94 Front",37B-2-4,9346140027332,04 Bronze,13,0,0,0,0,0,0,0,0,0,0,0,0,0,0,1,0,0,0,0,0,0,0,0,2,0,0,0,0,0,0,0,0,0,0,0,0,0
Em-5896,"SAAB 9000 2.0,2.3L 86-89 Front",37B-2-4,9346140027349,04 Bronze,8,0,0,0,0,0,0,0,0,0,0,0,0,0,0,0,0,0,0,1,0,0,0,0,0,0,0,0,0,0,0,0,0,0,0,0,0,2
Em-5897,"SAAB 900 2.0,2.1L 85-93 LH mnt",37C-2-3,9346140027356,04 Bronze,8,0,0,0,1,0,-1,0,0,0,0,0,0,0,0,0,0,0,0,0,0,0,0,0,0,1,0,0,0,0,0,0,0,0,1,0,0,0
Em-5898,"SAAB 900 2.0,2.1L 85-93 RH mnt",37C-1-3,9346140027363,04 Bronze,8,0,0,0,1,0,-1,0,0,0,0,0,0,0,0,0,0,0,0,0,0,0,0,0,0,1,0,0,0,0,0,0,0,0,1,0,0,0
Em-5899,"XC90 2.9,3.2L 06-on RH Lower",37C-1-3,9346140027370,06 First Sale in FY26,21,0,0,0,0,0,0,0,0,0,0,0,0,0,0,0,0,0,0,0,0,0,0,0,0,0,0,0,0,0,0,0,0,0,1,0,0,0
Em-5900,"Volvo S80 2.8,2.9L 98-05 RH At",37C-2-3,9346140027387,07 Not Classed,7,0,,,,,,,,,,,,,,,,,,,,,,,,,,,,,,,,,,,,
Em-5901,"Vol S80 2.8,2.9L 98-05 Centre",37C-2-3,9346140027394,06 First Sale in FY26,4,0,0,0,0,0,0,0,0,0,0,0,0,0,0,0,0,0,0,0,0,0,0,0,0,0,0,0,0,1,0,0,0,0,0,0,0,0
Em-5902,"Volvo S60,S80,V70,XC70 Rear LH",12-C-7-2,9346140027400,04 Bronze,28,50,4,2,0,0,1,0,1,-1,0,0,1,2,3,-2,0,0,-1,1,2,1,0,2,1,6,5,5,2,2,1,0,2,3,1,3,1,3
Em-5903,"Volvo S60,S80,V70,XC70 Rear RH",12-C-6-2,9346140027417,04 Bronze,16,50,3,0,0,0,0,0,1,0,2,1,0,1,4,0,-1,0,-1,2,0,1,0,2,0,5,6,4,2,2,1,3,2,3,1,4,1,2
Em-5904,Vol XC70/90 2.4D 05-11 Rear Up,14-B-1-5,9346140027424,04 Bronze,43,0,0,0,0,0,0,0,0,0,0,0,0,0,0,0,0,0,0,0,0,0,0,0,0,5,3,6,3,1,1,5,2,0,1,4,3,3
Em-5905H,"Vol 960 2.5,2.9L 91-on Front",14-B-8-8,9346140027431,07 Not Classed,21,0,,,,,,,,,,,,,,,,,,,,,,,,,,,,,,,,,,,,
Em-5906H,Vol XC70/90 2.4D 05-11 Rear Lo,14-B-7-7,9346140027448,05 No Sales FY25,41,0,0,0,0,0,0,0,0,0,0,0,0,0,0,0,0,0,0,0,0,0,0,0,0,0,0,0,0,0,0,0,0,2,2,4,1,0
Em-5907,"Fies,Focu,C30 2.0D 07-on Rear",14-B-7-8,9346140027455,04 Bronze,21,0,0,4,0,1,-1,1,1,2,3,2,0,1,3,0,4,1,1,-1,0,0,1,3,4,1,1,1,1,3,5,1,0,2,1,1,2,1
Em-5907B,"Vol C30,S40,V40,V50 09-15 Rear",4-D-1-4,9346140048122,07 Not Classed,60,0,,,,,,,,,,,,,,,,,,,,,,,,,,,,,,,,,,,,
Em-5908,"Fiesta WS,WT 1.4,1.6 09-12 LH",14-B-6-7,9346140027462,04 Bronze,67,30,3,0,6,1,1,0,1,1,3,2,2,2,3,6,2,1,0,2,1,3,0,2,0,3,0,3,2,2,3,1,2,7,4,1,1,6
Em-5908B,Fiesta WZ 1.6T 13-15 LH Mtm,14-B-7-5,9346140046708,06 First Sale in FY26,19,30,0,0,0,0,0,0,0,0,0,0,0,0,0,0,0,0,0,0,0,0,0,0,0,0,0,0,0,0,0,0,0,1,0,0,0,0
Em-5909L,Nav D22 2.5TD 08-on Front LH,14-B-6-8,9346140028032,04 Bronze,47,0,0,1,2,1,0,1,0,1,0,1,1,2,1,3,1,-1,0,0,-1,0,0,3,1,0,0,1,1,0,0,1,3,0,0,4,3,3
Em-5909R,Nav D22 2.5TD 08-on Front RH,14-B-5-8,9346140028049,04 Bronze,63,0,1,1,2,2,0,1,1,0,0,1,3,0,0,0,0,0,0,0,-1,0,0,1,1,0,0,1,1,0,0,2,3,0,0,2,3,4
Em-5910,Dodge Journey 2.7L V6 08-12 RH,14-B-5-7,9346140028339,04 Bronze,182,0,3,6,10,9,10,6,3,7,4,8,8,8,3,10,2,4,4,1,0,0,2,2,0,3,4,3,1,2,1,2,0,0,0,1,1,1
Em-5910RH,"Aven,Jour,Sebr 07-on RH W/B",14-B-5-6,9346140042304,04 Bronze,55,0,0,0,0,0,0,0,0,0,0,0,0,0,0,0,0,0,1,4,1,0,4,2,0,4,2,2,3,5,2,2,0,1,0,1,2,1
Em-5911,Barina TM 1.6L 11-on Rear SBar,14-B-4-8,9346140027493,03 Silver,87,100,3,14,18,13,9,7,4,7,4,1,9,10,7,11,9,6,11,11,10,9,11,9,6,8,9,13,9,14,11,12,11,5,9,12,13,13
Em-5912H,Barina TM 1.6L 11-on RH mount,14-B-4-7,9346140027509,02 Gold,217,0,45,55,59,65,65,31,16,39,36,23,36,45,42,36,45,30,29,30,16,19,22,25,20,32,32,41,33,34,21,20,15,25,27,18,24,31
Em-5913,"A4 B6 1.8,2.0L 01-09 Rear CVT",14-B-3-8,9346140027516,04 Bronze,23,0,1,1,0,0,0,0,1,0,0,3,1,0,0,1,0,1,1,1,1,0,2,2,0,-1,2,2,0,0,0,0,0,0,0,-1,0,1
Em-5914H,"Fore,Impr,Libe 03-on Front LH",14-B-3-7,9346140027523,04 Bronze,158,0,2,5,6,4,4,0,0,4,4,-2,2,1,1,2,4,1,0,2,1,1,6,0,0,2,6,6,2,6,1,2,3,3,0,2,3,2
Em-5915H,"Fore,Impr,Libe 03-on Front RH",14-B-2-7,9346140027530,04 Bronze,155,0,3,4,7,5,5,1,0,8,1,-1,3,2,1,1,3,1,1,2,1,2,5,0,0,2,5,7,2,5,1,3,4,3,1,3,3,2
Em-5916H,G.Vitara JB424 2.4L Front L/R,14-B-2-8,9346140027547,04 Bronze,42,60,4,2,2,1,2,2,2,0,2,2,7,0,0,5,0,0,1,0,3,-1,0,1,3,5,1,4,0,1,2,5,3,3,4,8,2,2
Em-5917H=EM-5916H,G.Vitara JB424 2.4L Front RH,14-B-1-8,9346140027554,06 First Sale in FY26,0,,0,0,0,0,0,0,0,0,0,0,0,0,0,0,0,0,0,0,0,0,0,0,0,0,0,0,0,0,0,0,0,0,1,0,0,0
Em-5918H,Mazda 3 2.0L 09-13 RH Hydro,9-B-1-5,9346140027561,01 Platinum,275,200,80,63,64,63,59,59,58,66,62,63,60,68,71,103,62,53,64,48,52,40,69,57,45,71,82,100,79,64,70,49,64,55,58,77,66,96
Em-5919,"Journey,Sebring 2.7 07-12 Rear",14-B-1-7,9346140027578,04 Bronze,66,0,2,0,4,2,0,0,0,3,1,1,5,0,0,3,0,1,1,-1,0,0,1,2,0,4,3,2,0,2,1,1,1,1,0,3,1,1
Em-5920,"D.Avenger,C.Sebring 2.7L LH A",14-A-8-1,9346140027585,04 Bronze,44,50,4,4,2,5,6,5,4,5,2,2,8,2,2,7,2,3,2,0,1,1,4,6,1,4,4,6,1,7,2,1,0,4,1,4,2,1
Em-5921H,"Liber,Outb 3.0L 03-09 LH Hydro",14-A-8-2,9346140027592,04 Bronze,30,0,2,3,3,5,2,0,1,0,0,0,3,1,2,2,2,3,0,0,1,2,1,1,3,2,3,2,2,2,2,1,0,2,7,6,1,2
Em-5922H,"Liber,Outb 3.0L 03-09 RH Hydro",14-A-7-2,9346140027608,04 Bronze,29,0,2,3,1,3,1,0,0,1,0,0,2,0,2,1,2,4,0,0,1,2,0,1,4,2,3,2,2,2,2,1,0,1,7,5,1,2
Em-5923H,"Sub BRZ,For,Imp,XV 2.0 Frnt LH",14-A-7-1,9346140027615,04 Bronze,12,40,2,0,0,0,1,2,4,0,1,2,2,0,0,3,0,1,0,2,2,0,1,1,3,0,2,3,2,5,0,7,1,1,0,3,4,2
Em-5924H,"Sub BRZ,For,Imp,XV 2.0 Frnt RH",14-A-6-1,9346140027622,04 Bronze,22,30,2,0,-1,1,0,1,4,0,1,3,1,0,0,1,0,1,0,0,2,0,1,1,1,1,2,2,2,4,1,6,0,2,2,4,1,3
Em-5925,"Fore,Impr,XV 2.0L 12-16 Rear",14-A-6-2,9346140027639,04 Bronze,157,0,1,3,5,0,0,5,2,1,2,6,4,2,2,2,0,5,3,8,1,3,1,4,4,1,5,4,3,6,3,7,2,13,2,8,4,1
Em-5926,"86 ZN6R,BRZ ZC6 2.0 12-22 Rear",14-A-5-2,9346140027646,04 Bronze,21,0,0,0,0,0,0,0,0,0,0,1,0,0,0,0,0,1,0,0,0,0,1,0,0,3,0,0,0,0,0,0,1,0,0,0,0,1
Em-5927,"CRV RM1,RM4 Upper Torque Rod",14-A-5-1,9346140027653,04 Bronze,11,30,0,0,0,0,1,1,3,0,1,-1,0,0,0,1,0,1,0,2,1,-1,1,0,0,1,1,0,0,1,1,3,1,0,0,1,0,0
Em-5928,"CRV RM1,RM4 Lower Torque Rod",14-A-4-2,9346140027660,04 Bronze,29,0,0,0,1,0,0,1,3,0,1,-1,1,0,1,1,0,2,0,3,1,1,2,4,2,2,0,0,2,1,4,3,3,4,-1,0,3,3
Em-5929,Civ FB2 1.8L 12-16 Lower Rod M,14-A-4-1,9346140027677,04 Bronze,29,60,5,-1,4,0,1,0,0,2,1,1,2,1,2,0,1,0,1,2,1,1,1,3,0,2,0,0,3,-1,6,4,5,5,4,16,5,0
Em-5930,"Focus,Kuga,C30,S40,V50 Rear Up",14-A-3-2,9346140027684,02 Gold,108,100,8,10,10,9,7,3,2,7,11,7,7,8,13,15,9,7,14,12,6,10,10,8,14,12,13,9,13,15,19,10,13,19,7,13,10,18
Em-5931,"Focus ST,Kuga TF 2.0L RH mnt",14-A-3-1,9346140027691,04 Bronze,166,0,4,2,4,3,1,5,3,3,1,3,1,4,5,3,4,3,6,6,2,2,6,2,6,2,4,6,6,5,5,4,3,4,5,9,8,3
Em-5932,Civic FC1 1.5L Turbo Rear CVT,14-A-2-2,9346140027707,04 Bronze,11,0,0,0,0,0,0,1,0,0,0,0,0,0,0,0,0,0,0,1,0,0,0,2,0,0,0,1,0,0,1,0,0,0,0,0,8,4
Em-5933,G.Cherokee WK 11-on Rear mnt,14-A-2-1,9346140027714,04 Bronze,105,0,1,0,2,1,4,2,2,2,0,4,1,5,0,0,4,0,-1,0,0,0,-1,0,2,2,-1,1,1,2,7,2,0,0,1,0,7,-1
Em-5934H,Dualis 2.0L 07-14 RH FWD Hydro,5-A-3-5,9346140028513,02 Gold,239,300,33,35,37,25,32,35,8,29,32,21,27,23,32,37,22,19,22,28,11,9,17,34,30,16,26,28,25,21,20,23,16,22,28,26,20,27
Em-5935,"Cruz JH 1.6,1.8L 13-16 Front A",14-A-1-2,9346140028520,04 Bronze,18,0,1,-1,0,1,1,0,1,0,0,1,0,1,0,0,0,0,2,1,1,-3,0,0,0,0,0,1,1,1,0,1,0,2,0,0,1,-1
Em-5935B,Cruze JG 2.0TD 09-11 Front A&M,14-A-8-7,9346140045404,04 Bronze,9,0,0,0,0,0,0,0,0,0,0,0,0,0,0,0,0,0,0,0,0,0,0,0,0,0,1,0,0,0,0,0,0,0,0,0,0,0
Em-5936,"Jour 2.7,Sebr 2.4L 07-12 Rear",14-A-1-1,9346140028537,04 Bronze,20,0,3,1,0,0,0,1,1,1,0,1,0,1,0,0,1,1,0,0,1,1,0,0,0,0,0,1,1,1,1,0,0,0,0,0,0,0
Em-5937,Nis 370Z 3.7L V6 09- Front mnt,14-A-8-4,9346140028544,05 No Sales FY25,32,0,0,0,0,0,0,0,2,0,0,0,0,2,0,0,0,0,0,0,0,0,0,0,0,0,0,0,0,0,0,0,0,0,0,0,0,0
Em-5938,SantaFe CM 2.2TD 4WD Front mnt,14-A-8-3,9346140028551,04 Bronze,105,0,3,3,3,2,4,2,0,0,1,1,0,2,1,7,3,2,3,3,2,4,0,1,5,2,2,4,3,7,4,2,2,5,2,8,5,9
Em-5939,"Bari RS 1.4, TM 1.6 11-on LH M",14-A-7-3,9346140033104,04 Bronze,61,0,4,2,3,4,1,0,1,2,2,-1,4,3,4,1,4,1,5,0,0,4,3,2,0,6,4,7,7,4,0,3,1,1,4,4,5,3
Em-5940H,"Mazda MPS 2.3T,SP25 RH Hydro",7-A-3-5,9346140028575,02 Gold,217,100,25,25,26,20,35,42,30,23,36,20,25,44,34,35,25,36,26,14,17,23,44,34,22,20,20,24,29,18,25,26,24,22,21,26,16,17
Em-5941,"Vol S60,S80,XC60,XC70 RH T/Rod",14-A-7-4,9346140028582,03 Silver,127,0,7,10,12,11,14,11,6,6,4,5,14,9,14,9,6,11,3,9,5,4,7,5,6,5,5,7,5,10,8,5,7,5,5,10,7,9
Em-5942H,"Vol S60,S80,V60,XC60-70 07 RH",14-A-6-3,9346140028599,03 Silver,131,0,1,5,6,3,2,1,2,4,2,3,5,9,7,8,5,5,3,5,4,3,3,7,8,5,7,8,4,4,7,3,8,5,5,11,9,10
Em-5943,"Dualis,X-trail 07-on Rear TRod",14-A-6-4,9346140028605,01 Platinum,343,300,51,41,63,50,49,60,36,48,47,47,52,42,45,64,33,54,62,25,23,32,28,62,40,33,44,46,45,39,25,42,30,34,27,41,39,48
Em-5944L,"Colora RC,Rod RA 2.4L Front LH",14-A-5-3,9346140028612,04 Bronze,35,0,0,2,0,0,1,1,1,1,0,0,0,0,1,1,1,0,1,0,1,3,2,2,0,1,-1,0,1,1,2,1,2,1,3,0,0,1
Em-5944R,"Colora RC,Rod RA 2.4L Front RH",14-A-4-3,9346140029039,04 Bronze,83,0,0,2,0,0,1,1,1,1,0,0,0,0,0,2,1,0,1,0,1,2,2,1,0,1,-1,0,1,1,1,1,0,1,2,0,0,0
Em-5945H,"Mini R50,53 1.6 00-03 Front mt",14-A-5-4,9346140028629,04 Bronze,92,0,0,6,2,3,1,1,0,4,2,3,3,1,2,-1,2,3,1,2,0,1,1,4,3,4,4,5,8,7,7,5,1,5,0,3,2,2
Em-5946,"A4 B6,B7 1.8T,2.0L 1-08 Rear M",14-A-4-4,9346140028636,05 No Sales FY25,29,0,0,0,0,0,0,0,0,0,0,0,0,0,0,0,0,0,0,0,0,0,0,0,0,0,0,0,0,0,0,0,0,0,0,0,0,0
Em-5947,"Trans.T5 1.9,2.0L 04-on Front",14-A-3-4,9346140028643,04 Bronze,26,0,0,0,0,1,1,-1,1,0,1,0,1,0,1,2,1,0,0,0,1,1,2,0,0,2,0,3,0,1,1,1,0,1,0,1,2,3
Em-5948H,"Audi Q7,Touareg 03-10 Frnt L/R",14-A-2-4,9346140028650,04 Bronze,23,0,2,1,2,0,0,2,0,0,0,0,0,0,2,0,0,4,0,0,0,0,0,0,0,0,0,0,0,1,2,0,0,0,0,0,0,0
Em-5949,"Aud1 A1 8X,VW Polo 6R,9N LH mt",14-A-3-3,9346140028667,04 Bronze,32,0,3,3,0,0,2,1,3,3,1,0,1,0,0,2,7,3,1,1,2,1,1,1,4,7,1,2,1,2,2,6,1,1,3,4,6,4
Em-5950S,Accord CP3 3.5L 08-on Front Hy,14-A-2-3,9346140028674,04 Bronze,19,0,1,0,2,0,0,0,0,0,0,0,2,0,0,0,0,2,0,1,0,0,0,0,0,0,0,0,0,0,0,0,0,0,0,0,0,1
Em-5951S,Accord CP3 3.5L 08-on Rear Hyd,14-A-1-3,9346140028681,04 Bronze,26,0,0,0,0,0,0,0,0,0,0,0,2,0,0,0,0,1,0,1,0,0,0,0,0,0,0,0,0,0,0,0,0,0,0,0,0,0
Em-5952,Honda Civic FB2 1.8L 12-15 LH,14-A-1-4,9346140032695,04 Bronze,8,50,2,0,1,2,0,0,2,2,1,0,-1,0,0,2,2,1,1,1,0,0,2,0,3,1,2,1,2,4,5,2,2,4,1,9,0,5
Em-5952B,Civic FB2 1.8L LH w/bracket M,3-B-10-5,9346140028698,04 Bronze,8,0,0,0,0,0,0,0,0,1,0,0,0,0,0,0,0,0,0,1,0,0,0,1,0,1,1,0,1,-1,1,0,-1,0,0,0,0,0
Em-5953,"Maz3/6,CX5 2.5L 12-17 Rear SBa",14-A-8-6,9346140028704,03 Silver,89,0,3,6,4,4,4,9,4,4,7,6,11,11,9,10,11,3,5,6,10,7,10,7,4,10,9,11,12,9,9,19,10,8,6,17,12,11
Em-5954H,"Maz 3, CX-5 14-on RH Hydro mnt",14-A-8-5,9346140028711,03 Silver,8,100,0,5,4,5,2,4,4,1,1,3,4,2,10,9,0,6,6,6,1,3,9,5,4,6,8,6,7,12,9,12,13,11,8,13,10,13
Em-5955,Colt RG 1.5L 02-13 LH mount At,14-A-7-6,9346140028728,04 Bronze,19,0,1,0,1,0,0,0,0,0,0,0,0,0,0,0,0,0,0,0,0,1,0,0,0,0,0,0,0,0,0,0,0,0,0,0,0,1
Em-5956,"Santa CM,Sore XM 2.4,2.7L Rear",14-A-7-5,9346140037881,03 Silver,13,100,5,2,5,3,2,2,2,2,5,0,4,4,2,6,5,1,5,4,3,9,4,4,5,7,2,7,5,7,5,3,2,8,3,7,7,8
Em-5956G,"Santa CM,Sore XM 2.4,2.7L Rear",15-D-15-10,9346140029244,04 Bronze,0,,0,0,0,0,0,1,0,0,0,0,1,1,0,0,0,0,0,1,0,0,0,0,0,0,0,0,1,0,0,0,0,0,0,0,0,0
Em-5957,"SantaFe CM,Soren XM 2.4L LH A",14-A-6-6,9346140040447,04 Bronze,52,0,0,1,3,0,2,3,0,1,2,0,1,2,2,2,2,0,0,0,0,0,0,0,0,3,3,4,3,4,3,2,1,2,3,6,2,3
Em-5957G=EM-5957,"SantaFe CM,Soren XM 2.4L LH A",14-A-6-6,9346140029251,07 Not Classed,0,,,,,,,,,,,,,,,,,,,,,,,,,,,,,,,,,,,,,
Em-5958,"Bari RS 1.4, TM 1.6 11-on LH A",14-A-6-5,9346140033913,03 Silver,32,110,5,6,12,9,4,7,2,5,3,1,5,5,9,3,5,9,5,7,3,5,2,5,4,5,7,5,3,7,3,1,6,7,8,6,6,2
Em-5959,X-Trail T32 2.5L 14-on R S/Bar,14-A-5-6,9346140029275,04 Bronze,46,50,0,0,1,2,2,0,0,0,3,5,4,4,-1,1,3,1,2,2,2,5,4,5,5,-1,1,7,0,2,5,5,3,2,5,11,4,4
Em-5960H,X-Trail T32 2.5L 14-on RH mnt,14-A-5-5,9346140029282,03 Silver,112,0,7,4,4,9,4,3,4,5,4,1,2,5,1,4,4,3,2,3,2,9,10,3,7,5,5,13,15,11,10,9,1,3,3,14,2,10
Em-5961,X-Trail T32 2.5L 14-on RH SBar,14-A-4-6,9346140029299,03 Silver,64,100,1,4,2,5,5,3,0,1,6,5,1,6,0,7,2,2,3,3,6,11,7,6,10,2,0,0,8,7,8,7,8,6,5,12,10,10
Em-5962B,"iX35 LM 2.0,2.4L 10-13 RH Hy",14-A-5-7,9346140044179,04 Bronze,3,20,0,0,0,0,0,0,0,0,0,0,0,0,0,0,0,0,-1,0,0,0,0,1,0,0,1,-1,2,0,1,0,1,0,0,1,0,-2
Em-5962H,"iX35,Sportage 2.0D 10-15 RH Hy",14-A-4-5,9346140036143,03 Silver,28,100,13,6,13,6,3,6,3,7,16,13,14,13,9,13,7,5,3,4,5,6,6,6,2,8,8,13,14,9,6,8,11,8,7,10,17,13
Em-5963H,"Merc ML280-350,R320-350 F LHRH",14-A-3-5,9346140029312,04 Bronze,36,0,0,4,2,0,0,0,0,0,4,0,4,0,3,2,-1,1,0,1,0,3,1,4,3,0,0,2,1,0,0,2,-2,2,1,0,7,2
Em-5964,XC90 4.4L V8 06-11 RH Lower mt,14-A-3-6,9346140029329,04 Bronze,44,0,0,0,0,0,0,0,0,1,0,0,0,0,0,0,0,0,0,0,0,0,0,0,1,0,0,1,-1,0,0,1,0,0,0,0,0,0
Em-5965,"BMW X5 E53 4.4,4.6L 00-03 Rear",14-A-2-6,9346140029985,04 Bronze,39,0,0,0,0,0,0,0,0,0,0,0,0,0,0,0,0,0,0,1,0,0,0,0,0,0,0,0,0,0,0,1,0,0,0,0,0,0
Em-5966H,"Kang,Mega,Scen X84 1.6L RH",14-A-2-5,9346140029992,04 Bronze,26,0,2,1,0,0,1,0,1,0,1,0,0,0,0,0,0,0,1,1,0,0,0,0,0,0,1,3,0,0,0,0,0,0,2,0,0,0
Em-5967,"Mega X84,Scen J84 1.6L Rear mt",14-A-1-6,9346140021590,04 Bronze,28,0,0,0,0,0,0,0,0,0,0,0,0,0,0,0,0,0,0,0,0,0,0,0,0,0,1,0,0,0,0,0,0,0,0,0,0,0
Em-5968,"Focus, Vol C30,C70,S40,V50 LH",14-A-1-5,9346140021606,03 Silver,76,0,10,4,7,6,6,3,2,3,8,5,9,9,12,10,5,9,4,3,4,10,4,3,6,8,8,3,5,8,8,6,3,15,9,15,13,15
Em-5969,Fiesta WS/T/Z 1.6L 09-on RH WB,14-B-6-4,9346140021613,04 Bronze,17,0,4,2,4,4,2,4,1,3,2,0,0,3,3,5,5,2,2,0,0,1,8,0,1,0,0,0,0,0,0,0,0,2,2,0,1,1
Em-5970=EM5953,Maz 3 2.0L 14-on Rear S/Bar M,14-A-8-8,9346140021620,07 Not Classed,0,,,,,,,,,,,,,,,,,,,,,,,,,,,,,,,,,,,,,
Em-5970LHA,Barina MJ 1.2L 12-16 LH A,14-A-8-8,9346140043813,04 Bronze,26,0,0,0,0,0,0,0,0,0,0,0,0,0,0,0,1,0,1,0,1,0,0,0,1,0,0,0,0,0,0,0,0,0,0,0,0,0
Em-5971,"BMW X3 E83 2.5,3.0L LH At",14-A-7-8,9346140021637,04 Bronze,45,0,0,0,1,0,0,0,0,0,0,0,0,1,0,0,0,0,1,1,0,0,0,0,1,0,0,0,0,0,1,0,0,0,0,0,0,0
Em-5972,"BMW X3 E82 2.5,3.0L RH mnt",14-A-6-8,9346140021644,04 Bronze,26,0,0,0,0,0,0,0,0,0,1,0,0,0,0,0,0,0,1,0,0,0,0,0,1,0,0,0,0,0,0,0,0,0,0,0,0,0
Em-5973,"Maz3/6,CX5 2.0,2.5L 12-17 LH",14-A-7-7,9346140021651,03 Silver,98,0,4,2,1,5,4,3,7,5,7,8,8,6,10,6,12,9,6,13,7,3,15,10,8,9,4,1,6,8,17,14,12,6,10,17,13,24
Em-5974,"Captiva 5,7 2.4L 11-on Front A",14-A-6-7,9346140021668,04 Bronze,28,0,0,0,0,0,0,1,0,1,0,0,1,1,0,1,0,0,0,1,1,0,0,0,0,0,1,2,2,2,1,2,0,2,2,0,0,1
Em-5975,Lexus LS430 4.3L 03-07 Rear A,14-A-5-8,9346140021675,04 Bronze,16,0,0,1,0,0,0,1,0,0,2,0,0,2,2,0,0,0,2,0,0,0,1,0,1,1,-1,3,1,0,0,0,1,1,-1,0,0,0
Em-5976,"Cruze 1.4,1.8,2.0L 09-16 Rear",14-A-5-8,9346140021682,04 Bronze,18,0,0,1,1,3,0,1,1,0,1,2,2,1,1,0,0,2,0,0,0,1,0,1,0,2,1,2,-1,1,2,2,1,1,1,0,3,0
Em-5977H,"Infi FX37,50/Sky 350,370 Front",14-A-4-7,9346140021712,04 Bronze,13,0,4,0,0,0,0,0,0,0,0,0,0,0,0,0,0,0,0,2,0,0,0,0,0,0,0,0,2,2,0,2,0,0,2,2,0,4
Em-5978,Barina MJ 1.2 10-on Rear S/Bar,14-A-4-8,9346140033920,04 Bronze,21,100,1,4,5,3,0,2,0,3,1,3,3,3,2,6,3,3,5,2,1,2,2,0,1,3,2,0,2,1,0,2,2,2,0,3,3,4
Em-5978G,Barina MJ 1.2 10-on Rear SBar,14-A-5-2,9346140021729,05 No Sales FY25,13,0,0,0,1,0,1,0,0,0,0,0,0,0,0,0,0,0,0,0,0,0,0,0,0,0,0,0,0,0,0,0,0,0,1,0,0,0
Em-5979,Barina MJ 1.2L 10-on LH mnt,14-A-3-7,9346140021736,04 Bronze,31,0,1,0,1,0,0,2,-1,1,1,1,1,0,0,2,1,2,2,2,0,0,0,1,0,1,0,1,0,2,0,0,0,0,0,0,1,0
Em-5980,Barina MJ 1.2L 10-on RH mnt,14-A-2-7,9346140021743,04 Bronze,10,10,0,0,1,0,0,-1,1,1,0,2,1,0,0,0,0,1,2,2,0,0,0,0,0,0,0,1,0,1,0,0,0,0,0,1,1,0
Em-5981,"Santa Fe, Soren XM 2.2,3.5L RH",14-A-3-8,9346140033937,04 Bronze,104,0,2,5,4,2,6,2,1,3,4,0,0,4,2,4,5,1,4,4,2,3,2,3,6,4,6,12,4,5,6,5,5,5,4,7,3,4
Em-5982,"Acc RB,Hy.Velos 1.6L Front S/B",14-A-2-8,9346140021767,03 Silver,144,0,8,9,6,5,6,12,5,2,8,9,5,5,8,8,9,7,8,6,3,5,8,4,6,5,8,11,7,12,7,6,4,2,10,4,7,8
Em-5983,"Acce RB,Hyun.Velos 1.6L LH Mtm",14-A-1-8,9346140040430,04 Bronze,60,0,1,1,2,2,2,1,1,2,3,2,1,3,2,2,0,1,1,0,0,5,0,1,1,1,2,2,1,2,0,2,0,2,0,1,3,0
Em-5983G=EM-5983,"Acce RB,Hyun.Velos 1.6L LH Mtm",14-A-1-8,9346140026113,07 Not Classed,0,,,,,,,,,,,,,,,,,,,,,,,,,,,,,,,,,,,,,
Em-5984H,"A3 1.8T, Golf 1.8T LH Hydro At",14-A-1-7,9346140030080,05 No Sales FY25,43,0,0,0,0,0,0,0,0,0,0,0,1,0,0,0,0,0,0,0,0,0,0,0,0,0,0,1,0,0,0,0,0,0,0,0,0,0
Em-5985H,"VW Lupo,Polo 1.4 00-02 RH Hydr",24-A-1-1,9346140030097,05 No Sales FY25,21,0,0,0,0,0,0,0,0,0,0,1,0,0,0,0,0,0,0,0,0,0,0,0,0,0,0,0,0,0,0,1,0,0,0,0,0,0
Em-5986H,VW Tiguan 5N 1.4L 11-16 RH M,5-A-1-5,9346140030103,04 Bronze,64,0,0,1,0,1,0,0,0,0,0,1,1,2,1,0,2,1,0,3,1,3,1,2,-1,1,1,1,3,0,4,1,1,0,0,3,0,0
Em-5987H,"A6 C6 2.4,2.8,3.0,3.2L V6 LH A",24-A-2-1,9346140030110,05 No Sales FY25,57,0,0,0,0,0,0,0,0,0,1,0,0,0,0,0,0,0,0,0,0,0,0,0,0,0,0,0,0,0,0,0,0,0,1,0,0,0
Em-5988H,"A6 C6 2.4,2.8,3.0,3.2L V6 RH A",24-A-3-1,9346140030127,04 Bronze,35,0,0,0,0,0,0,0,0,0,1,1,0,0,0,0,1,0,0,0,0,0,0,0,0,0,0,0,0,0,0,0,0,0,1,0,0,0
Em-5989,"BMW X3 E83 2.5,3.0L Rear A",9-B-9-3,9346140030134,04 Bronze,88,0,4,1,1,1,2,1,3,1,2,0,2,4,0,3,2,4,3,6,7,2,2,2,2,2,5,4,0,3,4,5,1,1,1,1,2,3
Em-5990H,VW Polo 6N 1.6L AEE RH Hydro M,24-A-4-1,9346140031414,05 No Sales FY25,48,0,0,0,0,0,0,0,0,0,0,0,0,0,0,0,0,0,0,0,0,0,0,0,0,0,0,0,0,0,0,0,0,0,0,0,0,0
Em-5991,VW Polo 6N 1.6L AEE Rear M,24-A-5-1,9346140031421,06 First Sale in FY26,48,0,0,0,0,0,0,0,0,0,0,0,0,0,0,0,0,0,0,0,0,0,0,0,0,0,0,0,0,0,0,1,0,0,0,0,0,0
Em-5992,"VW Lupo,Polo 1.4/1.9TDi Rear",24-A-6-1,9346140031438,04 Bronze,39,0,0,0,0,0,1,0,0,0,0,0,0,0,0,0,0,0,0,0,1,1,0,1,1,1,0,0,0,1,0,0,0,0,0,0,0,0
Em-5993,"Trans.T5 1.9,2.0L 04-on LH M",24-A-7-1,9346140031445,04 Bronze,15,0,0,0,0,0,0,0,1,0,0,0,1,1,-1,1,1,1,1,0,2,0,0,0,1,1,0,0,1,0,0,0,0,0,0,0,1,1
Em-5994H,"Trans.T5 1.9TDi,2.0L 04-10 RH",3-D-4-5,9346140031452,04 Bronze,55,0,3,3,3,2,0,2,1,1,1,2,2,2,1,5,2,3,6,2,-1,2,5,1,6,5,2,2,4,4,0,3,2,1,1,4,7,4
Em-5995,"Peug206 1.4,1.6,2.0 Frnt Up RH",24-A-8-1,9346140031469,04 Bronze,17,0,0,0,2,1,0,0,0,1,1,-1,1,0,0,0,0,1,1,3,1,0,1,-1,0,1,3,1,1,0,2,0,0,1,1,0,2,1
Em-5996,"Peug206 1.4,1.6,2.0 Rear Up RH",24-A-9-1,9346140031476,04 Bronze,31,0,0,0,0,0,0,0,0,0,1,0,0,0,0,2,0,0,0,0,0,0,1,0,0,0,0,0,1,0,1,0,0,0,0,0,1,0
Em-5997H,"Citro C5,Peug 508 1.6L RH Hydo",24-A-10-1,9346140031483,04 Bronze,32,0,1,0,1,0,1,0,0,1,0,2,0,0,0,0,0,1,0,0,0,0,0,0,1,0,0,0,0,1,0,1,0,0,0,0,1,0
Em-5998,Megane X84 1.6L 03-07 LH mnt A,24-A-11-1,9346140031490,04 Bronze,24,0,0,0,0,0,1,1,-2,0,0,0,0,1,0,0,0,1,0,0,0,0,0,2,1,1,1,1,3,-1,0,1,1,-1,0,1,0,-1
Em-5999,CRV RM1 2.0L 12-16 RH At,24-A-1-2,9346140031506,04 Bronze,26,0,0,0,0,0,0,0,1,0,0,0,1,0,-1,0,1,1,1,2,2,-2,1,1,0,1,1,2,1,0,0,1,1,0,2,6,0,0
Em-6000,Accord CP3 3.5L LH Upper mt,24-A-2-2,9346140031643,04 Bronze,19,0,0,0,0,0,0,0,0,0,0,0,1,0,0,0,1,1,0,0,0,0,0,0,1,1,0,0,0,0,0,0,0,0,0,0,0,0
Em-6001,Skyline 250GT V35 01-06 Rear,24-A-3-2,9346140031650,05 No Sales FY25,14,0,0,0,0,0,0,0,0,0,0,0,0,0,0,0,0,0,0,0,0,0,0,0,0,0,0,0,0,0,0,0,0,0,1,0,0,0
Em-6002,Peug 308/3008 & C4 RH mnt,6-C-2-5,9346140031667,04 Bronze,13,0,1,1,1,1,0,1,1,2,1,0,0,0,3,0,0,2,0,1,1,1,0,2,2,0,0,0,0,0,1,0,0,1,0,2,1,2
Em-6003,Civic FK2 1.8L R18A2 RH mount,9-C-3-5,9346140031674,04 Bronze,19,20,0,1,-1,0,1,1,2,1,2,3,1,2,0,3,2,4,2,0,1,0,1,0,0,1,1,0,3,1,1,1,3,0,0,2,5,1
Em-6004LH,iLoad 2.5L TD 08-15 Front LH,24-A-5-2,9346140041567,04 Bronze,55,0,4,0,2,1,1,1,2,0,-1,0,1,3,1,0,1,-1,0,0,1,1,2,0,0,0,0,0,1,1,0,2,2,0,1,0,1,1
Em-6004LHB,iLoad 2.5L TD 08-15 Front LH,24-B-5-2,9346140031681,04 Bronze,46,0,0,0,0,0,0,0,1,3,-1,0,3,0,2,0,0,0,0,0,0,0,0,0,1,0,0,0,4,0,2,-1,0,0,0,1,-1,1
Em-6004RH,iLoad 2.5L TD 08-15 Front RH,24-A-6-2,9346140041574,04 Bronze,83,0,4,0,3,1,2,1,3,0,-1,0,1,2,3,0,1,-1,0,1,1,2,2,0,0,0,0,0,1,1,0,2,2,0,1,0,1,1
Em-6004RHB,iLoad 2.5L TD 08-15 Front RH,24-B-4-2,9346140032077,04 Bronze,18,0,0,0,0,0,0,0,0,3,0,-1,3,0,0,0,0,0,0,0,0,0,0,0,2,0,0,0,4,0,2,-1,0,0,0,0,-1,1
Em-6005,"Audi Q3,VW Tiguan 2.0T RH mnt",10-B-6-5,9346140031698,04 Bronze,12,20,0,2,2,0,0,0,0,1,1,1,1,2,0,1,1,6,2,2,1,0,3,1,4,1,2,2,2,1,4,1,1,2,3,5,5,4
Em-6005C,"Audi Q3,VW Tiguan 2.0T RH mnt",9-C-5-5,9346140043349,04 Bronze,32,0,0,0,0,1,0,0,0,0,0,1,0,0,0,0,0,0,1,0,0,0,0,0,2,0,1,0,1,0,1,1,0,0,0,1,0,0
Em-6006,"Lancer CG,CH 2.0L 02-05 LH A",24-A-4-2,9346140031704,04 Bronze,15,0,1,1,0,0,1,0,0,2,0,0,0,0,1,1,3,3,1,0,1,0,0,3,1,1,0,0,3,-1,0,1,1,3,-1,1,2,3
Em-6007,Coro 1.8L ZRE172 14- Front CVT,9-C-6-5,9346140031711,04 Bronze,27,0,0,0,2,1,0,1,0,2,0,0,0,1,0,3,1,1,1,0,0,0,0,1,0,1,2,0,1,0,2,-1,0,1,1,1,0,1
Em-6008,Coro 1.8L ZRE172 14-on LH CVT,24-A-9-2,9346140031728,04 Bronze,28,0,0,0,1,1,1,-1,0,1,0,0,0,0,0,3,0,1,3,0,0,0,0,0,0,1,2,0,0,1,0,0,0,1,1,1,0,1
Em-6009,Rav4 ASA44 2.5L 13-on LH mt,24-A-10-2,9346140031735,04 Bronze,18,0,0,1,1,0,0,0,0,1,1,0,0,0,0,1,0,1,0,0,3,0,0,0,1,0,0,1,0,0,0,1,1,1,0,4,1,0
Em-6010,Rav4 ASA44 2.5L 13-on Rear mt,24-A-11-2,9346140032329,04 Bronze,42,0,0,0,0,0,1,2,0,1,0,0,0,0,1,2,2,0,0,1,5,0,0,0,0,1,0,1,0,0,1,2,3,1,0,4,2,-1
Em-6011,"Merc C/E/G/S-Class,CLK,CLS Rea",9-C-6-4,9346140032336,04 Bronze,32,0,0,2,3,3,9,3,4,6,4,2,3,6,2,1,3,4,2,1,3,4,3,1,3,6,4,3,4,2,5,8,1,4,10,6,5,8
Em-6012,Lan CJ EVO X 2.0 08-16 Rear 6M,24-A-12-2,9346140032343,04 Bronze,13,0,0,0,0,0,0,0,0,0,0,0,0,0,0,0,0,0,0,0,0,0,2,1,0,0,0,0,0,0,0,0,0,0,0,0,0,1
Em-6013LH,BT50/Ranger PX 11-15 Front LH,9-A-3-5,9346140032350,02 Gold,348,0,23,23,22,37,35,20,15,19,32,32,28,25,26,25,28,40,22,23,20,17,23,27,26,25,27,25,24,27,21,29,26,26,23,29,19,30
Em-6013RH,BT50/Ranger PX 11-15 Front RH,9-A-2-5,9346140032992,01 Platinum,318,0,44,48,54,63,63,47,31,35,45,51,30,31,49,57,45,54,34,32,32,31,35,37,46,36,40,43,32,38,41,43,33,35,50,41,31,49
Em-6014,"Vol 850,C/S/V70 R/Upper Torque",24-A-1-3,9346140032886,05 No Sales FY25,25,0,0,1,0,0,0,0,0,0,1,0,0,0,0,0,0,0,0,0,0,0,0,0,0,0,0,0,0,0,0,0,0,0,0,0,0,0
Em-6015G,"San CM,Sore XM 3.5L 09-15 Rear",24-A-2-3,9346140032893,05 No Sales FY25,7,0,0,0,0,-1,1,0,0,0,0,0,0,0,0,0,0,0,0,0,0,0,0,0,0,0,0,0,0,0,0,0,0,0,0,0,0,0
Em-6016G,"San CM,Sore XM 3.5L 09-15 LH",24-A-3-3,9346140032909,04 Bronze,8,0,1,0,0,-1,0,0,0,0,0,0,0,0,0,0,0,0,0,0,0,0,0,0,0,0,0,0,0,0,0,0,0,0,0,0,0,0
Em-6017,"iX35 LM,Spor SL 2.0 10-13 Frnt",9-C-8-5,9346140032916,03 Silver,56,50,5,1,8,1,5,1,0,3,5,3,2,5,4,3,3,1,0,4,2,2,6,2,10,9,8,7,4,6,7,10,10,3,5,9,5,10
Em-6017B,"Santa Fe 2.2,3.3L 12-18 Front",9-C-7-5,9346140046876,06 First Sale in FY26,18,50,0,0,0,0,0,0,0,0,0,0,0,0,0,0,0,0,0,0,0,0,0,0,0,0,0,1,1,2,2,1,0,4,0,0,1,1
Em-6017G=EM-6017,"iX35 LM,Spor SL 2.0 10-13 Frnt",24-B-2-3,9346140040973,07 Not Classed,0,,,,,,,,,,,,,,,,,,,,,,,,,,,,,,,,,,,,,
Em-6018,"iX35 LM,Spor SL 2.0 10-13 LH A",9-C-9-5,9346140037942,04 Bronze,19,60,6,2,5,2,-1,0,1,1,4,-1,4,1,3,2,3,4,2,0,4,1,1,1,6,5,7,7,8,2,6,4,3,3,0,1,7,4
Em-6019,"iX35 LM,Spor SL 2.0 10-13 LH M",24-A-4-3,9346140039649,04 Bronze,19,0,0,0,0,0,0,0,0,0,0,0,0,0,0,1,1,0,0,1,1,1,0,0,0,2,1,1,0,0,0,1,1,0,0,0,0,0
Em-6019G=EM-6019,"iX35 LM,Spor SL 2.0 10-13 LH M",24-B-11-4,9346140032930,07 Not Classed,0,,,,,,,,,,,,,,,,,,,,,,,,,,,,,,,,,,,,,
Em-6020H,"Acc RB,i40 VF,Rio UB, CerYD RH",11-A-4-5,9346140038420,02 Gold,213,0,8,8,10,9,12,19,5,5,10,5,10,9,17,31,22,22,16,10,8,4,11,12,13,13,15,17,10,17,21,10,8,10,10,11,12,12
Em-6021,VW Tiguan 2.0L 5N 07-on LH Mtm,24-A-5-3,9346140032954,04 Bronze,15,0,0,0,1,0,-1,0,0,0,0,0,0,0,1,0,1,-1,-1,1,0,0,0,0,0,0,0,0,1,0,1,1,1,1,1,0,0,0
Em-6022,"Hon Fit,HRV,Jaz 14- Rear T/Rod",9-C-10-5,9346140032961,04 Bronze,32,0,0,0,0,0,0,0,0,1,1,0,2,2,0,0,0,0,0,0,0,0,3,0,2,2,3,1,0,3,2,0,1,2,0,0,0,0
Em-6023H,"City GM,Fit GK,HRV RU RH MCVT",9-D-2-5,9346140032978,04 Bronze,55,0,1,1,4,2,1,3,0,2,2,1,6,6,0,0,0,1,3,1,5,2,2,3,4,4,12,4,3,8,6,6,4,4,3,6,9,7
Em-6024,Civ ES9 Hybrid 1.3L 04-06 LH A,24-A-7-3,9346140033128,04 Bronze,31,0,2,0,1,1,1,0,1,0,0,0,0,0,1,1,0,0,0,0,0,0,0,0,1,0,0,0,0,0,0,0,0,0,1,0,0,0
Em-6025,Ignis M13A 00-on Front RH mnt,24-A-8-3,9346140033135,04 Bronze,20,0,0,2,0,0,1,0,1,1,0,-1,0,0,0,2,2,1,0,0,0,-1,0,0,0,0,1,2,0,1,0,0,0,1,0,0,3,-2
Em-6026H,"Mond MC,Vol S60,V60,XC60 RH A",9-D-3-5,9346140038413,04 Bronze,22,30,2,0,0,2,3,1,1,0,2,2,1,0,1,0,1,1,1,1,2,5,0,3,1,0,2,1,1,2,2,0,2,-1,5,1,0,0
Em-6027H,"G.Cherokee 3.0,3.6L V6 Frt L/R",11-A-5-5,9346140033159,01 Platinum,227,300,32,28,43,30,36,25,39,25,34,56,39,37,22,47,59,40,37,23,25,37,37,25,37,29,34,39,31,43,60,38,19,32,36,41,32,40
Em-6028,GT-R R35 3.6L Front LH/RH DCT,24-A-9-3,9346140033166,06 First Sale in FY26,17,0,0,0,0,0,0,0,0,0,0,0,0,0,0,0,0,0,0,0,0,0,0,0,0,0,0,0,0,1,0,0,0,0,0,0,0,0
Em-6029H,"Merc C280,C300,E350 Front L/R",9-D-4-5,9346140033173,04 Bronze,110,0,2,0,0,0,0,2,-2,1,0,0,0,4,2,2,1,3,3,0,4,0,4,1,4,3,9,4,0,3,4,14,3,8,6,6,6,11
Em-6030S,"A6 C7,A7 4G 11-15 LH Hydro L/R",9-D-5-5,9346140033180,04 Bronze,38,0,0,2,0,0,0,0,0,0,8,6,2,2,2,0,0,2,0,0,1,0,0,2,1,1,0,6,0,1,-1,2,3,1,1,3,0,3
Em-6031,Odyssey RC1 2.4L Rear Low SBar,9-D-6-5,9346140033197,02 Gold,253,0,3,5,5,7,8,10,9,6,7,4,1,1,6,9,8,12,10,9,9,19,20,10,9,9,16,16,13,17,11,12,10,13,15,11,12,7
Em-6032,Odyssey RC1 2.4L RH Upper SBar,9-D-7-5,9346140033203,04 Bronze,26,0,0,1,0,1,2,1,1,0,1,0,0,0,1,0,0,1,1,0,1,1,1,0,0,1,1,3,4,0,0,1,0,1,0,0,3,2
Em-6033H,Odyssey RC1 2.4L RH Hydro,9-D-7-3,9346140033210,05 No Sales FY25,13,0,4,0,-1,2,4,0,1,0,1,1,0,0,0,3,1,2,4,0,1,3,0,2,2,3,3,3,4,1,1,2,2,3,-1,0,0,3
Em-6033HB,Odyssey RC1 2.4L RH Hydro W/B,9-D-8-5,9346140047347,06 First Sale in FY26,70,0,0,0,0,0,0,0,0,0,0,0,0,0,0,0,0,0,0,0,0,0,0,0,0,0,0,0,0,0,0,2,0,3,1,0,2,0
Em-6034,Ford Ecosport BK 1.5L 13-on LH,9-D-9-5,9346140033227,04 Bronze,26,0,1,0,0,0,0,0,0,1,0,0,0,0,0,1,0,0,0,1,0,0,1,0,0,1,-1,0,0,0,1,0,1,0,0,1,0,1
Em-6036,Lndcrsr VDJ200 4.5L Front LH,24-A-10-3,9346140042656,04 Bronze,16,0,0,0,0,0,0,0,0,0,0,0,0,0,1,0,0,0,0,0,0,0,0,0,0,0,0,1,1,0,0,0,0,0,0,1,0,0
Em-6036G=EM-6036,Lndcrsr VDJ200 4.5L Front LH,24-A-10-3,9346140033241,07 Not Classed,0,,,,,,,,,,,,,,,,,,,,,,,,,,,,,,,,,,,,,
Em-6037,Lndcrsr VDJ200 4.5L Front RH,24-A-11-3,9346140042663,06 First Sale in FY26,16,0,0,0,0,0,0,0,0,0,0,0,0,0,0,0,0,0,0,0,0,0,0,0,0,0,0,1,1,1,0,0,0,0,0,1,0,0
Em-6037G,Lndcrsr VDJ200 4.5L Front RH,24-A-11-3,9346140033258,04 Bronze,1,0,0,1,1,0,0,0,0,0,0,1,0,0,1,0,1,0,0,0,0,0,0,0,0,0,1,0,1,0,0,0,0,0,0,0,0,0
Em-6038,Camry AVV50 2.5L 12-on RH SBar,8-A-1-5,9346140040874,03 Silver,213,200,8,2,5,2,3,14,7,4,26,42,19,16,7,8,10,12,5,10,6,15,4,5,11,11,6,11,4,4,9,10,12,10,5,22,16,7
Em-6039G,Hilux VZN167/172 3.4L Rear Man,24-A-12-3,9346140033272,04 Bronze,0,,0,0,0,0,0,0,0,0,0,0,0,0,1,1,0,0,0,0,0,0,0,0,0,0,0,0,0,0,0,0,0,0,0,0,0,0
Em-6040,"Viano,Vito W639 04-15 Front LR",8-A-2-5,9346140033289,04 Bronze,92,0,4,10,2,0,6,2,0,0,2,2,2,2,5,0,4,8,-2,2,2,4,6,6,2,3,10,11,2,8,8,4,3,4,2,2,10,3
Em-6041,Hilux TGN16 2.7L 05- Rear Aÿÿÿ,24-B-1-1,9346140033296,04 Bronze,27,0,0,0,0,0,0,1,1,1,0,0,0,0,2,0,0,0,0,0,0,0,0,1,0,0,0,0,0,0,0,0,2,1,0,0,0,0
Em-6042,"CRV RE4,RM4 Rear Diff Upperÿÿÿ",8-B-2-3,9346140033302,04 Bronze,50,0,2,0,2,0,0,0,1,0,0,4,0,2,2,4,2,2,0,0,0,0,2,4,2,0,2,0,0,2,4,2,2,0,0,2,0,0
Em-6043,"Civ EF/G/K/S,CRV RD Rr Diff Up",8-B-3-3,9346140033319,03 Silver,211,0,20,6,29,10,3,2,1,4,23,18,12,7,0,9,6,5,16,11,3,4,12,1,12,8,19,13,18,12,17,18,6,15,26,18,23,10
Em-6044,"Civ EF/G/K/S,CRV RD R/Diff Low",8-B-4-3,9346140033692,03 Silver,299,0,18,12,29,8,2,4,1,4,19,18,10,10,5,9,4,14,9,9,3,2,18,2,12,13,18,12,14,10,17,19,8,14,21,16,23,12
Em-6045,Vito W638 113 2.0L Front LHÿ,24-B-2-1,9346140033708,04 Bronze,19,0,0,0,0,0,0,1,0,0,0,0,0,0,0,0,0,0,2,0,0,0,0,0,0,0,0,0,0,0,0,0,0,0,0,0,0,0
Em-6046,"Smart Cab,City,For,Road Front",8-B-3-5,9346140033715,04 Bronze,25,30,2,0,0,3,0,3,0,2,1,5,2,1,2,8,3,5,2,1,2,6,1,1,0,4,2,1,6,1,3,1,1,0,2,1,3,6
Em-6047,"Smart Cab,City 450 03-04 Rr LH",8-B-4-5,9346140033722,04 Bronze,23,40,1,0,0,3,3,2,0,1,1,2,1,2,1,1,4,3,1,0,2,4,3,1,0,4,3,2,6,2,0,1,2,0,3,0,2,1
Em-6048,"Smart Cab,Cit,For,Road Rear RH",8-B-5-5,9346140033739,04 Bronze,16,30,1,0,0,3,3,4,-1,1,1,3,4,1,1,1,3,2,0,0,0,0,0,0,0,4,3,2,6,2,2,1,1,0,3,0,3,1
Em-6049H,"i45 YF 2.0,2.4L 10-13 RH mount",8-B-6-5,9346140033746,04 Bronze,32,0,3,2,3,9,4,1,7,1,4,2,-1,5,0,2,3,4,5,1,1,3,3,0,3,2,0,1,0,3,4,4,1,5,2,3,0,8
Em-6050,CRV RM4 2.4L 12-17 RH mnt,24-B-3-1,9346140033753,04 Bronze,37,0,2,0,0,0,0,2,0,0,0,-1,0,1,0,1,1,0,1,2,1,0,0,1,0,2,0,-1,0,1,0,0,1,0,0,2,0,0
Em-6051,Hilux GUN122-136 15-on Front,8-B-7-5,9346140033760,03 Silver,180,60,14,12,15,0,6,7,2,16,6,17,2,6,10,11,6,1,12,16,14,6,13,0,22,4,4,3,7,8,13,6,7,10,6,8,13,19
Em-6052,"Vol S60/80,V60,XC60-70 Rear RH",8-B-8-5,9346140033777,04 Bronze,16,60,5,2,0,2,7,5,4,1,1,6,2,4,7,2,3,5,2,7,1,2,1,1,4,2,4,1,2,1,0,4,4,3,2,10,6,4
Em-6053H,X-Trail T31 2.0L 11-14 RH Hydr,8-B-9-5,9346140033784,03 Silver,54,30,1,3,9,8,6,9,3,9,6,4,5,8,5,7,7,9,6,5,3,2,13,5,7,7,3,8,13,7,3,12,13,7,5,7,6,8
Em-6054,Kia Rondo UN 2.0L 08-13 LH,24-B-4-1,9346140034040,04 Bronze,4,20,0,0,0,0,0,0,0,0,0,0,0,0,0,0,1,0,0,1,0,0,0,0,0,0,1,0,0,0,0,0,0,0,0,0,0,0
Em-6055D,Pajero NM-NX 99-15 Front Diff,24-B-5-1,9346140034057,04 Bronze,49,0,0,0,0,1,1,0,1,1,0,0,0,0,1,0,2,2,1,0,1,3,3,2,0,1,1,1,0,3,7,1,0,0,1,2,1,1
Em-6056H,Rav4 ASA44 2.5L 13-on RH Hydro,24-B-6-1,9346140034064,04 Bronze,31,0,2,1,1,0,0,0,0,1,1,0,0,0,0,1,1,1,1,1,3,0,3,1,0,0,2,3,3,4,0,1,0,0,0,7,1,6
Em-6057,Optima TF 2.4L 11-15 Front mnt,8-C-1-5,9346140037317,04 Bronze,29,0,-1,3,0,1,1,0,4,0,1,2,0,1,1,1,1,1,0,1,0,1,0,0,0,1,1,1,0,0,0,1,1,1,0,2,0,0
Em-6058L,"F250,F350 7.3TD 01-07 Front LH",24-B-7-1,9346140034088,04 Bronze,15,0,0,0,0,0,0,0,0,0,0,0,1,0,0,0,0,0,0,0,0,0,0,0,1,1,0,0,0,0,0,0,1,0,0,1,0,0
Em-6058R,"F250,F350 7.3TD 01-07 Front RH",24-B-8-1,9346140036457,04 Bronze,16,0,0,0,0,0,0,0,0,0,0,0,1,0,0,0,0,0,0,0,0,0,0,0,1,0,0,0,0,0,0,0,1,0,0,1,0,0
Em-6059HL,G.Wall V/X200 2.0TD Front LH,24-B-9-1,9346140034095,04 Bronze,23,0,1,0,0,1,0,0,0,1,0,1,0,0,1,0,0,0,0,0,1,0,0,0,0,2,0,0,0,0,0,0,1,0,0,0,0,1
Em-6059HR,G.Wall V/X200 2.0TD Front RH,24-B-10-1,9346140036471,05 No Sales FY25,36,0,1,0,1,2,0,0,0,0,0,0,0,0,1,0,0,0,0,0,0,0,0,0,0,0,0,0,1,0,0,0,0,0,0,0,0,1
Em-6060L,G.Wall V/X240 09-on Front LH,24-B-11-1,9346140034101,04 Bronze,30,0,1,0,1,0,0,0,1,0,-1,0,0,0,0,0,0,0,1,0,0,0,0,0,0,0,1,1,0,1,0,0,0,2,1,-1,1,0
Em-6060R,G.Wall V/X240 09-on Front RH,24-B-12-1,9346140036488,04 Bronze,20,0,1,0,1,0,0,0,0,0,0,0,0,0,0,0,0,0,1,0,0,0,0,1,0,0,1,1,0,0,0,0,0,2,1,-1,1,0
Em-6061H,"A3,Golf,Jetta,Passat RH Hydro",8-C-2-5,9346140034118,04 Bronze,27,60,4,0,4,0,2,2,0,1,1,2,2,4,0,1,1,4,4,3,1,0,3,4,4,10,3,0,3,2,3,1,1,3,8,2,2,3
Em-6062,"Sprinter W906, Vito W639 Front",8-C-3-5,9346140034125,04 Bronze,67,0,0,0,1,2,0,2,0,0,2,2,6,2,2,2,0,0,6,1,0,0,0,5,1,0,4,2,4,5,2,4,2,2,1,0,1,2
Em-6063,Micra K13 1.5L 10-17 LH mnt,8-C-6-2,9346140034132,04 Bronze,14,30,0,0,1,0,2,0,1,0,3,0,1,0,0,1,1,2,0,0,0,1,1,2,2,1,0,1,0,1,0,0,0,2,0,0,1,0
Em-6064=EM-5647,Elantra HD 2.0L 06-11 Rear At,24-A-11-4,9346140036495,07 Not Classed,0,,,,,,,,,,,,,,,,,,,,,,,,,,,,,,,,,,,,,
Em-6065,Elantra HD 2.0L 06-11 Rear mnt,24-B-2-2,9346140036501,04 Bronze,6,0,0,0,0,0,0,0,0,0,0,0,0,0,0,0,0,1,0,0,0,0,0,1,1,1,0,1,1,0,0,0,0,0,0,0,0,0
Em-6066,Wrangler JK 3.6L 12-on LH mnt,24-B-3-2,9346140036518,04 Bronze,21,0,0,0,0,0,0,0,0,0,0,0,0,1,0,0,0,0,1,0,0,1,0,1,1,1,0,1,1,0,0,0,0,0,0,1,1,0
Em-6067,Wrangler JK 3.6L 12-on RH mnt,24-B-4-2,9346140036525,04 Bronze,24,0,0,0,0,0,0,0,0,0,0,0,0,2,0,0,0,0,1,0,0,0,0,0,0,0,0,1,1,0,0,0,0,0,0,1,1,0
Em-6068,Wrangler JK 3.8L 07-12 Frnt LH,3-A-4-5,9346140036532,04 Bronze,19,0,-1,1,0,0,0,1,0,0,0,0,0,0,0,0,1,0,0,0,0,0,0,0,0,0,0,0,0,0,0,0,0,0,0,0,0,0
Em-6069,Wrangler JK 3.8L 07-11 Frnt RH,24-B-6-2,9346140036549,04 Bronze,21,0,-1,1,0,0,0,0,0,0,0,0,0,0,0,0,1,0,0,0,0,0,0,0,0,0,0,0,0,0,0,0,0,0,0,0,0,0
Em-6071H,Chrys 300 3.6L 12-on Front L/R,8-C-5-5,9346140036563,04 Bronze,11,0,0,0,5,1,2,1,1,0,2,5,0,2,6,1,0,0,0,0,0,2,2,2,0,2,2,1,0,0,4,2,-2,2,0,5,10,3
Em-6072,G.Chero WJ 4.0L 99-00 Rear 4WD,24-B-7-2,9346140036570,05 No Sales FY25,6,0,0,1,0,0,0,0,0,0,0,0,1,0,0,0,0,0,0,0,0,0,0,0,0,0,0,0,1,0,0,0,0,1,0,0,0,0
Em-6073,Hummer H3 3.7L 07-10 RH mount,24-B-8-2,9346140036587,04 Bronze,33,0,0,0,0,0,0,1,0,0,0,0,0,0,0,0,0,0,0,0,0,0,1,1,2,3,0,1,2,-2,0,2,1,0,1,1,3,0
Em-6073B,Hummer H3 3.7L 07-10 LH mount,24-B-9-2,9346140043042,04 Bronze,22,0,0,0,0,0,0,0,0,0,0,0,0,0,0,0,0,0,0,0,0,0,0,2,0,1,-1,1,2,-2,0,0,2,0,1,1,0,0
Em-6074,"Captiva CG LE5,LE9 2.4L LH At",24-B-9-2,9346140036594,05 No Sales FY25,2,0,0,0,0,1,0,0,0,0,0,0,0,0,0,0,0,0,0,0,0,0,0,0,0,0,0,1,0,0,0,0,1,0,0,0,0,0
Em-6075,"Captiva CG LE5,LE9 2.4L RH A&M",8-C-6-5,9346140036600,04 Bronze,63,0,0,1,2,1,0,2,0,0,0,3,1,1,0,1,0,1,0,2,1,0,1,0,0,0,2,2,1,0,2,3,0,1,2,1,2,6
Em-6076H,Chero KK/Wran JK 2.8L Front Hy,8-C-7-5,9346140036617,04 Bronze,6,0,0,2,4,2,0,0,4,0,0,0,4,2,4,1,0,2,2,0,0,0,2,4,0,2,0,0,0,0,0,0,2,0,0,2,2,2
Em-6077,Captiva CG 2.0TD 06-13 Front M,24-B-10-2,9346140036624,04 Bronze,58,0,0,1,0,1,1,0,0,0,1,0,0,0,0,0,0,0,0,1,0,1,0,1,0,0,0,0,0,1,0,0,0,0,0,0,0,0
Em-6078,Wrang JK 3.8L 07-11 Rear w/brk,24-B-11-2,9346140036631,05 No Sales FY25,11,0,0,1,0,0,0,0,1,0,0,0,0,1,0,0,0,0,0,0,0,0,0,0,0,0,0,0,0,0,0,0,0,0,0,0,0,1
Em-6079,"Comm XH/G.Chero WK 4.7,5.7L Rr",24-B-1-3,9346140036648,06 First Sale in FY26,19,0,0,0,0,0,0,0,0,0,0,0,0,0,0,0,0,0,0,0,0,0,0,0,0,0,0,0,0,0,0,0,0,0,0,0,0,1
Em-6080,Com XH/G.CherWK 06-10 Frnt Dif,24-B-2-3,9346140036655,04 Bronze,37,0,0,0,0,0,1,1,0,0,3,0,0,0,1,1,2,1,1,1,0,0,0,0,3,0,1,2,1,2,1,0,1,0,1,1,0,1
Em-6081,Cruze JH 2.0TD 11-15 Front M,24-B-3-3,9346140036662,04 Bronze,18,10,1,0,0,0,0,0,0,0,0,0,0,1,0,0,0,0,0,0,0,1,0,3,0,0,0,0,0,1,0,1,0,0,0,0,0,0
Em-6082,"Bari RS,TM 11-16 TRod brkt mtm",8-C-10-5,9346140036679,04 Bronze,66,0,0,0,2,1,1,0,0,1,1,1,1,0,0,1,0,1,0,0,2,-1,0,0,1,0,2,0,1,0,0,0,1,1,0,2,2,1
Em-6083LH,"G.Chrokee WK,WH 4.7L V8 LH",24-B-4-3,9346140036686,07 Not Classed,18,0,,,,,,,,,,,,,,,,,,,,,,,,,,,,,,,,,,,,
Em-6083RH,"G.Chrokee WK,WH 4.7L V8 RH",24-B-5-3,9346140036747,07 Not Classed,18,0,,,,,,,,,,,,,,,,,,,,,,,,,,,,,,,,,,,,
Em-6084,CRV RM4 2.4L 12-17 Front mnt A,24-B-6-3,9346140036815,04 Bronze,12,0,0,0,0,1,0,1,0,0,0,-1,0,0,0,0,0,0,0,2,1,1,-1,0,0,0,0,0,1,1,0,0,0,1,0,0,0,0
Em-6085,"City GM6,Jazz GK5 1.5L LH CVT",23-A-4-2,9346140036822,04 Bronze,10,0,0,1,0,1,0,0,0,0,0,0,0,0,0,0,0,0,0,0,0,0,0,0,0,0,0,0,0,0,0,0,3,0,1,1,0,0
Em-6086,Hilux GUN125/126 15-on Rear mt,8-D-4-5,9346140036839,04 Bronze,32,0,0,1,1,0,2,2,0,1,1,1,0,1,1,0,1,0,4,0,2,0,1,0,1,1,-1,0,2,0,1,2,1,2,3,2,0,4
Em-6087,Prius Hyb NHW20 1.5L Front S/B,24-B-8-3,9346140036846,04 Bronze,10,0,0,0,0,0,0,0,0,0,0,0,0,0,0,0,0,0,0,0,0,1,0,0,0,0,1,0,1,0,1,0,0,0,0,0,0,0
Em-6088,Lex RX270 AGL10 2.7L S/Bar,24-B-9-3,9346140036853,04 Bronze,49,0,2,0,0,1,0,0,0,0,0,0,0,0,0,1,0,0,0,0,0,0,0,1,1,1,1,2,1,0,2,3,0,2,0,1,0,1
Em-6089LH,D-Max TF 3.0L 12-on Front LH,8-D-7-5,9346140036860,04 Bronze,9,100,0,2,0,0,2,0,0,2,3,2,2,6,0,0,2,3,2,1,1,0,2,2,-1,1,2,3,3,4,3,3,0,0,3,5,1,2
Em-6089RH,D-Max TF 3.0L 12-on Front RH,8-D-8-5,9346140036877,04 Bronze,14,80,0,2,1,0,2,0,0,2,3,4,1,7,0,0,2,3,2,1,1,0,3,2,-1,1,0,3,3,3,3,3,2,1,4,5,3,3
Em-6090,D-Max 3.0L 12-on Rear 2WD A,24-B-10-3,9346140036884,04 Bronze,24,0,0,0,0,-1,1,1,0,0,0,0,0,1,0,0,1,1,0,0,0,0,2,-1,0,0,0,1,0,1,0,0,3,0,-1,4,0,0
Em-6091,D-Max 3.0L 12-on Rear 2WD M,24-B-11-3,9346140036891,04 Bronze,15,0,0,0,0,0,0,0,0,0,0,0,0,0,0,0,0,0,0,0,0,0,0,0,0,0,1,0,1,0,0,0,0,0,0,0,0,0
Em-6092,D-Max 3.0L 12-on Rear 4WD At,8-D-9-5,9346140036273,03 Silver,38,100,3,3,1,6,6,1,0,3,3,8,8,4,2,7,6,4,8,10,1,4,6,3,8,2,3,14,3,2,2,3,1,7,4,12,8,8
Em-6093,Focus LW 1.6L 11-on RH hydro,8-D-10-5,9346140036280,03 Silver,131,0,8,7,5,5,9,3,5,5,5,5,12,12,12,13,4,5,4,4,4,3,3,4,4,4,1,4,4,11,4,8,4,2,7,5,5,7
Em-6094,Santa FE CM 2.7 V6 07-09 RH,23-A-1-1,9346140036297,04 Bronze,0,,0,1,0,0,0,0,0,1,0,0,0,1,1,0,0,0,0,0,0,0,1,0,0,0,0,0,0,0,2,1,0,0,0,0,0,0
Em-6095,Cerato TD 2.0L 09-13 LH Auto,7-A-1-5,9346140036303,04 Bronze,26,0,0,1,2,1,0,1,0,2,0,0,1,0,0,0,3,1,0,0,0,0,0,0,1,0,0,0,1,1,1,0,0,4,0,-1,0,0
Em-6096L,"LX570 5.7L, L URJ202 4.6L F/LH",23-A-3-1,9346140036310,05 No Sales FY25,28,0,0,0,0,0,0,1,0,0,0,0,0,0,0,0,0,0,0,0,0,0,0,0,0,0,0,0,0,0,0,0,0,0,0,0,0,0
Em-6096R,"LX570 5.7L, L URJ202 4.6L F/RH",23-A-2-1,9346140036327,07 Not Classed,29,0,,,,,,,,,,,,,,,,,,,,,,,,,,,,,,,,,,,,
Em-6097,Accord CU2 2.4L 08-15 LH Mtm,23-A-4-1,9346140036334,04 Bronze,24,0,0,0,0,0,0,0,0,0,0,0,0,0,0,0,0,0,1,1,1,0,0,1,0,0,1,0,0,0,0,0,0,0,0,0,0,0
Em-6098,Accord CU2 2.4L 08-15 Rear Mtm,23-A-5-1,9346140036341,04 Bronze,23,0,1,-1,1,1,0,-1,0,0,0,0,0,0,0,0,0,0,0,1,0,0,0,0,0,0,0,0,0,0,0,0,0,0,1,0,0,0
Em-6099,Prado GRJ121 4.0L 02-09 Front,23-A-6-1,9346140036358,04 Bronze,23,0,0,0,0,0,0,0,0,0,0,0,0,0,0,0,0,0,0,0,0,1,0,2,0,0,0,0,0,0,0,0,0,0,0,0,0,0
Em-6100H,"i20 PB 1.4,1.6L 10-on RH Hydro",7-B-1-5,9346140036365,04 Bronze,24,150,0,1,0,1,1,3,2,1,3,4,0,3,0,1,5,6,3,4,1,1,3,5,5,3,2,5,10,6,8,3,0,0,14,5,7,4
Em-6101LH,"Ranger PXII,BT50 UR 15-on F/LH",7-B-3-5,9346140037430,04 Bronze,95,0,4,2,6,3,7,2,5,2,7,3,4,4,6,4,2,7,8,3,1,1,2,3,2,5,6,5,1,8,5,6,2,5,4,5,5,5
Em-6101RH,"Ranger PXII,BT50 UR 15-on F/RH",7-B-2-5,9346140037447,03 Silver,112,0,6,6,7,7,6,2,6,2,8,2,5,7,7,4,3,8,7,5,1,2,2,3,3,6,5,6,3,7,6,8,1,5,3,5,3,6
Em-6102,"A4,A6,Allroad 97-09 Rear LH/RH",7-B-6-5,9346140037454,04 Bronze,43,0,0,0,2,2,0,0,0,0,1,2,2,2,2,2,0,0,0,0,0,0,0,2,0,2,0,2,0,0,0,0,0,0,0,2,2,0
Em-6104,"Yaris NCP130/131 1.3,1.5L LH M",23-A-7-1,9346140037645,04 Bronze,7,0,0,0,2,0,0,0,0,0,0,0,0,1,0,0,1,0,0,0,0,0,0,0,0,0,0,0,0,0,0,0,0,1,0,0,0,0
Em-6105,"Swift AZ,FZ 1.2,1.6 12-on 75mm",23-A-8-1,9346140037485,04 Bronze,26,160,0,2,0,0,0,0,0,0,1,0,0,1,1,0,4,5,4,7,2,7,6,8,1,-1,-1,6,0,8,7,1,5,1,0,-1,2,1
Em-6105B,Swift FZ 1.4L 11-17 Rear 66mm,23-A-1-T,9346140048412,06 First Sale in FY26,105,0,0,0,0,0,0,0,0,0,0,0,0,0,0,0,0,0,0,0,0,0,0,0,0,0,0,0,0,0,0,0,2,2,4,3,4,4
Em-6106,Swift AZ 1.2L 17-on LH A&M,23-A-1-2,9346140037492,04 Bronze,63,0,0,0,0,0,0,0,0,1,0,0,0,0,0,0,0,0,0,0,0,0,-2,0,1,0,0,2,0,0,0,0,2,0,0,0,0,0
Em-6107,"Swift AZ 1.2, FZ 1.4L 11-on RH",7-B-7-5,9346140037508,02 Gold,186,150,12,15,9,16,17,14,2,16,8,12,19,23,18,16,16,13,13,16,7,17,7,15,8,19,15,15,15,24,16,10,12,10,14,21,14,21
Em-6108,Alto GF 1.0L 09-15 Rear mount,7-B-8-5,9346140037515,04 Bronze,88,100,2,5,1,6,1,3,4,-2,0,0,3,5,2,2,2,3,3,6,-1,0,3,3,1,6,10,6,11,3,5,10,7,4,5,9,6,5
Em-6109,Alto GF 1.0L 09-15 RH mount,7-B-10-5,9346140037522,03 Silver,190,0,7,11,11,6,6,8,9,7,3,5,5,10,6,10,7,8,5,6,2,1,11,9,1,12,10,11,15,12,10,8,8,7,4,17,10,9
Em-6110,Mirage LA 1.2L 13-on LH mnt,7-C-10-3,9346140037539,04 Bronze,1,0,1,1,2,4,1,1,1,2,2,2,1,1,1,4,2,2,1,2,1,-1,0,2,3,3,1,3,-1,7,6,3,4,3,1,1,0,1
Em-6110A,Mirage LA 1.2L 13-on LH WB Mtm,7-C-2-5,9346140043721,04 Bronze,76,0,0,0,0,0,0,0,0,0,0,0,0,0,0,0,0,1,1,1,0,1,0,0,0,0,0,0,1,0,0,1,0,1,1,2,0,1
Em-6110B,Mirage LA 1.2L 13-on LH W/B At,7-C-1-5,9346140048146,06 First Sale in FY26,71,0,0,0,0,0,0,0,0,0,0,0,0,0,0,0,0,0,0,0,0,0,0,0,0,0,0,0,0,0,0,0,0,0,1,4,1,1
Em-6111,Mirage LA 1.2L 13-on Front S/B,7-C-3-5,9346140037546,04 Bronze,20,80,1,2,1,5,2,1,4,1,2,3,1,1,1,3,0,2,0,4,1,1,0,2,4,1,1,5,2,8,6,3,3,2,2,7,1,1
Em-6112=EM-6112B,Mirage LA 1.2L 13-on RH mount,7-C-4-5,9346140037553,06 First Sale in FY26,0,,0,0,0,0,0,0,0,0,0,0,0,0,0,0,0,0,0,0,0,0,0,0,0,0,0,0,0,1,0,0,0,0,0,0,0,0
Em-6112B,Mirage LA 1.2L 13-on RH Hydro,7-C-6-5,9346140040881,04 Bronze,106,0,0,1,1,5,1,3,-1,0,2,2,-1,2,1,4,3,4,2,2,1,2,2,2,1,1,2,2,4,7,9,2,3,4,5,4,2,4
Em-6113,"BT50 UP,Ran PX 2.2D RWD Rear M",7-C-7-5,9346140037560,04 Bronze,4,90,2,0,2,3,1,0,0,2,0,1,1,0,2,1,0,2,2,9,0,0,3,1,2,2,0,1,2,1,5,1,4,1,1,5,5,2
Em-6114,"Yaris NCP130/131 1.3,1.5L LH A",7-C-8-5,9346140037577,04 Bronze,27,16,0,0,1,2,3,6,1,1,0,2,1,3,2,-1,1,0,3,3,3,0,1,0,1,2,3,2,0,3,4,2,1,2,1,4,0,4
Em-6115H,"A3,Cad,Golf,Jett 1.4L 08-17 RH",7-C-9-5,9346140037584,04 Bronze,39,50,1,3,4,2,-1,2,1,1,3,0,2,3,2,5,3,6,7,0,1,3,3,1,2,3,2,2,3,4,2,1,1,3,2,3,5,2
Em-6116H,"118d,320d,X1 2.0TD F/LH Hydro",23-A-2-2,9346140037591,04 Bronze,20,0,1,2,-1,1,0,0,0,0,0,0,2,0,0,0,2,0,1,0,0,0,0,2,0,1,1,0,2,1,2,2,0,1,1,2,1,1
Em-6117H,"118d,123d,320d,X1 2.0TD LH/RH",7-C-10-5,9346140037607,04 Bronze,43,0,1,2,-1,2,2,0,0,1,0,0,2,0,2,0,2,0,4,0,0,0,0,2,0,1,7,0,1,4,4,3,0,1,1,4,1,2
Em-6118,"A3,S3,TT,Golf Mk7,Oct 3 LH mnt",7-D-1-5,9346140037614,04 Bronze,42,0,2,2,3,0,0,1,3,2,5,-1,1,2,1,0,2,1,3,2,3,0,1,2,1,1,0,4,3,6,2,4,3,0,0,2,3,3
EM-6118B,"Q3 F3,Tiguan 5N 16-on LH DCT",7-D-1-3,9346140044285,04 Bronze,32,0,0,0,0,0,0,0,0,0,0,0,0,0,0,0,0,0,0,0,0,1,2,0,0,0,0,0,2,1,0,0,0,0,1,0,1,0
Em-6119H,Santa Fe CM 2.7L Front Auto,23-A-3-2,9346140037621,04 Bronze,35,0,0,1,0,0,0,0,0,1,0,0,0,0,1,0,1,0,0,0,0,1,0,1,0,0,0,0,0,0,0,1,0,0,1,0,0,0
Em-6120,"A3,Octa 3,Golf MK7,Passa - LH",7-D-2-5,9346140037782,04 Bronze,33,0,0,2,1,0,0,3,0,2,1,3,4,1,1,1,1,1,1,0,0,1,1,1,0,3,3,3,4,0,1,3,1,2,1,2,2,2
Em-6121,Kizashi FR 2.4L 09-16 Rear mnt,23-A-4-2,9346140037799,04 Bronze,20,0,2,0,0,0,1,0,1,0,-1,1,1,0,0,0,0,0,2,0,0,0,0,2,0,1,3,0,0,1,1,0,0,1,0,0,3,0
Em-6122,Kizashi FR 2.4L 09-16 LH mnt,23-A-5-2,9346140037805,04 Bronze,14,0,2,0,-1,0,1,0,2,0,0,0,1,2,1,0,1,1,0,1,0,1,0,3,0,1,2,0,0,1,3,-1,0,1,0,0,1,1
Em-6123H,Kizashi FR 2.4L 09-16 RH Hydro,7-D-3-5,9346140037812,04 Bronze,17,20,0,1,3,2,3,2,1,2,0,1,3,0,1,2,0,4,2,1,1,2,0,2,2,1,2,1,3,3,3,0,0,4,0,1,2,1
Em-6124,Celerio LF 996 15-18 Rear mnt,23-A-7-2,9346140037829,04 Bronze,22,0,2,0,1,0,0,0,0,0,1,0,0,0,0,0,0,0,0,0,0,0,1,1,1,2,1,0,-1,0,1,1,0,0,1,0,0,0
Em-6125,Celerio LF 996 15-18 LH mount,23-A-8-2,9346140037836,04 Bronze,8,0,1,0,0,0,0,0,0,0,1,0,0,0,0,0,0,0,0,0,0,0,1,0,0,1,1,0,-1,0,1,1,0,1,1,0,0,1
Em-6126H,Celerio LF 996 15-18 RH mount,7-D-4-5,9346140037843,04 Bronze,9,20,2,0,2,0,0,0,0,1,1,1,0,1,0,0,0,0,0,0,0,0,1,2,1,1,1,0,0,1,2,2,0,1,2,0,1,3
Em-6127H,Cor 1.8L ZRE172/182 1.8 RH Hyd,7-D-9-5,9346140037850,04 Bronze,42,0,0,0,2,0,0,0,0,1,0,0,0,1,0,3,2,3,0,3,-1,0,0,1,0,0,1,0,1,0,2,2,1,2,4,3,3,0
Em-6128,Coro 1.8L ZRE172 14-on Rear mt,23-A-2-3,9346140037867,04 Bronze,70,0,0,0,0,1,0,0,0,0,0,1,0,1,0,4,0,2,2,0,0,0,1,2,0,0,0,0,0,0,0,0,0,1,2,0,0,0
Em-6129,Santa Fe CM 2.7L V6 07-09 LH A,23-A-3-3,9346140037874,05 No Sales FY25,20,0,0,0,0,0,0,0,0,0,0,0,0,0,1,0,0,0,0,0,0,0,0,0,0,0,0,0,0,0,0,0,0,0,0,0,0,0
Em-6130,Santa Fe CM 2.7L 07-09 LH M,23-A-4-3,9346140037973,07 Not Classed,10,0,,,,,,,,,,,,,,,,,,,,,,,,,,,,,,,,,,,,
Em-6131H,"Sore XM 2.4,Santa 2.2TD,3.3 RH",7-D-5-5,9346140037980,03 Silver,79,60,4,10,21,16,5,8,3,4,5,1,7,7,9,11,10,16,10,6,4,4,11,2,7,7,7,17,18,25,11,9,4,5,5,5,9,13
Em-6132,Kia Picanto TA 1.2L Front Sbar,23-A-5-3,9346140037997,07 Not Classed,10,0,,,,,,,,,,,,,,,,,,,,,,,,,,,,,,,,,,,,
Em-6133,"City GM6, Jazz GK5 Rear SBar A",23-A-6-3,9346140038000,05 No Sales FY25,36,0,0,1,0,0,0,0,0,0,0,0,0,1,0,0,0,0,0,0,0,0,0,0,0,0,0,0,0,0,0,-1,1,0,1,0,0,0
Em-6134,"Citro C5,C6 Peug 407,508 LH At",7-D-6-5,9346140038017,04 Bronze,8,10,-1,0,1,0,1,1,0,0,0,1,1,0,2,3,0,0,0,0,0,0,1,0,0,0,0,1,0,1,3,0,1,0,0,1,1,0
Em-6135H,TransitÿVJÿ2.4L/VMÿ2.3LÿFront,7-D-7-5,9346140038024,04 Bronze,43,0,0,2,0,8,2,3,6,4,0,2,0,0,4,3,0,1,2,2,1,0,5,3,0,0,0,3,1,0,3,2,0,0,4,-2,2,2
Em-6136,TransitÿVMÿ2.4TDÿ06-12 Rear M,7-D-8-5,9346140038031,04 Bronze,113,0,4,2,13,1,4,6,2,3,2,2,2,3,6,6,2,3,4,10,3,5,1,7,0,4,3,4,5,5,2,5,3,0,6,3,4,3
Em-6137,"ÿA5,A6,A7,Q5 13-on Rear Mtm",7-D-6-3,9346140038048,04 Bronze,4,50,0,2,2,0,1,0,2,1,0,3,3,1,2,1,1,1,0,0,0,0,-1,2,3,3,1,10,4,2,2,1,3,1,4,6,4,3
Em-6138,"A3,Octavia,GolfÿMK7 SB Rear A",23-A-7-3,9346140038055,04 Bronze,18,0,0,0,0,0,0,1,0,1,1,-1,1,0,0,0,1,1,1,0,0,0,0,2,1,1,1,3,3,-1,1,1,1,0,0,-1,0,3
EM-6138B,"A3,Octavia,GolfÿMK7 SB Rear M",23-A-2-4,9346140044698,06 First Sale in FY26,79,0,0,0,0,0,0,0,0,0,0,0,0,0,0,0,0,0,0,0,0,0,0,0,0,0,0,1,0,0,0,0,0,0,0,0,0,0
Em-6139H,"A3,S3,TT,Octa,Golf MK7 RH Hydr",2-B-6-5,9346140038062,03 Silver,188,0,7,7,4,2,2,4,3,3,7,-1,9,3,7,7,9,6,6,15,3,6,9,2,4,6,8,16,18,20,13,22,15,1,6,11,13,25
Em-6140H,"Freeÿ2.0TD,2.5Lÿ00-06 RH Hydro",23-A-8-3,9346140038314,05 No Sales FY25,14,0,0,0,0,0,0,0,0,0,0,0,0,0,0,0,0,0,0,0,0,0,0,0,0,0,0,0,0,0,0,0,0,0,0,0,0,0
Em-6141H,"Freelanderÿ1.8,2.0TD 97-00 RH",23-A-1-4,9346140038321,04 Bronze,12,0,0,0,0,0,0,0,0,0,0,0,0,0,0,0,0,1,0,0,0,0,1,0,0,0,0,0,0,0,0,0,1,0,0,0,0,0
Em-6142H=EM-6142HB,"FreeTD4,Vol S60/80,XC60/70 LH",23-A-2-4,9346140038628,07 Not Classed,0,,,,,,,,,,,,,,,,,,,,,,,,,,,,,,,,,,,,,
Em-6142HB,"FreeTD4,Vol S60/80,XC60/70 LH",2-B-7-5,9346140038338,04 Bronze,35,0,2,0,1,0,1,0,2,1,0,0,0,1,1,2,-1,0,0,1,1,0,1,1,2,3,2,-1,2,3,2,0,0,1,0,1,1,1
Em-6143H,RRover Sport L320 All V8 Front,23-A-3-4,9346140038345,04 Bronze,33,0,0,0,0,0,0,0,0,2,0,1,1,0,0,0,0,0,2,0,0,0,0,1,0,0,0,0,0,0,0,0,0,1,2,1,0,0
Em-6144 USE em-6144k,"A3,Q2,Golf MK7,Tig RearÿUpper",23-A-4-4,9346140038352,07 Not Classed,0,,,,,,,,,,,,,,,,,,,,,,,,,,,,,,,,,,,,,
Em-6145,"A3,Q2,Golf MK7,Tig RearÿLower",23-A-5-4,9346140038369,04 Bronze,4,0,0,0,0,1,0,1,0,0,2,0,0,0,0,0,1,0,1,1,1,0,1,1,2,2,1,1,0,1,0,4,0,1,0,1,0,0
Em-6146H,"SantaFe DM 2.2TD,3.3L LH Hydro",2-B-8-5,9346140038376,04 Bronze,47,0,0,2,1,2,0,1,0,1,1,0,3,1,1,0,1,2,1,1,-1,5,1,1,2,2,1,4,1,2,0,3,0,2,0,0,1,1
Em-6147H,"Soul AM 1.6,1.6TD 09-14 RH Hyd",23-A-6-4,9346140038383,04 Bronze,46,0,0,0,0,0,0,0,0,0,0,0,0,0,1,0,0,1,0,0,0,0,0,0,0,0,0,0,0,0,0,1,0,0,0,0,0,0
Em-6148H,Fiat Freemont JF 2.4L LH Hydro,23-A-7-4,9346140038390,04 Bronze,13,0,0,0,0,0,0,0,0,0,0,0,0,1,0,0,0,0,0,1,0,0,0,0,0,0,0,0,0,0,0,0,0,1,4,-1,-1,1
Em-6149H,Fiat Freemont JF 2.4L RH hydro,23-A-8-4,9346140038406,04 Bronze,16,0,0,0,0,0,0,0,0,0,0,0,0,1,0,0,0,0,0,0,0,0,0,1,1,-1,0,0,0,0,0,0,0,1,4,-1,-1,2
Em-6150,"Kia Soul 1.6,2.0L 09-14 LH At",23-B-1-1,9346140038529,04 Bronze,4,0,0,0,0,0,0,0,0,0,0,0,0,0,1,0,0,1,0,0,0,0,0,0,0,0,0,0,0,0,0,0,0,0,-1,0,0,0
Em-6151H,"S60,V60,XC60 2.0L T5 LH Hydro",2-B-9-5,9346140038536,04 Bronze,8,50,1,1,0,0,1,2,1,0,1,3,1,2,1,0,0,1,1,0,2,3,0,2,1,3,5,2,2,4,3,2,2,0,3,3,0,0
Em-6152,"BMW 520D,520i,528i 11-  Fr LH",2-B-10-5,9346140038543,04 Bronze,39,0,3,3,0,0,5,3,0,0,0,0,3,4,0,5,3,1,2,4,2,0,3,-1,1,6,2,1,1,0,1,0,2,2,1,2,0,7
Em-6153,"BMW 520D,520i,528i 11-  Fr RH",23-B-2-1,9346140038550,04 Bronze,19,0,2,0,0,0,1,1,0,0,0,0,1,2,0,3,1,1,1,1,0,0,1,1,-1,3,0,0,1,0,0,0,1,1,0,0,0,1
Em-6154H,X-Trail T31 2.5L 07-14 RH Hydr,2-C-1-5,9346140038567,04 Bronze,50,0,3,5,3,2,0,1,1,2,2,4,4,2,2,1,1,1,1,-1,1,0,1,1,4,2,3,4,2,7,4,2,3,1,0,1,6,2
Em-6155H,Q7 3.0L V6 07-15 Front L/R Hyd,2-C-2-5,9346140038574,04 Bronze,14,0,2,2,0,2,0,0,0,0,0,0,4,0,0,0,0,0,0,0,2,0,0,0,0,0,0,2,0,2,0,0,0,0,2,0,2,0
Em-6156,Civic Hybrid 1.5L 12-on LH,23-B-3-1,9346140038581,04 Bronze,9,0,1,0,0,0,0,0,0,0,1,0,0,0,0,0,1,2,0,0,0,0,0,0,0,0,0,0,0,1,0,0,0,0,0,0,0,0
Em-6157,"Mustang GT 4.0,4.6 05-10 Frt",23-B-4-1,9346140038598,07 Not Classed,20,0,,,,,,,,,,,,,,,,,,,,,,,,,,,,,,,,,,,,
Em-6158,Micra K13 1.2L HR12DE RH mnt,2-C-3-5,9346140038604,04 Bronze,37,30,2,0,1,1,2,2,0,0,4,0,2,0,2,2,3,1,1,1,1,7,4,1,2,4,2,5,4,4,1,1,2,0,5,2,2,1
Em-6159LH,"Isuzu NKR/NPR66,NPR71 Front LH",23-B-6-1,9346140038611,04 Bronze,20,0,0,1,-1,0,1,0,0,0,2,0,1,1,0,0,0,1,0,0,0,0,0,0,0,0,1,0,1,0,0,0,0,1,2,-1,1,0
Em-6159RH,"Isuzu NKR/NPR66,NPR71 Front RH",23-B-5-1,9346140038918,04 Bronze,18,0,0,1,-1,0,2,0,0,0,2,0,1,0,0,0,0,1,0,0,0,0,0,0,0,0,2,0,1,0,0,0,0,1,2,-1,1,0
Em-6160H,"Merc A,B,CLA,GLA 12-on LH Hydr",4-B-4-5,9346140038925,04 Bronze,11,30,0,0,1,2,0,-1,0,0,2,0,1,0,2,2,1,1,1,2,2,0,0,0,1,4,-1,0,2,1,1,1,2,2,1,1,0,4
Em-6161H,"Merc A,B,CLA,GLA 12-on RH Hydr",2-C-4-5,9346140038932,03 Silver,121,0,3,3,3,4,4,0,1,1,3,3,2,2,7,5,3,2,6,7,5,5,7,2,3,9,0,2,7,6,4,5,7,6,5,8,0,11
Em-6162H,"Vol S60,V60 1.6T 11-on RH Hyd",2-C-5-5,9346140038949,04 Bronze,19,0,2,2,1,0,1,0,0,1,2,1,1,1,0,2,3,0,2,0,0,1,0,1,0,1,0,0,0,0,0,1,1,0,0,0,1,0
Em-6163H,Kia Soul 1.6 2.0 11-14 RH Hyd,23-B-8-1,9346140038956,07 Not Classed,10,0,,,,,,,,,,,,,,,,,,,,,,,,,,,,,,,,,,,,
Em-6164H,"A4 B6,B7 1.8T,2.0T 02-09 LH Hy",2-C-6-5,9346140038963,04 Bronze,28,0,1,1,1,1,0,1,0,1,0,1,1,1,0,0,0,0,1,0,0,0,0,3,0,1,2,2,0,3,0,0,0,3,2,-1,0,0
Em-6165H,"A4 B6,B7 1.8T,2.0T 02-09 RH Hy",2-C-7-5,9346140038970,04 Bronze,26,0,1,1,2,1,0,1,0,1,0,2,1,1,-1,1,0,0,0,0,0,0,0,1,0,1,1,3,1,2,0,0,0,3,0,-1,0,0
Em-6166,"A4,A6,A8,S4 - Front Snub mount",23-B-9-1,9346140038987,04 Bronze,28,0,3,1,2,3,3,1,2,-1,2,1,3,0,0,4,-1,1,0,3,0,0,0,3,0,2,0,2,1,2,0,1,0,1,4,2,0,0
Em-6167H,Focus 2.0 Diesel RH Mount,2-C-8-5,9346140038994,03 Silver,181,0,15,11,8,6,3,4,1,1,4,8,7,8,6,17,16,9,4,2,1,9,5,6,11,11,10,9,7,6,8,8,6,7,5,5,8,5
Em-6168,"Megane 1.5,2.0L 13-on Front SB",23-B-10-1,9346140039007,04 Bronze,8,0,0,1,-1,0,0,0,0,2,1,0,1,-1,0,0,0,0,0,0,0,0,0,0,0,2,0,1,0,0,0,1,0,0,0,0,0,0
Em-6169,"Megane 1.5,2.0L 13-on LH",23-B-11-1,9346140039038,04 Bronze,27,0,0,0,0,0,0,1,1,1,0,0,0,0,0,0,0,0,0,0,0,0,0,0,0,2,1,2,1,0,0,1,0,0,0,0,0,0
Em-6170,"Peug 405,406,605 92-04 LH",23-B-1-2,9346140039045,04 Bronze,0,60,0,0,0,2,0,0,0,0,0,0,0,0,0,0,0,0,0,0,0,0,0,0,0,0,0,0,0,0,0,0,0,0,0,0,0,0
Em-6171,Alto GF 1.0L 09-15 LH mount,2-C-9-5,9346140039052,03 Silver,0,210,1,7,5,8,2,6,5,0,1,2,5,2,3,6,3,2,2,6,1,1,4,4,2,8,10,5,12,8,10,12,5,6,7,12,1,0
Em-6172,"Clio X65,Kan X76,Meg X64 LH mt",23-B-2-2,9346140039069,04 Bronze,17,0,-1,0,0,0,0,0,0,0,0,1,0,0,0,0,0,1,0,0,0,0,0,0,0,0,0,0,0,1,0,0,0,0,0,0,0,1
Em-6173,Captiva CG 7 3.0L V6 RH mount,2-C-10-5,9346140039076,04 Bronze,36,50,6,0,12,2,0,3,2,1,0,3,2,6,3,5,2,4,2,1,0,2,1,2,1,4,7,5,5,5,0,1,3,2,5,4,2,9
Em-6174H,Civic FC1 1.5L Turbo RH Hydro,23-B-3-2,9346140039083,04 Bronze,16,0,0,1,0,0,0,1,0,0,0,0,0,0,0,0,0,1,0,0,0,0,1,0,0,1,0,0,0,1,0,1,0,1,0,2,1,1
Em-6175,Lex CT200H 1.8L Front mnt,23-B-4-2,9346140039090,04 Bronze,51,0,0,1,1,0,0,0,1,0,0,1,1,0,0,0,1,0,0,1,1,0,0,3,1,5,1,1,0,2,1,0,1,0,1,0,2,1
Em-6176H,Cherokee KL 2.4L 14-on LH Hyd,2-D-1-5,9346140039106,04 Bronze,24,100,2,4,3,0,3,5,2,3,1,2,5,4,1,2,0,5,1,7,4,4,5,6,-1,2,6,2,7,9,8,3,7,4,5,7,2,3
Em-6177H,Cherokee KL 2.4L 14-on RH Hyd,2-D-2-5,9346140039113,04 Bronze,65,0,2,2,0,1,1,4,1,4,1,1,9,2,1,2,1,5,1,5,3,6,2,5,-1,1,1,2,3,3,2,4,3,3,1,6,1,3
Em-6178H,Altima L33 2.5L RH Hydro mnt,2-D-3-5,9346140039120,04 Bronze,55,0,6,6,2,3,1,1,0,0,1,2,0,6,3,3,0,2,2,0,1,0,3,0,2,1,8,5,10,3,1,2,0,1,2,1,0,4
Em-6179,"G.Cherokee WH,WK 3.7L 06-08 LH",23-B-5-2,9346140041901,07 Not Classed,20,0,,,,,,,,,,,,,,,,,,,,,,,,,,,,,,,,,,,,
Em-6180,"G.Cherokee WH,WK 3.7L 06-08 RH",23-B-6-2,9346140041918,07 Not Classed,20,0,,,,,,,,,,,,,,,,,,,,,,,,,,,,,,,,,,,,
Em-6181,"Chero KL 2.4,3.6L 14-on Rear",2-D-4-5,9346140041925,03 Silver,126,0,3,4,6,1,3,5,0,0,1,7,17,12,1,8,4,8,5,6,2,7,4,5,4,2,8,3,5,8,4,7,5,4,5,6,7,3
Em-6182,Rav4 ZSA42 2.0L 13-19 Front,2-D-5-5,9346140041932,04 Bronze,78,0,0,0,0,2,0,0,0,1,-1,0,3,1,0,1,1,0,2,1,1,0,0,0,0,1,1,0,0,0,1,2,0,1,0,0,1,0
Em-6183,Rav4 ZSA42 2.0L 13-19 RH,2-D-6-5,9346140041949,04 Bronze,43,0,0,1,2,0,0,0,0,1,-1,0,2,2,3,0,2,0,2,1,0,0,1,0,0,1,1,1,2,0,-1,1,0,4,0,2,0,2
Em-6184,Rav4 ASA44 2.5L 13-19 Front mt,14-B-2-5,9346140041956,04 Bronze,45,0,0,0,1,0,0,1,0,0,0,0,1,1,1,2,1,0,0,0,2,0,0,0,1,-1,0,1,1,0,2,1,1,1,0,3,1,1
Em-6185H,CX-3 DK 2.0L 15-on RH Hydro mt,2-D-8-5,9346140041963,03 Silver,197,0,2,2,4,3,3,7,0,1,3,0,0,1,2,12,6,1,5,3,1,1,4,4,7,4,5,4,18,10,8,8,4,7,7,17,11,19
Em-6186,"BMW 530e,630i 2.0T17-on Rear A",23-B-7-2,9346140041970,06 First Sale in FY26,29,0,0,0,0,0,0,0,0,0,0,0,0,0,0,0,0,0,0,0,0,0,0,0,0,0,0,0,0,0,1,0,0,0,0,0,0,0
Em-6187,"Qashqai J11,X-Trail T32 RH Hyd",2-D-9-5,9346140041987,04 Bronze,27,50,0,1,1,3,1,1,0,2,1,0,1,2,3,1,0,0,4,2,1,2,0,1,3,0,3,2,4,5,2,4,4,0,3,5,2,3
Em-6188H,Cherokee KL 3.2L RH mount Hydr,2-D-10-5,9346140041994,04 Bronze,31,50,0,0,0,0,0,0,0,0,1,1,1,4,4,6,0,0,1,2,2,1,1,2,0,0,4,1,3,5,2,2,1,3,5,1,5,0
Em-6189,"Vol V40 D2,D4,T3,T5 RH Up SBar",23-B-8-2,9346140043585,04 Bronze,47,50,0,0,0,0,0,0,0,0,0,0,0,0,1,1,2,0,1,3,4,4,4,0,2,5,0,2,2,0,2,6,1,3,6,8,4,1
Em-6190H,"Sona LF,Opti JF 2.4L14-20 RH H",23-B-1-3,9346140043592,04 Bronze,41,0,0,0,0,0,0,0,0,0,0,0,0,2,0,0,0,0,0,0,0,0,2,1,1,0,0,0,1,1,0,0,0,0,0,1,0,0
Em-6191H,"BMW F40-F45,Cooper F54-57 LH",23-B-1-3,9346140043608,04 Bronze,67,0,0,0,0,0,0,0,0,0,0,0,0,3,2,2,2,2,0,1,2,3,6,4,1,3,1,2,5,4,0,2,7,4,2,1,4,6
Em-6192H,Mondeo MD 2.0L 14-on RH Hydro,23-B-2-3,9346140043851,04 Bronze,18,0,0,0,0,0,0,0,0,0,0,0,0,0,0,0,0,0,5,1,0,0,0,0,0,0,1,0,0,0,1,3,0,0,0,0,1,0
Em-6193,Freemont JF 2.4L 13-17 Rear mt,23-B-3-3,9346140044803,06 First Sale in FY26,27,0,0,0,0,0,0,0,0,0,0,0,0,0,0,0,0,0,0,0,0,0,0,0,0,0,0,0,0,0,0,0,0,0,1,1,0,1
Em-6194,"Outlander ZJ,ZK,ZL12-21 LH FWD",23-B-4-3,9346140044995,04 Bronze,49,0,0,0,0,0,0,0,0,0,0,0,0,0,0,0,0,0,0,0,0,2,0,2,0,1,1,2,0,2,3,2,2,1,1,1,2,2
Em-6195,"Cor NKE165, Pri-C 1.5L LH CVT",23-B-5-3,9346140045022,06 First Sale in FY26,19,0,0,0,0,0,0,0,0,0,0,0,0,0,0,0,0,0,0,0,0,0,0,0,0,0,0,1,0,0,0,0,0,0,0,0,0,0
Em-6196,"Cor NKE165, Pri-C 1.5L RH CVT",23-B-6-3,9346140045039,04 Bronze,15,0,0,0,0,0,0,0,0,0,0,0,0,0,0,0,0,0,0,0,0,1,1,0,0,0,1,1,0,1,-1,0,0,0,0,0,0,1
Em-6197,"S60,S90,V60,XC60,XC90 2L RH Up",4-B-1-3,9346140045046,04 Bronze,105,100,0,0,0,0,0,0,0,0,0,0,0,0,0,0,0,0,0,0,0,0,0,0,4,8,6,9,3,7,4,13,2,6,10,12,6,6
Em-6198,LDV V80 2.5TD 13-on Front mnt,23-B-1-4,9346140042311,04 Bronze,19,0,0,0,0,0,0,0,0,0,0,0,0,0,0,0,0,0,0,0,0,0,0,0,0,2,0,1,3,0,0,0,0,0,2,2,0,0
Em-6199,LDV V80 2.5TD 13-on Rear mnt,23-B-2-4,9346140042328,04 Bronze,22,0,0,0,0,0,0,0,0,0,0,0,0,0,0,0,0,0,0,0,0,0,0,0,0,1,0,1,0,0,0,1,1,0,1,2,1,0
Em-6200,"C3,C4,DS3,DS4,207,208,2008 LH",23-B-3-4,9346140045169,04 Bronze,15,50,0,0,0,0,0,0,0,0,0,0,0,0,0,0,0,0,0,0,0,0,1,1,0,2,0,1,1,0,1,0,0,2,2,0,3,-1
Em-6201,"Hilux GUN122,123 Rear 5spd M",23-B-4-4,9346140045275,06 First Sale in FY26,18,0,0,0,0,0,0,0,0,0,0,0,0,0,0,0,0,0,0,0,0,0,0,0,0,0,0,0,0,1,1,0,0,0,0,0,0,0
Em-6202,"Hilux GUN122,135,136 Rear 6SpM",23-B-5-4,9346140045282,04 Bronze,37,0,0,0,0,0,0,0,0,0,0,0,0,0,0,0,0,0,0,0,0,0,0,0,0,0,1,0,0,0,1,0,0,0,0,0,1,0
Em-6204,X-Trail T31 2.0TD 08-14 RearSB,23-C-BW,9346140045541,04 Bronze,17,0,0,0,0,0,0,0,0,0,0,0,0,0,0,0,0,0,0,0,0,0,0,0,0,0,4,0,0,0,1,0,1,1,2,1,1,1
Em-6205LH,"BMW 520D,550i,M5 F10 10-17 FLH",14-B-2-6,9346140045565,04 Bronze,46,0,0,0,0,0,0,0,0,0,0,0,0,0,0,0,0,0,0,0,0,0,0,0,0,0,1,0,1,0,2,1,0,1,1,4,3,1
Em-6205RH,"BMW 520D,550i,M5 F10 10-17 FRH",14-B-1-6,9346140045572,06 First Sale in FY26,45,0,0,0,0,0,0,0,0,0,0,0,0,0,0,0,0,0,0,0,0,0,0,0,0,0,0,2,1,0,2,1,0,1,1,4,2,1
Em-6206,"Peu 207,2008/C3 Rear S/Bar",22-B-5-4,9346140045602,04 Bronze,21,0,0,0,0,0,0,0,0,0,0,0,0,0,0,0,0,0,0,0,0,0,0,0,0,1,0,1,0,0,1,0,1,0,0,1,2,0
Em-6208,"A35AMG,A250,CLA,GLA,GLB Rear U",22-B-3-4,9346140045725,04 Bronze,26,30,0,0,0,0,0,0,0,0,0,0,0,0,0,0,0,0,0,0,0,0,2,0,1,1,2,1,5,2,0,1,1,0,3,4,4,1
Em-6209H,"A180/200,B180/200,CLA200 RH Hy",22-B-2-4,9346140049648,06 First Sale in FY26,14,70,0,0,0,0,0,0,0,0,0,0,0,0,0,0,0,0,0,0,0,0,0,0,0,0,0,0,0,2,2,3,2,0,0,1,1,0
Em-6210,"A35AMG,A250,CLA,GLA,GLB LH DCT",23-B-8-4,9346140045749,04 Bronze,28,0,0,0,0,0,0,0,0,0,0,0,0,0,0,0,0,0,0,0,0,0,0,0,0,1,0,0,0,1,0,0,0,0,0,0,0,0
Em-6211,"A35AMG,A250,CLA,GLA,GLB Rear L",22-B-1-3,9346140045756,04 Bronze,27,0,0,0,0,0,0,0,0,0,0,0,0,0,0,0,0,0,0,0,0,0,0,0,1,0,0,0,0,0,1,0,0,0,0,1,0,0
Em-6212LH,BMW X5 F15 13-18 Front LH,22-B-2-3,9346140045787,04 Bronze,39,0,0,0,0,0,0,0,0,0,0,0,0,0,0,0,0,0,0,0,0,0,0,0,0,1,2,2,0,1,0,2,0,1,0,0,1,0
Em-6212RH,BMW X5 F15 13-18 Front RH,22-B-3-3,9346140045794,04 Bronze,43,0,0,0,0,0,0,0,0,0,0,0,0,0,0,0,0,0,0,0,0,0,0,0,0,1,2,2,-1,0,0,1,0,0,0,0,2,-1
Em-6216,Rav4 ZSA44R 2.0L 12-15 LH mt,22-B-8-3,9346140046104,04 Bronze,104,0,0,0,0,0,0,0,0,0,0,0,0,0,0,0,0,0,0,0,0,0,0,0,0,1,1,0,2,4,1,3,2,1,1,2,0,1
Em-6217LH,Merc C63 W205 & AMG LH Hydro,22-B-6-2,9346140046180,04 Bronze,39,0,0,0,0,0,0,0,0,0,0,0,0,0,0,0,0,0,0,0,0,0,0,0,0,0,0,1,1,0,1,0,1,-1,4,4,1,4
Em-6217RH,Merc C63 W205 & AMG RH Hydro,22-B-7-2,9346140046197,06 First Sale in FY26,41,0,0,0,0,0,0,0,0,0,0,0,0,0,0,0,0,0,0,0,0,0,0,0,0,0,0,1,1,0,1,0,1,-1,4,4,1,3
Em-6220,"Coro MZEA12,Lex UX200 18-on LH",4-D-6-5,9346140046425,06 First Sale in FY26,21,0,0,0,0,0,0,0,0,0,0,0,0,0,0,0,0,0,0,0,0,0,0,0,0,0,0,0,0,0,0,1,0,0,0,1,4,1
Em-6225,"Merc C200,200D,250,300 Rear At",3-A-1-2,9346140046562,07 Not Classed,30,0,,,,,,,,,,,,,,,,,,,,,,,,,,,,,,,,,,,,
Em-6229H,Cam ASV50 2.5L 11-17 Front Hyd,2-B-1-5,9346140046814,06 First Sale in FY26,53,50,0,0,0,0,0,0,0,0,0,0,0,0,0,0,0,0,0,0,0,0,0,0,0,0,0,11,3,5,3,3,5,5,8,6,2,14
Em-6236H,"i30 CN7 1.6,2.0L 20-on RH Hydr",5-D-9-5,9346140047026,06 First Sale in FY26,21,0,0,0,0,0,0,0,0,0,0,0,0,0,0,0,0,0,0,0,0,0,0,0,0,0,0,0,0,0,0,0,0,0,0,0,0,7
Em-6237LH,"BMW X3,X4,X5 2.0TD LH",9-B-6-4,9346140047170,06 First Sale in FY26,29,0,0,0,0,0,0,0,0,0,0,0,0,0,0,0,0,0,0,0,0,0,0,0,0,0,0,0,0,0,0,0,0,0,0,0,1,0
Em-6237RH,"BMW X3,X4,X5 2.0TD RH",9-B-7-4,9346140047187,07 Not Classed,30,0,,,,,,,,,,,,,,,,,,,,,,,,,,,,,,,,,,,,
Em-6238LH,"Terri SZ 2.7,4.0L 11-16 F/LH",4-A-3-5,9346140047231,06 First Sale in FY26,489,0,0,0,0,0,0,0,0,0,0,0,0,0,0,0,0,0,0,0,0,0,0,0,0,0,0,0,0,0,0,0,0,0,0,2,0,1
Em-6238RH,"Terri SZ 2.7,4.0L 11-16 F/RH",4-A-4-5,9346140047248,06 First Sale in FY26,488,0,0,0,0,0,0,0,0,0,0,0,0,0,0,0,0,0,0,0,0,0,0,0,0,0,0,0,0,0,0,0,0,0,1,2,0,1
Em-6239LH,Rang PX3 2.0TD 18-22 Front LH,8-A-3-5,9346140047392,06 First Sale in FY26,36,0,0,0,0,0,0,0,0,0,0,0,0,0,0,0,0,0,0,0,0,0,0,0,0,0,0,0,0,0,0,0,0,1,2,6,1,4
Em-6239RH,Rangr PX3 2.0TD 18-22 Front RH,8-A-4-5,9346140047408,06 First Sale in FY26,43,0,0,0,0,0,0,0,0,0,0,0,0,0,0,0,0,0,0,0,0,0,0,0,0,0,0,0,0,0,0,0,0,0,0,3,1,3
Em-6241H,CX9 TC 2.5L 16-24 RH Hyro,5-B-5-5,9346140047460,06 First Sale in FY26,33,50,0,0,0,0,0,0,0,0,0,0,0,0,0,0,0,0,0,0,0,0,0,0,0,0,0,0,0,0,0,0,3,2,4,3,2,3
Em-6242,"CRV RE5,RW1 1.5,2.0L 17-on RH",9-B-9-4,9346140047507,06 First Sale in FY26,19,0,0,0,0,0,0,0,0,0,0,0,0,0,0,0,0,0,0,0,0,0,0,0,0,0,0,0,0,0,0,0,0,0,0,5,2,4
Em-6244H,CRV RW 1.5L 17-on RH Bracket,8-A-5-5,9346140047491,06 First Sale in FY26,4,30,0,0,0,0,0,0,0,0,0,0,0,0,0,0,0,0,0,0,0,0,0,0,0,0,0,0,0,0,0,0,0,1,1,7,3,1
Em-6245LH,"220i,230i,320i,420i 19-on F/LH",9-B-4-3,9346140047514,06 First Sale in FY26,57,0,0,0,0,0,0,0,0,0,0,0,0,0,0,0,0,0,0,0,0,0,0,0,0,0,0,0,0,0,0,0,0,7,5,8,4,7
Em-6245RH,"220i,230i,320i,420i 19-on F/RH",9-B-5-3,9346140047521,06 First Sale in FY26,66,0,0,0,0,0,0,0,0,0,0,0,0,0,0,0,0,0,0,0,0,0,0,0,0,0,0,0,0,0,0,0,0,4,6,5,4,4
Em-6246LH,"120i,125i,220i,230i-430i F LH",3-B-2-3,9346140047538,06 First Sale in FY26,19,0,0,0,0,0,0,0,0,0,0,0,0,0,0,0,0,0,0,0,0,0,0,0,0,0,0,0,0,0,0,0,1,0,0,0,0,0
Em-6246RH,"120i,125i,220i,230i-430i F RH",3-B-3-3,9346140047545,06 First Sale in FY26,19,0,0,0,0,0,0,0,0,0,0,0,0,0,0,0,0,0,0,0,0,0,0,0,0,0,0,0,0,0,0,0,1,0,0,0,0,0
Em-6252,"ES300H,Cam ASV70,AXVH70 2.5 LH",5-C-8-1,9346140047606,06 First Sale in FY26,28,0,0,0,0,0,0,0,0,0,0,0,0,0,0,0,0,0,0,0,0,0,0,0,0,0,0,0,0,0,0,0,0,0,0,0,0,2
Em-6253H,"CamAXVH71,Rav4 AXAH52,54 LH",5-C-9-1,9346140047613,06 First Sale in FY26,29,0,0,0,0,0,0,0,0,0,0,0,0,0,0,0,0,0,0,0,0,0,0,0,0,0,0,0,0,0,0,0,0,0,0,0,1,0
Em-6254,"Paje QE-Qg,Tri MQ-MR 2.4L Rear",8-A-4-4,9346140047637,07 Not Classed,30,0,,,,,,,,,,,,,,,,,,,,,,,,,,,,,,,,,,,,
Em-6255,Mega X95 RS250 2.0T 10-16 RH,4-C-4-5,9346140047644,06 First Sale in FY26,14,0,0,0,0,0,0,0,0,0,0,0,0,0,0,0,0,0,0,0,0,0,0,0,0,0,0,0,0,0,0,0,0,0,0,1,3,-1
Em-6257,"A150,170,180,200 Front L/R",6-D-4-3,9346140047675,06 First Sale in FY26,64,0,0,0,0,0,0,0,0,0,0,0,0,0,0,0,0,0,0,0,0,0,0,0,0,0,0,0,0,0,0,0,0,4,0,8,2,2
Em-6258RLH,"A150-A200,B180-B200 04-12 R/LH",6-D-3-3,9346140047682,06 First Sale in FY26,25,0,0,0,0,0,0,0,0,0,0,0,0,0,0,0,0,0,0,0,0,0,0,0,0,0,0,0,0,0,0,0,0,0,0,3,1,1
Em-6258RRH,"A150-A200,B180-B200 04-12 R/RH",6-D-2-3,9346140047699,06 First Sale in FY26,24,0,0,0,0,0,0,0,0,0,0,0,0,0,0,0,0,0,0,0,0,0,0,0,0,0,0,0,0,0,0,0,0,0,0,4,1,1
Em-6260*,"Audi,Seat,Skoda,VW Rear SB",3-A-2-1,9346140047910,07 Not Classed,0,30,,,,,,,,,,,,,,,,,,,,,,,,,,,,,,,,,,,,
Em-6261,"A1 8X,Polo AW 15-on LH DCT",u/s,9346140047927,06 First Sale in FY26,48,0,0,0,0,0,0,0,0,0,0,0,0,0,0,0,0,0,0,0,0,0,0,0,0,0,0,0,0,0,0,0,0,0,1,0,1,0
Em-6267LH,"X3,X4 xDrive G01,02 17-25 LH",3-A-4-3,9346140048177,07 Not Classed,20,0,,,,,,,,,,,,,,,,,,,,,,,,,,,,,,,,,,,,
Em-6267RH,"X3,X4 xDrive G01,02 17-25 RH",3-A-5-3,9346140048184,07 Not Classed,20,0,,,,,,,,,,,,,,,,,,,,,,,,,,,,,,,,,,,,
Em-6280H,G/Carnival VQ 2.9TD 09-11 RH H,4-B-9-5,9346140048511,07 Not Classed,30,0,,,,,,,,,,,,,,,,,,,,,,,,,,,,,,,,,,,,
Em-6281H,"A1 GB,Polo AW,T-Cross RH Hydr",2-B-4-5,9346140048849,06 First Sale in FY26,28,0,0,0,0,0,0,0,0,0,0,0,0,0,0,0,0,0,0,0,0,0,0,0,0,0,0,0,0,0,0,0,0,0,0,0,0,2
Em-6296,Patrol Y62 5.6L V8 Front L/R,3-A-5-2,9346140042380,06 First Sale in FY26,38,0,0,0,0,0,0,0,0,0,0,0,0,0,0,0,0,0,0,0,0,0,0,0,0,0,0,0,0,0,0,0,0,0,0,0,0,2
Em-6300H,"Coro MZEA12,Lex UX200 18-on RH",5-D-10-5,9346140049228,07 Not Classed,30,0,,,,,,,,,,,,,,,,,,,,,,,,,,,,,,,,,,,,
Emb-3590,Pulsar N13 Rear bush insert,8-B-1-3,9346140030141,04 Bronze,86,0,0,0,0,0,-1,0,0,0,0,0,0,0,0,0,1,0,0,0,0,0,0,0,0,0,0,0,0,0,0,0,0,0,0,0,0,0
Emb-3592,Pulsar N13 LH/RH insert bush,8-B-2-3,9346140030158,04 Bronze,10,0,2,0,0,0,0,-1,0,0,0,0,0,0,0,0,0,0,0,0,0,0,0,1,0,0,0,0,0,0,0,0,0,0,0,0,0,0
Emb-3593,Maxima 89-94 Front mount bush,8-B-3-3,9346140019610,07 Not Classed,83,0,,,,,,,,,,,,,,,,,,,,,,,,,,,,,,,,,,,,
Emb-3690,Mitsubishi insert 16x70x38/52,8-B-1-4,9346140019627,05 No Sales FY25,112,0,0,0,0,0,1,1,0,0,0,0,1,0,0,0,0,0,0,0,0,0,0,0,0,0,0,1,0,0,1,0,0,0,0,1,0,0
Emb-3691,Mitsubishi insert 10x70x42/57,8-B-2-4,9346140019634,04 Bronze,46,0,0,5,0,0,0,1,0,0,0,1,0,0,0,0,0,0,0,0,0,0,3,0,0,0,0,0,0,1,2,0,0,0,0,0,0,0
Emb-3692,"Lancer CC,CB R/L insert bush",8-B-3-4,9346140019641,04 Bronze,37,0,0,0,0,0,0,1,0,1,1,0,0,0,0,0,2,0,1,0,4,0,0,0,3,0,0,0,1,0,2,0,0,0,0,0,2,0
Emb-3694,Magna TM-TS LH inserts bush,8-B-4-3,9346140019658,04 Bronze,0,,0,0,0,0,0,0,0,0,0,0,0,0,0,0,0,0,0,0,0,0,0,0,0,0,0,0,0,0,0,0,0,0,0,0,0,0
Emb-3695,Magna TM-TS RH insert bush,8-B-4-4,9346140019665,04 Bronze,196,0,0,0,0,0,1,0,0,1,1,0,0,-1,0,0,1,0,0,-1,1,0,-1,0,0,0,0,0,0,1,0,0,0,0,0,0,0,0
Emb-3890,Civic Eng.steady bar bush,8-B-5-4,9346140019672,04 Bronze,2,0,0,0,0,0,0,0,0,0,0,0,0,0,0,0,0,0,0,1,0,0,0,0,0,0,0,0,0,0,0,0,0,0,0,0,0,0
Emb-3891,Accord E/steady bar bush,8-B-5-4,9346140019689,07 Not Classed,15,0,,,,,,,,,,,,,,,,,,,,,,,,,,,,,,,,,,,,
Emb-3892,Accord E/steady bar bush,8-B-5-4,9346140019696,07 Not Classed,7,0,,,,,,,,,,,,,,,,,,,,,,,,,,,,,,,,,,,,
Emb-4470,Camry VDV10 V6 3.0 Rear bush,8-B-7-4,9346140019702,05 No Sales FY25,0,,0,0,0,0,0,0,0,0,0,0,0,1,0,0,0,0,0,0,0,0,0,0,0,0,0,0,0,0,0,0,0,0,0,0,0,0
Emb-4471,Camry MCV36R V6 R A 100MM,8-B-5-3,9346140016459,04 Bronze,28,0,0,0,0,0,0,1,0,0,1,0,0,0,0,0,1,0,0,0,1,0,0,0,0,0,0,0,0,0,0,0,0,1,0,0,0,1
Emb-4472,Camry V6 97 Rear insert Auto,8-B-6-4,9346140019719,05 No Sales FY25,0,,-1,1,2,0,2,0,0,0,0,0,0,0,0,0,0,0,0,0,0,0,0,0,0,0,0,0,0,0,0,0,0,0,0,0,0,0
Emb-4473,"Magna TR,TS Front insert bush",8-B-7-3,9346140019726,04 Bronze,36,0,0,0,0,0,0,0,0,0,1,0,0,0,1,2,-2,0,0,0,0,0,0,0,0,0,0,0,0,0,0,0,1,0,0,0,0,0
Emb-4475,Mitsubishi Colt rear insert,8-B-8-3,9346140019740,04 Bronze,172,0,0,0,0,0,0,0,0,0,0,0,0,0,0,0,0,0,0,0,0,1,0,0,0,0,0,0,0,0,0,0,0,0,0,0,0,0
Emb-4476,Camry SDV10 RH/s/b insert bush,8-B-8-4,9346140019757,05 No Sales FY25,242,0,0,0,0,0,0,0,0,0,0,0,0,0,0,0,0,0,0,0,0,0,0,0,0,0,0,0,0,0,0,0,0,0,0,0,0,0
Emb-4477,Pulsar N14 LH&RH Insert bush,8-B-9-3,9346140019764,04 Bronze,37,0,0,0,0,0,0,0,1,0,0,0,0,0,0,0,1,0,0,0,0,0,0,0,0,0,0,0,0,0,0,0,0,0,0,0,0,0
Emb-4478,Nissan N14 LH insert bush,8-B-9-4,9346140019771,04 Bronze,77,0,1,0,0,0,0,1,0,0,0,0,0,0,0,0,0,0,1,0,0,0,0,0,0,0,0,0,0,0,0,0,0,0,0,0,0,0
Emb-4479,Nimbus 2.4L LH insert bush,8-B-10-3,9346140019788,04 Bronze,0,,0,0,0,0,0,0,0,0,0,3,0,0,0,0,0,0,0,3,0,0,0,0,3,0,0,0,0,0,0,0,4,0,0,0,0,0
Emb-4480,"Rav4 SXA10,11,116 Rear insert",8-B-10-4,9346140019795,07 Not Classed,10,0,,,,,,,,,,,,,,,,,,,,,,,,,,,,,,,,,,,,
Emb-4481,Camry SDV10 RH/s/b insert - sm,8-B-10-4,9346140019801,07 Not Classed,29,0,,,,,,,,,,,,,,,,,,,,,,,,,,,,,,,,,,,,
Emb-4482,Hiace Rear insert 13x65x45/75,8-B-3-2,9346140019818,05 No Sales FY25,9,0,0,0,0,1,0,0,0,1,0,0,0,0,0,0,0,0,0,0,0,0,0,0,0,0,0,1,0,0,0,0,0,0,0,0,0,0
Emb-4483,Camry SV20 RH insert bush,8-B-1-2,9346140019825,07 Not Classed,93,0,,,,,,,,,,,,,,,,,,,,,,,,,,,,,,,,,,,,
Emb-4484,"Lancer CB,Excel X2 LH insert",8-B-2-1,9346140019832,05 No Sales FY25,26,0,0,0,0,0,0,0,0,0,0,0,0,0,1,0,0,0,0,0,0,0,0,0,0,0,0,0,0,0,0,0,0,0,0,0,0,0
Emb-4485,Sonata 2.0L 95-98 LH insert bu,8-B-2-2,9346140019849,05 No Sales FY25,3,0,0,0,0,0,0,0,0,0,0,0,0,0,0,0,0,0,0,0,0,0,0,0,0,0,0,0,0,0,0,0,0,0,0,0,0,0
Emb-4486,"Pulsar N14,N15 2.0L L/R insert",8-B-3-1,9346140019856,04 Bronze,60,0,1,0,0,1,0,0,1,0,0,0,0,0,1,0,0,0,0,0,0,0,0,0,0,0,1,0,0,0,0,1,0,0,0,0,1,0
Emb-4487,"Magna TR,TS,TE,TF V6 L&R bush",8-B-1-1,9346140019863,04 Bronze,8,0,1,0,0,-2,1,1,1,0,0,2,-1,3,1,1,2,0,0,1,0,0,1,2,0,0,0,0,0,0,0,2,0,2,0,2,0,3
Emb-4488,Sonata 2.0L RH insert bush,8-B-4-1,9346140019870,07 Not Classed,27,0,,,,,,,,,,,,,,,,,,,,,,,,,,,,,,,,,,,,
Emb-4489,Mondeo Front & Rear insert,8-B-4-2,9346140019887,07 Not Classed,6,0,,,,,,,,,,,,,,,,,,,,,,,,,,,,,,,,,,,,
Emb-4490,Mondeo Front & Rear insert,8-B-5-2,9346140019894,07 Not Classed,2,0,,,,,,,,,,,,,,,,,,,,,,,,,,,,,,,,,,,,
Emb-4491,"Astra TS 1.8,2.2L Front insert",8-B-5-1,9346140019900,05 No Sales FY25,0,,0,0,0,1,0,1,0,0,0,0,0,0,0,0,0,0,0,0,0,0,0,0,0,0,0,1,0,0,0,0,0,0,0,0,0,0
Emb-4492,Integra SK7 LH Mtm insert,8-B-6-2,9346140019917,07 Not Classed,0,,,,,,,,,,,,,,,,,,,,,,,,,,,,,,,,,,,,,
Emb-4493,"Magna TE,TF 2.4 Front insert A",8-B-6-1,9346140019924,07 Not Classed,49,0,,,,,,,,,,,,,,,,,,,,,,,,,,,,,,,,,,,,
Emb-4494,Nubira Front S/bar large insrt,8-B-6-2,9346140019931,07 Not Classed,8,0,,,,,,,,,,,,,,,,,,,,,,,,,,,,,,,,,,,,
Emb-4495,Nubira Rear mount insert bush,8-B-7-1,9346140019948,07 Not Classed,22,0,,,,,,,,,,,,,,,,,,,,,,,,,,,,,,,,,,,,
Emb-4496,Daewoo insert bush 18x82x55/70,8-B-8-1,9346140019955,07 Not Classed,30,0,,,,,,,,,,,,,,,,,,,,,,,,,,,,,,,,,,,,
Emb-4497,"Peugot 205,405,309  70mm   R/B",8-B-9-2,9346140019962,04 Bronze,18,0,1,0,0,0,1,1,0,-1,0,1,0,1,-1,1,0,0,0,1,-1,0,1,-1,2,0,1,0,0,0,0,0,0,0,0,0,0,0
Emb-4498,Jeep Front LH/RH insert,8-B-9-1,9346140019979,05 No Sales FY25,41,0,0,0,0,0,0,0,0,2,-2,0,0,0,0,0,0,0,0,0,0,0,0,0,0,0,0,0,0,0,0,0,0,0,0,0,0,0
Emb-4499,Volvo 850 E/B 12 x 59 x 40/59,8-B-9-2,9346140019986,05 No Sales FY25,64,0,0,0,0,0,0,0,0,0,0,0,0,0,0,0,0,0,0,0,0,0,0,0,0,0,0,0,0,0,1,0,0,0,0,0,0,0
Emb-4500,Volvo 850 E/b 12 x 61 x 40/59,8-B-10-1,9346140019993,05 No Sales FY25,113,0,0,0,0,0,0,0,0,0,0,0,0,0,0,0,0,0,0,0,0,0,0,0,0,0,0,0,0,0,0,0,0,0,0,0,0,0
Emb-4501,Cherokee 4.7L 99-05 L&R Insert,8-B-10-1,9346140019580,05 No Sales FY25,1,0,0,0,0,0,0,0,0,0,0,0,2,0,0,0,0,0,0,0,0,0,0,0,0,0,0,0,0,0,0,0,0,0,0,0,1,0
Emb-4502,"Peug 306 1.8,1.9,2.0  70mm R/B",8-B-10-2,9346140019573,04 Bronze,42,0,0,2,0,2,-1,1,1,1,0,1,3,0,-1,0,1,2,0,0,1,1,2,0,1,0,0,0,0,1,1,0,0,0,0,0,1,0
Emb-4503,"Peugeot 306,307,405 65mm Plast",8-B-8-2,9346140023297,04 Bronze,45,0,0,1,0,1,0,0,0,0,0,0,0,0,0,0,0,0,0,1,0,0,0,0,1,1,0,0,0,0,0,0,0,0,0,0,0,0
Emb-4503A,"Peugeot 306,307,405 65mm Metal",8-B-7-2,9346140038307,04 Bronze,1,0,0,0,0,1,-1,1,1,-1,0,-1,0,0,0,0,0,0,0,0,1,0,0,0,0,0,0,0,0,0,0,0,0,0,0,0,0,0
Emb-4504,Sonata insert 12.5x90x64x93mm,8-B-7-4,9346140025598,05 No Sales FY25,8,0,0,0,0,0,0,0,0,0,0,1,0,0,1,0,0,0,0,0,0,0,0,0,0,0,0,0,0,0,0,0,0,0,0,0,0,0
Emb-4505,"SAAB 9000 2.0,2.3L 86-98 Trans",8-B-7-2,9346140027745,04 Bronze,1,0,0,0,0,0,0,0,0,0,0,0,1,0,0,1,0,0,0,0,0,0,0,0,0,0,0,0,0,0,0,0,0,1,0,0,0,0
EVM-1001,"Tesla Model 3,Y 19-24 Front RH",22-A-1-T,9346140044322,07 Not Classed,30,0,,,,,,,,,,,,,,,,,,,,,,,,,,,,,,,,,,,,
EVM-1002,"Tesla Model 3,Y 19-24 Front LH",22-A-2-T,9346140044339,07 Not Classed,30,0,,,,,,,,,,,,,,,,,,,,,,,,,,,,,,,,,,,,
EVM-1003,"Tesla Model 3,Y 19-24 Rear LH",22-A-3-T,9346140044346,07 Not Classed,30,0,,,,,,,,,,,,,,,,,,,,,,,,,,,,,,,,,,,,
EVM-1004,"Tesla Model 3,Y 19-24 Rear LH",22-A-4-T,9346140044353,07 Not Classed,30,0,,,,,,,,,,,,,,,,,,,,,,,,,,,,,,,,,,,,
EVS-3001,"Tesla Model 3,Y 19-24 Front LH",22-A-1-T,9346140044360,07 Not Classed,20,0,,,,,,,,,,,,,,,,,,,,,,,,,,,,,,,,,,,,
EVS-3002,"Tesla Model 3,Y 19-24 Front RH",22-A-2-T,9346140044377,07 Not Classed,20,0,,,,,,,,,,,,,,,,,,,,,,,,,,,,,,,,,,,,
EVS-3003,"Tesla Model 3,Y 19-24 Front SM",22-A-3-T,9346140044384,07 Not Classed,50,0,,,,,,,,,,,,,,,,,,,,,,,,,,,,,,,,,,,,
EVS-3004,"Tesla Model 3,Y 19-24 Rear SM",22-A-4-T,9346140044391,07 Not Classed,49,0,,,,,,,,,,,,,,,,,,,,,,,,,,,,,,,,,,,,
ID-0180,Mazda Idle arm bush,31-B-6-10,0,07 Not Classed,0,,,,,,,,,,,,,,,,,,,,,,,,,,,,,,,,,,,,,
ID-0181,Idle arm bush 22mm x 31mm,31-B-5-10,0,07 Not Classed,0,,,,,,,,,,,,,,,,,,,,,,,,,,,,,,,,,,,,,
ID-0487,Nissan Skyline Idle arm bush,31-B-6-11,0,07 Not Classed,0,,0,0,0,0,0,0,0,0,0,0,0,2,0,0,0,0,0,0,0,0,0,0,0,0,0,0,0,0,0,0,0,0,0,0,0,0
ID-1237,Mazda/Sigma Idle arm bush,31-B-5-11,0,07 Not Classed,0,,0,0,0,0,0,0,0,0,0,0,0,2,0,0,0,0,2,0,0,0,0,0,0,0,0,0,0,0,0,0,0,0,0,0,0,0
ID-3027,Toyota Idle arm bush,31-B-5-12,0,07 Not Classed,0,,,,,,,,,,,,,,,,,,,,,,,,,,,,,,,,,,,,,
LH-0250,Nissan Radiator drain plug,31-B-1-10,0,07 Not Classed,0,,,,,,,,,,,,,,,,,,,,,,,,,,,,,,,,,,,,,
LH-0358,Niss. Rad Drain cock M14-1.25,31-B-1-10,0,07 Not Classed,0,,,,,,,,,,,,,,,,,,,,,,,,,,,,,,,,,,,,,
LH-2372,"Laser/323 KA,KB Front X member",31-B-2-10,9346140034156,07 Not Classed,0,,0,0,0,0,0,0,0,0,0,0,0,0,0,0,0,0,0,0,0,0,0,1,0,-1,14,0,0,0,0,0,0,0,0,0,0,2
LH-3504,"Mazda 121 DA,DB Rear X member",31-B-2-10,9346140034170,07 Not Classed,21,0,0,0,0,0,0,0,0,0,0,0,0,0,0,0,0,0,0,0,0,0,0,2,0,0,0,0,0,0,0,0,0,0,1,1,0,0
M8125,S/LOCK NUTS FOR S/M,31-B-2-12,0,07 Not Classed,1002,0,,,,,,,,,,,,,,,,,,,,,,,,,,,,,,,,,,,,
MH-0058,Gemini/Cortina Muffler hang,32D-1-5,9346140031896,07 Not Classed,168,0,,,,,,,,,,,,,,,,,,,,,,,,,,,,,,,,,,,,
MH-0222,Uni. Muffler hang - Ring type,32D-1-5,9346140032299,07 Not Classed,222,0,,,,,,,,,,,,,,,,,,,,,,,,,,,,,,,,,,,,
MH-0349,Nissan Y30 Stanza Muffler hang,32D-1-5,9346140031926,07 Not Classed,23,0,,,,,,,,,,,,,,,,,,,,,,,,,,,,,,,,,,,,
MH-0866,Honda Civic Muffler hang,32D-1-5,9346140031933,07 Not Classed,91,0,1,0,0,0,0,0,0,0,0,0,0,0,0,0,0,0,0,0,0,0,0,0,0,0,0,0,0,0,0,0,0,0,0,0,0,0
MH-1248,Commodore  Muffler hang,32D-1-5,9346140031940,07 Not Classed,1041,0,0,0,0,0,0,20,0,0,0,0,20,10,10,0,20,0,0,0,20,0,30,0,0,0,0,4,0,0,0,0,20,0,6,0,0,0
MH-1667,Mercedes Benz Muffler hang,32D-1-5,9346140031957,07 Not Classed,28,0,,,,,,,,,,,,,,,,,,,,,,,,,,,,,,,,,,,,
MH-1674,Volvo Muffler hang,32D-1-5,9346140032091,07 Not Classed,19,0,,,,,,,,,,,,,,,,,,,,,,,,,,,,,,,,,,,,
MH-1677,Volvo Muffler hang,32D-1-5,9346140031971,07 Not Classed,91,0,,,,,,,,,,,,,,,,,,,,,,,,,,,,,,,,,,,,
MH-1678,Volvo Muffler hang,32D-1-5,9346140031988,07 Not Classed,70,0,,,,,,,,,,,,,,,,,,,,,,,,,,,,,,,,,,,,
MH-2285,Toyota Hilux Muffler hang,32D-1-5,9346140031995,07 Not Classed,71,0,,,,,,,,,,,,,,,,,,,,,,,,,,,,,,,,,,,,
MH-2679,Nissan Sunny Muffler hang,32D-1-5,9346140032008,07 Not Classed,273,0,,,,,,,,,,,,,,,,,,,,,,,,,,,,,,,,,,,,
MH-2986,Nissan 260 Muffler hang,32D-1-5,9346140032015,07 Not Classed,114,0,,,,,,,,,,,,,,,,,,,,,,,,,,,,,,,,,,,,
PD-0088,"29873,BP851  Acc/Civ/Pre P/Pad",UP-B1-R1,9346140030165,03 Silver,108,300,5,12,8,4,10,3,0,12,12,6,2,1,3,15,6,5,3,1,0,9,6,2,5,4,5,3,3,3,9,7,1,7,5,7,3,8
PD-0089,"29846, BP872 Falcon P/pad Auto",UP-B1-R1,9346140030172,03 Silver,205,0,6,3,9,4,6,1,1,3,3,2,2,4,2,6,5,6,3,2,1,1,1,6,1,3,1,5,4,1,2,4,0,1,0,2,0,3
PD-0091,"29808, BP881 Laser/323 P/pad A",UP-B1-R1,9346140030189,04 Bronze,80,0,4,1,1,2,1,5,1,0,2,1,4,5,2,2,1,0,2,2,2,0,0,4,1,2,1,5,0,2,5,0,1,0,0,1,0,2
PD-0092,"29847, BP885 626/929 P/pad A",UP-B1-R2,9346140030196,03 Silver,232,0,5,0,21,4,1,4,0,1,4,0,1,0,1,7,3,1,2,2,0,1,2,9,2,2,3,1,5,1,7,1,1,4,1,9,1,6
PD-0093,"Colt,Sigma,Hyundai Pedal pad-A",UP-B1-R2,9346140030202,05 No Sales FY25,616,0,0,0,0,1,2,0,0,0,0,0,0,0,0,0,0,0,0,0,0,0,0,0,0,0,0,0,0,0,1,3,0,0,0,0,1,0
PD-0094,"29849,29874,BP866,PP2514 P/Pad",DS-B1-R1,9346140030219,02 Gold,111,500,18,15,12,24,12,11,25,2,26,8,29,21,14,32,33,26,25,19,11,24,17,32,25,27,26,40,17,14,28,35,14,26,26,21,39,27
PD-0095,"29817,BP876,PP1162 Commodore",UP-B1-R2,9346140030226,03 Silver,270,0,5,2,3,1,4,4,3,13,5,3,2,12,6,10,5,16,8,2,3,7,3,4,0,4,5,5,4,11,6,10,3,6,4,4,7,4
PD-0096,Corona Pedal pad - Auto,UP-B1-R3,9346140030233,05 No Sales FY25,262,0,0,0,0,1,0,0,0,0,0,0,0,0,0,0,0,0,0,0,0,0,0,0,0,0,0,0,0,0,0,0,0,0,0,0,0,0
PD-0098,"29827, BP882, PP2537 P/pad",DS-B1-R1,9346140030240,03 Silver,907,0,15,9,8,5,8,9,3,3,6,10,10,7,12,14,2,8,11,9,1,10,5,9,9,10,3,8,4,10,9,3,3,9,6,10,12,5
PD-0099,29828 Camry SXV10 P/pad - Auto,UP-B1-R3,9346140030257,04 Bronze,106,0,0,3,2,2,3,1,0,1,3,2,1,8,1,2,2,6,8,3,3,2,1,2,1,3,0,2,2,0,2,0,5,0,2,3,1,2
PD-0129,"29805, BP835 121/323/626 P/pad",DS-B1-R1,9346140030264,03 Silver,177,500,16,1,4,2,10,3,0,2,13,0,0,24,3,10,28,0,28,6,4,19,3,27,5,5,4,21,21,4,11,17,4,1,6,19,5,15
PD-0219,"29826, BP807 Pul/Astra P/pad M",DS-B1-R2,9346140030271,03 Silver,127,300,9,8,5,5,6,2,5,8,6,14,6,7,5,8,4,5,14,1,2,8,9,11,10,11,3,7,11,10,7,8,15,15,6,12,8,5
PD-0276,Nissan Pedal pad - Manual,UP-B1-R3,9346140030288,05 No Sales FY25,346,0,0,0,0,1,0,0,0,0,0,2,0,0,0,0,0,0,0,0,0,0,0,0,0,0,0,0,0,0,0,0,0,0,0,0,0,0
PD-0501,"29848, BP808 Niss/Mira P/pad M",UP-B1-R3,9346140030295,04 Bronze,225,0,0,2,0,1,0,0,0,0,0,0,0,0,0,0,0,0,0,0,0,1,0,0,0,0,0,0,0,0,0,0,0,0,0,0,0,0
PD-0536,"29818, BP854 Blue/Sky P/pad M",UP-B1-R4,9346140030301,04 Bronze,239,0,0,0,0,1,0,0,0,2,2,0,0,1,1,0,0,2,0,0,2,0,0,3,0,0,2,0,0,0,0,1,2,8,0,0,0,0
PD-0593,"29853, BP865 Paj/L300 P/pad M",UP-B1-R4,9346140030318,04 Bronze,549,0,4,2,2,3,0,0,0,0,3,0,1,0,2,0,0,2,4,0,0,2,0,5,0,0,0,0,1,2,2,0,0,0,0,2,2,1
PD-0784,"29815, BP845 Landcrser P/pad M",UP-B1-R4,9346140030325,04 Bronze,184,0,7,2,2,2,3,0,2,0,0,0,2,2,2,5,1,4,4,0,0,1,7,0,2,2,6,5,4,5,0,0,2,2,0,4,0,2
PD-0867,"29864, BP855 Civic P/pad - Mtm",DS-B1-R2,9346140030332,03 Silver,16,700,6,3,6,2,5,6,3,8,0,5,1,6,6,17,3,8,6,15,4,17,8,5,12,1,3,2,9,6,8,6,7,15,11,11,7,10
PD-1117,"29835, BP830 Isuzu - PPad Man.",DS-B1-R2,9346140030349,03 Silver,79,0,2,0,1,6,5,2,1,6,5,2,2,7,6,7,7,8,15,2,1,5,9,9,4,8,9,6,7,9,6,5,15,20,12,12,11,7
PD-1269,BP809 Bluebird P/pad M,UP-B1-R4,9346140030356,05 No Sales FY25,1224,0,0,0,0,1,0,0,0,0,0,0,0,0,0,0,0,0,0,0,0,0,0,0,0,0,0,0,0,0,0,0,0,0,0,0,0,0
PD-2018,"29858,29910,BP856,PP2072 PPad",DS-B1-R2,9346140030363,02 Gold,1,300,26,17,14,9,15,6,12,30,18,13,21,14,9,25,13,27,14,16,10,25,26,33,17,15,16,18,14,25,15,15,14,19,10,22,13,23
PD-2289,29816 Landcruiser P/pad M,UP-B1-R4,9346140030370,04 Bronze,39,0,0,0,0,3,0,0,2,0,0,2,0,2,0,2,0,0,2,2,2,0,0,0,0,0,0,0,0,0,0,0,0,0,0,0,0,0
PD-2316,29813 Toyota Pedal pad - Mtm,UP-B1-R5,9346140030387,04 Bronze,288,0,5,0,2,1,0,0,0,0,0,4,-2,3,0,0,0,0,0,4,6,0,0,2,0,1,0,0,0,3,0,2,0,0,0,0,0,2
PD-2317,"29811,29812,BP849,BP895 Toyo",DS-B1-R3,9346140030394,01 Platinum,1655,0,56,68,93,34,55,71,32,57,48,25,52,51,39,42,34,52,66,32,48,31,57,50,27,42,75,106,25,40,46,61,28,28,98,43,48,60
PD-3778,"29856, BP858, PP2075 P/pad M",DS-B1-R3,9346140030400,02 Gold,93,500,11,40,12,8,12,10,24,12,18,19,22,28,5,45,15,39,22,21,25,6,24,34,20,16,22,44,11,41,33,21,5,31,12,55,20,24
PD-3801,"Isuzu NPR,NKR,NHR Pedal pad",UP-B1-R5,9346140030417,04 Bronze,1100,0,0,0,0,1,0,0,0,0,8,0,0,2,0,0,0,0,0,0,0,0,0,0,0,2,0,2,0,0,0,0,0,0,2,2,2,3
PD-3802,"29851, BP857 Pedal pad",DS-B1-R3,9346140030424,01 Platinum,419,0,26,42,36,37,41,28,33,30,43,40,34,30,28,60,51,47,61,41,31,72,66,70,48,63,31,38,0,73,65,60,47,63,63,46,61,55
PD-3803,"29809 BP862 Ford Trader,Mazda",UP-B1-R5,9346140030431,04 Bronze,746,0,4,0,0,5,0,0,0,3,0,3,2,3,7,0,2,2,3,1,0,0,0,4,0,0,0,6,0,8,5,4,0,7,8,0,4,0
PD-3804,29898 Excel P/pad Manual,DS-B1-R4,9346140030448,03 Silver,462,0,7,10,19,9,9,7,3,17,9,-2,10,11,8,35,8,4,7,15,12,16,7,6,12,12,16,12,12,19,11,11,16,8,12,16,9,13
PD-3805,BP806. 29848 Mit  M/Pad,DS-B1-R4,9346140030455,03 Silver,425,0,2,4,0,1,0,0,4,8,5,2,1,17,8,12,4,4,3,9,6,11,3,19,5,0,10,19,5,5,13,0,5,18,6,15,0,26
PD-3806,"29821, BP844 Delta Pedal pad M",UP-B1-R6,9346140030462,03 Silver,89,0,2,0,5,5,2,0,0,5,7,0,0,5,2,12,2,0,4,4,4,0,0,8,4,2,2,2,4,5,3,0,0,2,2,2,10,0
PD-3807,29921 Mitsu. Canter FE P/pad,UP-B1-R6,9346140030479,04 Bronze,301,0,2,3,4,1,2,3,0,0,0,0,2,8,0,9,0,0,0,4,1,4,7,0,2,4,2,2,2,2,4,6,1,3,6,3,5,2
PD-3808,29888 Excel 86-93 P/pad Auto,UP-B1-R6,9346140030486,04 Bronze,474,0,0,0,1,1,2,0,0,0,0,0,0,0,1,0,4,0,0,2,1,0,0,0,0,0,1,0,0,0,0,0,0,0,0,0,0,0
PD-3809,"29889, BP883 Excel P/pad Auto",UP-B1-R7,9346140030493,04 Bronze,371,0,0,4,1,1,2,0,0,2,2,0,1,0,1,1,4,0,1,0,1,1,1,2,1,1,1,2,3,6,0,0,0,3,0,2,6,1
PD-3810,"29894, PP1043 Auto Pedal pad",UP-B1-R7,9346140030509,04 Bronze,297,0,0,1,2,1,1,0,0,0,0,0,1,1,0,0,2,0,0,0,0,1,0,0,2,0,0,0,2,2,0,0,0,0,0,0,0,0
PD-3811,"29823, BP880, PP2541 Niss PPad",UP-B1-R7,9346140030516,04 Bronze,535,0,0,0,0,1,0,1,1,2,0,0,0,0,0,0,0,2,0,0,0,1,0,0,1,0,0,0,0,0,0,0,0,0,0,0,0,0
PD-3812,"29819, 29897 Ford,Nissan P/pad",UP-B1-R8,9346140030523,03 Silver,154,200,4,3,7,1,5,3,1,5,1,2,0,6,1,12,1,2,4,2,2,4,7,6,0,4,3,6,6,8,6,0,7,0,5,2,2,2
PD-3813,29896 Toyota Echo Manual P/pad,DS-B1-R4,9346140030530,01 Platinum,1612,0,45,51,63,44,55,67,26,84,88,60,33,83,58,109,80,76,102,57,44,93,67,94,39,67,80,42,50,77,101,59,59,48,103,155,70,69
PD-3814,BP852 Volvo P/pad Manual,UP-B1-R8,9346140030547,04 Bronze,89,0,0,0,0,1,0,0,0,0,0,0,0,0,0,0,0,2,0,1,0,0,0,0,2,0,1,0,5,0,2,0,0,0,6,1,0,0
PD-3815,"Volvo NL10,NL12 Clutch P/Pad",UP-B1-R8,9346140030554,04 Bronze,8,0,0,0,0,1,0,0,0,0,0,0,0,1,0,0,0,0,0,0,0,0,1,0,0,2,0,0,0,0,0,0,0,0,0,0,0,0
PD-3817,"29881 Astra TR,TS P/pad M",UP-B1-R8,9346140030578,05 No Sales FY25,367,0,0,0,0,1,0,0,0,0,0,0,0,0,0,0,0,0,0,0,0,0,0,0,0,0,0,0,0,0,0,0,0,0,0,0,0,0
PD-3818,Daihatsu Brake P/pad - Auto,UP-B1-R5,9346140030585,05 No Sales FY25,167,0,0,0,0,1,0,0,0,0,0,0,0,0,0,0,0,0,0,0,0,0,0,0,0,0,0,0,0,0,0,0,0,0,0,0,0,0
PD-3819,"29806, BP884 Ford,Maz P/pad A",UP-B1-R9,9346140030592,05 No Sales FY25,279,0,0,0,0,1,2,1,0,11,0,0,0,0,0,0,0,0,0,0,0,0,0,0,0,0,0,0,0,0,0,0,0,0,0,0,0,0
PD-3820,"29832,BP843 Suzuki P/pad",UP-B1-R9,9346140030608,04 Bronze,371,0,0,2,0,5,0,4,0,7,3,4,5,7,6,5,2,0,3,0,2,2,5,5,0,6,1,0,6,0,5,0,0,0,4,0,1,3
PD-3821,BP886 Subaru Leone P/pad A,UP-B1-R9,9346140030615,04 Bronze,629,0,0,1,0,1,2,3,1,0,0,2,1,0,1,0,0,0,1,5,3,0,0,2,1,2,0,0,0,0,2,0,0,1,0,0,0,0
PD-3822,"29907, BP887, PP1003 Subaru",DS-B1-R5,9346140030622,01 Platinum,1042,0,54,78,52,72,150,96,46,59,57,84,35,58,36,53,72,62,93,45,50,59,48,70,60,84,54,57,64,68,71,46,51,95,73,74,73,62
PD-3823,"BP888, PP1004 Subaru P/Pad A",UP-B2-R1,9346140030639,03 Silver,242,0,3,10,2,1,3,6,0,4,2,5,2,2,0,5,4,8,4,5,6,6,4,8,2,1,0,0,1,0,4,2,0,1,1,3,4,2
PD-3824,"29902,BP896 Ford BA BF P/pad A",UP-B2-R1,9346140030646,03 Silver,63,200,3,8,7,4,11,2,4,4,3,8,4,8,3,13,5,6,11,4,4,4,1,3,2,3,7,5,1,5,9,4,7,4,6,2,3,4
PD-3825,"29845A, BP873 Ford XR-EF Brake",UP-B2-R1,9346140030653,04 Bronze,760,0,0,1,0,1,0,1,3,3,1,2,5,1,0,2,1,0,1,0,2,2,0,5,5,10,5,1,2,4,4,0,2,2,0,1,0,1
PD-3826,"29845B,BP874 Ford XR-EF P/pad",UP-B2-R1,9346140030660,04 Bronze,678,0,0,1,2,1,0,2,2,3,2,2,1,0,0,0,1,1,1,0,2,2,0,4,5,5,5,1,1,2,3,0,3,3,1,3,0,1
PD-3827,"29912,BP812,PP1019 Transit PP",UP-B2-R2,9346140030677,04 Bronze,183,0,3,0,2,1,0,4,0,0,0,2,0,0,5,2,2,3,0,10,0,0,0,0,2,1,1,0,4,0,0,0,0,0,0,0,0,2
PD-3828,BP803 Ford Transit 00-04 B&C-M,UP-B2-R2,9346140030684,04 Bronze,110,0,0,0,0,1,0,0,0,0,0,0,0,0,0,0,0,0,0,20,0,0,0,6,0,1,0,0,0,5,0,0,0,0,0,0,0,0
PD-3829,BP879 Camira Brake-Auto,UP-B2-R2,9346140030691,05 No Sales FY25,103,0,0,0,0,1,2,0,0,0,0,0,0,0,0,0,0,0,0,0,0,0,0,0,0,0,0,0,0,0,0,0,0,0,0,0,0,0
PD-3830,"29800,BP890,PP1161 Hold HK-WB",UP-B2-R2,9346140030707,05 No Sales FY25,0,200,0,0,0,0,0,0,0,0,0,0,0,0,0,0,0,0,0,0,0,0,0,0,0,0,0,0,0,0,0,0,0,0,0,0,0,0
PD-3831,"BP875, 29842B Hold VB-VS Brake",UP-B2-R3,9346140030714,03 Silver,34,300,5,0,3,3,2,0,1,1,3,3,1,4,4,3,8,5,1,3,1,4,5,6,6,8,1,7,8,5,2,2,6,2,6,1,5,5
PD-3832,"29842A,BP889 Hold VB-VS clutch",UP-B2-R3,9346140030721,04 Bronze,165,0,5,1,5,1,2,0,2,1,1,3,1,2,2,0,7,1,2,1,1,2,2,2,3,4,2,4,4,2,9,3,3,1,2,3,5,3
PD-3833,"29915,BP898,PP2516 Honda PPad",UP-B2-R3,9346140030738,03 Silver,162,0,25,12,4,1,5,1,1,5,1,0,0,2,3,7,2,0,5,8,0,0,9,4,1,2,6,1,5,3,0,3,3,2,1,3,1,1
PD-3834,BP842 Daihatsu Hijet B&C- MTM,UP-B2-R4,9346140030745,05 No Sales FY25,177,0,0,0,0,1,0,0,0,0,0,1,0,0,0,0,0,0,0,0,0,0,0,0,0,0,0,0,0,0,0,0,0,0,0,0,0,0
PD-3835,BP894 29822 Nissan - Auto,UP-B2-R4,9346140030752,04 Bronze,120,0,0,0,0,1,0,0,0,0,0,1,0,0,0,0,2,0,0,0,4,0,0,0,0,0,0,0,0,0,1,0,0,0,0,0,0,0
PD-3836,BP850 Nissan B & C - MTM,UP-B2-R4,9346140030769,04 Bronze,160,0,0,0,0,1,0,0,0,0,0,1,0,0,0,0,2,0,0,0,0,0,0,0,0,0,0,0,0,0,0,0,0,0,0,0,0,0
PD-3837,"29840, BP877, PP2074 Rodeo",UP-B2-R5,9346140030776,03 Silver,184,0,9,12,16,9,3,23,0,3,7,6,3,6,9,12,3,0,6,2,2,6,3,4,2,0,5,2,4,8,7,2,0,0,0,2,0,1
PD-3838,"BP848 Applause,Charade,Corolla",UP-B2-R5,9346140030783,04 Bronze,811,0,0,6,0,1,4,2,0,0,1,0,0,0,4,5,1,0,0,0,0,0,0,0,6,0,0,0,0,4,2,0,0,2,0,0,2,0
PD-3839,29825 Daihatsu Mira B&C- MTM,UP-B2-R5,9346140030790,04 Bronze,245,0,0,0,0,1,0,0,0,0,1,0,0,0,0,0,0,0,2,1,0,0,0,0,0,0,0,0,0,1,0,0,0,0,0,0,0,0
PD-3840,Daihatsu Mir Brake - Auto,UP-B2-R5,9346140030806,05 No Sales FY25,184,0,0,0,0,1,0,0,0,0,0,0,0,0,0,0,0,0,0,0,0,0,0,0,0,0,0,0,0,0,0,0,0,0,0,0,0,0
PD-3841,BP853 Gemini TX-TG 76-85 B&C-M,UP-B2-R6,9346140030813,04 Bronze,171,0,0,0,0,1,0,0,0,0,0,0,2,0,0,0,0,0,0,1,0,0,0,0,0,0,0,0,0,2,0,0,0,0,0,0,0,0
PD-3842,BP815 Maz 626 1.6 1.8 B&C-MTM,UP-B2-R6,9346140030820,04 Bronze,262,0,0,0,0,1,0,0,0,0,0,0,0,0,0,0,0,0,0,0,0,0,0,0,0,0,0,0,0,3,0,0,0,0,0,0,0,0
PD-3843,"BP818 Benz 190DC,123,115 B&C-M",UP-B2-R6,9346140030837,05 No Sales FY25,164,0,0,0,0,1,0,0,0,0,0,0,0,0,1,0,0,0,0,0,0,0,0,0,0,0,0,0,0,0,0,0,0,0,0,0,0,0
PD-3844,"BP819 Benz 180D,309 B&C-MTM",UP-B2-R6,9346140030844,04 Bronze,130,0,0,0,0,1,0,0,0,0,0,0,0,0,0,0,0,0,0,4,0,0,0,0,0,0,0,0,0,0,0,0,0,0,0,0,0,0
PD-3845,BP821 29860 Leyland Morris Min,UP-B2-R6,9346140030851,05 No Sales FY25,73,0,0,0,0,1,0,0,0,0,0,2,0,0,3,0,0,0,0,0,0,0,0,0,0,0,0,0,1,4,1,0,2,0,0,0,0,2
PD-3846,BP822 Leyland Morris Minor B&C,UP-B2-R6,9346140030868,04 Bronze,153,0,0,2,0,1,0,0,0,0,0,2,0,0,0,0,0,0,2,0,0,0,0,1,0,0,0,0,0,0,0,0,0,0,0,0,0,0
PD-3847,BP823 29861 Leyland Morris Min,UP-B2-R7,9346140030875,05 No Sales FY25,123,0,0,0,0,1,0,0,0,0,0,0,0,0,0,0,0,0,0,0,0,0,0,0,0,0,0,0,0,0,0,0,0,0,0,0,0,0
PD-3848,"29895, PP1014 Hyundai P/Pad A",DS-B1-R5,9346140030882,02 Gold,0,500,25,27,18,15,25,11,15,14,22,12,25,24,36,29,15,21,27,10,13,15,11,23,18,26,19,13,17,32,15,27,17,24,31,16,11,0
PD-3849,"29926 BMW 316Ti,525i Ppad",UP-B2-R7,9346140030899,05 No Sales FY25,1163,0,0,2,0,1,0,0,0,0,0,0,0,0,0,0,0,0,0,0,0,0,0,0,0,0,0,0,0,0,0,0,0,0,0,1,0,0
PD-3850,"29807 Ford, Mazda Ppad B&C M",UP-B2-R7,9346140030905,04 Bronze,1711,0,0,0,0,1,2,0,0,4,0,0,0,4,0,0,0,0,0,0,0,0,0,0,2,2,0,0,0,0,0,0,0,0,0,0,0,0
PD-3851,29824 Patrol 4.0L 61-80 B&C M,UP-B2-R7,9346140030912,04 Bronze,1917,0,0,0,0,1,0,0,0,0,0,0,0,0,2,0,0,0,0,0,0,0,0,2,0,0,0,2,3,1,0,0,0,0,4,0,0,2
PD-3852,29857 Nissan 720 80-85 B&C Man,UP-B2-R7,9346140030929,04 Bronze,853,0,0,0,0,1,0,0,0,0,2,0,0,0,0,3,0,0,2,-2,0,0,0,1,0,0,0,2,0,0,0,0,0,0,0,0,0,0
PD-3853,"29870 200SX,N15,N16 Ppad A",UP-B2-R7,9346140030936,04 Bronze,714,0,4,1,2,1,0,1,2,2,0,0,2,1,0,9,1,0,2,4,0,1,0,7,0,1,1,2,3,1,4,6,0,1,3,5,2,8
PD-3854,"29871, PP3903 Toyota Ppad A",DS-B1-R5,9346140030943,03 Silver,338,500,11,12,11,19,21,15,8,14,16,21,19,32,35,31,18,22,23,0,14,32,19,18,12,24,7,11,16,15,14,25,18,12,21,31,33,12
PD-3855,"29875 Astr,Bari,Comb,Lan B&C M",UP-B2-R8,9346140030950,04 Bronze,1360,0,0,0,2,1,8,0,2,0,0,0,1,0,0,1,0,0,0,0,0,0,0,3,2,2,0,0,0,6,0,0,0,0,0,0,0,0
PD-3856,"29876 Astr,Bari,Comb,Dae Ppd A",UP-B2-R8,9346140030967,05 No Sales FY25,954,0,0,0,5,1,0,0,0,0,0,0,0,0,0,0,0,0,0,0,0,0,0,0,0,0,0,0,0,0,0,0,0,0,0,0,0,0
PD-3857,"29879 Vect JR,JS 97-02 Clutch",UP-B2-R8,9346140030974,04 Bronze,957,0,0,0,0,1,2,0,0,0,0,0,1,0,0,0,0,0,2,0,0,0,0,0,0,0,0,0,0,3,0,0,0,0,0,0,0,0
PD-3858,"29882 AstraTS-AH,Barina XC Ppa",UP-B2-R8,9346140030981,04 Bronze,719,0,1,1,15,2,3,0,2,4,0,0,0,4,4,9,1,0,8,2,1,3,0,2,1,2,2,0,1,1,1,4,0,1,0,0,2,2
PD-3859,29883 Barina SB 1.4L Clutch PP,UP-B2-R9,9346140030998,04 Bronze,958,0,0,0,0,1,0,0,0,0,0,0,0,0,0,0,2,0,0,0,0,0,0,0,0,0,0,1,0,2,0,0,0,0,0,1,0,0
PD-3860,29884 Barina SB 1.4L Brake M,UP-B2-R9,9346140031001,04 Bronze,964,0,0,0,0,1,0,0,0,0,0,0,0,0,0,0,0,0,0,0,0,0,0,0,0,0,1,0,0,2,0,0,0,0,0,0,0,0
PD-3861,29900 Comm VE 06-on All Ppad A,DS-B1-R6,9346140031018,03 Silver,444,0,14,5,22,8,6,7,4,7,11,2,8,7,9,17,7,5,15,3,2,6,9,16,11,4,7,18,7,13,4,0,4,13,9,8,4,7
PD-3862,29901 C/dore VE 6/V8 06-on B&C,UP-B2-R9,9346140031025,04 Bronze,627,0,5,0,11,5,3,3,1,3,0,2,0,1,0,6,2,6,2,0,0,5,2,0,2,2,2,0,0,0,2,4,4,4,0,4,10,6
PD-3863,"29903 Falcon BA,BF 6/V8 Ppad M",UP-B3-R1,9346140031032,03 Silver,742,0,0,2,1,2,4,0,1,0,1,5,2,5,1,1,0,1,4,1,1,9,2,8,12,0,0,0,1,4,21,0,0,5,11,2,13,5
PD-3864,"29904 Ford BA,BF 6/V8 Clutch p",UP-B3-R1,9346140031049,03 Silver,661,0,0,1,2,3,2,2,3,0,0,4,2,7,0,1,2,3,8,3,1,10,3,9,13,0,2,0,2,4,22,1,2,3,12,2,11,5
PD-3865,"29905 Dyna,Spac,Townace Ppad A",UP-B3-R1,9346140031056,04 Bronze,806,0,1,0,1,2,0,0,1,0,6,0,0,0,1,0,4,2,1,1,0,1,0,0,0,1,1,0,0,7,1,0,0,1,0,0,0,0
PD-3866,29908 Pul N16 1.8 00-06 Clutch,UP-B3-R2,9346140031063,04 Bronze,860,0,1,1,1,2,0,0,0,0,7,0,1,0,0,2,2,0,2,1,0,1,2,3,0,4,0,2,0,4,0,2,0,3,6,0,6,0
PD-3867,"29909,29935 CRV,Jaz 97-08 PP A",DS-B1-R6,9346140031070,02 Gold,573,0,48,13,15,13,10,21,12,23,19,14,22,16,13,39,16,20,24,32,16,31,14,21,17,31,26,25,19,44,36,18,26,27,28,46,38,23
PD-3868,"Accord,CRV,Civic 99-12 Ppad At",DS-B1-R6,9346140031087,02 Gold,273,0,20,24,27,16,18,26,23,36,22,16,20,24,27,33,19,25,14,24,17,25,32,26,20,31,16,29,15,37,25,22,21,27,21,27,16,17
PD-3869,29911 Astra TS-AH 98-on Ppad M,UP-B3-R2,9346140031094,04 Bronze,582,0,2,12,2,1,2,0,5,11,0,12,0,4,1,11,1,0,0,0,0,0,5,3,0,4,0,0,2,4,1,12,0,0,0,0,0,2
PD-3870,29913 Camry ACV-MCV36 Ppad A,UP-B3-R2,9346140031100,03 Silver,606,0,1,2,2,7,2,2,1,0,6,1,1,4,0,9,2,0,5,1,6,10,3,5,3,4,7,22,8,5,1,2,1,6,4,2,5,2
PD-3871,29914 Mazda 3 2.0 04-on Ppad A,UP-B3-R3,9346140031117,03 Silver,532,0,3,9,6,2,0,1,3,0,2,6,2,2,1,8,1,0,8,4,0,4,4,2,3,2,5,1,2,1,5,9,0,0,6,5,1,0
PD-3872,29917 Mazda 3 2.0 04-on B&C P,UP-B3-R3,9346140031124,03 Silver,564,0,4,2,0,2,2,0,2,14,3,3,1,6,1,10,7,1,1,4,1,0,12,7,6,4,2,1,2,3,2,0,0,1,1,0,4,0
PD-3873,29918 Mazda 2 1.5 02-on Ppad M,DS-B1-R7,9346140031131,03 Silver,229,0,7,6,13,10,2,12,13,7,17,3,6,23,4,28,18,15,10,10,8,21,17,9,20,16,7,20,16,28,17,15,12,9,15,12,22,14
PD-3874,29919 Mazda 6 2.3L 02-on B&C P,UP-B3-R3,9346140031148,04 Bronze,752,0,1,0,3,1,3,2,1,0,0,0,2,2,0,3,0,0,0,0,3,1,0,3,3,2,0,0,3,14,0,6,4,2,2,0,0,0
PD-3875,29922 Dae Matiz 99-02 Ppad Atm,UP-B3-R4,9346140031155,03 Silver,780,0,0,0,0,1,2,0,0,0,2,0,1,15,0,7,2,2,7,7,2,2,7,3,3,11,4,13,4,10,6,6,5,2,6,5,3,3
PD-3876,29923 Daewo Matiz 99-02 Ppad M,UP-B3-R4,9346140031162,04 Bronze,937,0,0,0,0,1,0,0,0,0,0,0,0,0,0,0,0,0,0,0,0,0,0,2,0,0,0,0,2,0,0,0,0,0,0,0,0,0
PD-3877,"29924 BMW 316Ti,520-540 Ppad M",UP-B3-R4,9346140031179,04 Bronze,935,0,0,0,0,1,0,0,0,0,0,0,0,0,0,0,0,0,0,20,0,0,0,0,0,0,0,0,0,0,0,0,0,0,0,1,0,0
PD-3878,29925 BMW 316i-730i All Ppad A,UP-B3-R5,9346140031186,04 Bronze,884,0,0,0,3,1,0,0,0,1,0,0,0,0,0,0,0,0,0,0,0,0,0,1,-1,0,0,0,0,3,2,0,1,0,0,0,1,1
PD-3879,29927 Rodeo 4/V6 03-on Ppad A,DS-B1-R7,9346140031193,02 Gold,45,500,13,19,25,33,12,31,5,23,31,12,6,23,11,26,28,16,13,29,17,17,15,16,14,10,22,21,11,31,13,23,16,26,23,33,23,21
PD-3880,"29928,PP2074 Rodeo 03-on P/Pad",DS-B1-R7,9346140031209,02 Gold,159,500,27,38,28,21,37,34,2,15,33,10,35,15,35,36,32,11,36,8,25,21,23,34,51,14,21,32,10,29,40,17,11,13,40,18,32,23
PD-3881,"29929,PP1009 Maz2 1.5 02-13 At",UP-B3-R5,9346140031216,03 Silver,440,0,9,4,3,6,2,0,4,5,2,7,7,3,0,7,6,5,5,7,2,7,2,15,2,5,3,4,3,5,6,9,3,3,2,10,6,4
PD-3882,Barina XC Alloy Pad Mtm,UP-B3-R5,9346140031223,04 Bronze,812,0,2,1,4,3,0,0,0,2,1,0,0,0,0,0,0,0,1,0,0,0,0,2,0,2,0,2,0,1,4,0,0,0,0,0,0,3
PD-3883,29938 Impreza 2003 PPad At,DS-B1-R8,9346140031230,01 Platinum,1107,0,78,63,54,79,78,78,51,63,98,53,79,62,88,123,39,68,104,64,47,42,83,71,53,107,89,83,87,81,77,73,60,108,87,100,103,70
PD-3884G,"29933 Cruze,Malibu P/Pad Auto",UP-B3-R6,9346140031247,03 Silver,257,0,4,6,18,1,3,5,6,7,3,4,5,9,0,0,0,0,1,0,0,0,0,13,16,7,8,5,12,7,8,6,9,9,5,6,6,12
PD-3885G,"29931 Cruze JG,JH P/Pad B/Man",UP-B3-R6,9346140031254,03 Silver,290,0,0,3,2,2,4,1,2,2,4,1,0,1,0,15,1,2,1,0,5,0,4,2,1,3,0,1,4,2,3,1,0,1,2,0,0,1
PD-3886G,"29932 Cruze JG,JH Clutch P/Pad",UP-B3-R6,9346140031261,04 Bronze,186,0,1,0,1,3,9,1,3,1,1,0,0,1,0,10,1,0,3,0,4,1,0,0,1,2,0,1,2,2,0,4,1,0,4,1,0,0
PD-3887,"Volvo S60,70,80,V70 PPad At",UP-B3-R7,9346140031865,05 No Sales FY25,49,0,0,0,0,1,0,0,2,0,0,0,0,0,0,0,0,0,0,0,0,0,0,0,0,0,0,0,0,6,0,0,0,0,2,0,0,1
PD-3888,"Volvo S60,70,80,V70 PPad M",UP-B3-R7,9346140031872,05 No Sales FY25,78,0,0,0,0,1,0,0,3,0,0,0,0,0,0,0,0,0,0,0,0,0,0,0,0,0,0,0,0,0,0,0,0,0,0,0,0,0
PD-3889,"Trans. T4 2.0,2.4,2.5L Pedal A",UP-B3-R7,9346140031889,04 Bronze,122,0,0,1,0,1,0,0,1,0,1,1,0,2,1,0,0,2,0,0,0,0,1,0,0,0,0,0,0,0,1,1,0,0,0,0,0,2
PD-3890,"MercSprinter,Vito Brake Ppad M",UP-B3-R8,9346140033401,04 Bronze,41,0,0,1,0,0,9,1,1,1,0,2,3,0,0,0,2,0,2,3,1,2,1,2,1,2,0,0,0,5,2,1,0,0,1,2,1,0
PD-3891,"VW Beetle,Karm,TransT3 P/Pad M",UP-B3-R8,9346140033418,05 No Sales FY25,130,0,4,2,0,1,0,3,1,2,0,2,4,0,0,0,0,0,0,0,0,0,0,0,0,0,0,0,2,2,0,2,0,0,0,2,0,0
PD-3892,"MercSprinter,Vito Clutch Ppad",UP-B3-R8,9346140033425,04 Bronze,75,0,0,1,0,1,7,1,1,1,0,1,2,0,0,0,0,2,2,3,1,1,0,2,1,1,0,0,1,4,2,0,0,0,4,2,1,2
PD-3893,29936 Mercedes Auto P/padÿÿÿ,DS-B1-R8,9346140033432,03 Silver,609,200,8,9,1,10,17,6,21,12,3,7,16,15,15,19,17,7,14,4,14,9,23,12,8,12,7,10,2,24,19,7,4,11,12,8,11,10
PD-3894,"Mercedes,VW Brake & Clutchÿÿÿÿ",UP-B3-R8,9346140033449,04 Bronze,286,0,3,4,0,3,6,21,1,0,0,2,0,0,0,11,0,1,5,3,0,0,1,0,0,2,0,0,5,4,4,1,3,4,1,4,0,2
PD-3895,"29939,PP1032 Maz3,6,CX7 08-on",DS-B1-R8,9346140036754,02 Gold,1102,0,27,16,29,20,16,27,28,30,17,12,24,29,13,48,12,30,21,18,15,37,40,38,22,26,20,17,23,27,33,27,21,25,13,40,25,18
PD-3896G,Captiva CG All eng. Auto P/Pad,UP-B3-R9,9346140038079,03 Silver,277,0,5,4,5,3,2,5,3,4,11,5,2,4,0,6,9,0,6,1,3,6,8,1,0,2,2,3,0,5,5,7,2,6,3,5,3,1
PD-3897,"Qashqai,Dualis J10,J11 B&C PP",DS-B1-R9,9346140039359,03 Silver,679,0,16,7,10,13,21,22,12,12,15,21,14,18,7,21,6,13,33,17,1,22,20,22,25,21,5,33,24,18,13,20,9,21,21,18,12,6
PD-3898,"Clio,Kang,Megane,Scenic PP Mtm",UP-B3-R9,9346140039366,03 Silver,155,500,0,0,0,1,0,0,3,1,2,0,0,0,0,0,2,2,5,1,1,4,0,0,6,15,4,10,10,23,10,9,5,7,8,9,2,1
PD-3899,"VW Golf MK2-3,Trans T4 P/P Mtm",UP-B3-R9,9346140039373,04 Bronze,260,0,0,4,0,4,0,0,1,0,0,0,0,0,0,0,0,0,0,1,2,0,0,4,0,1,0,0,2,0,0,0,3,1,0,1,0,0
PD-3900,"Transit VH,VJ,VM 00-14 B&C P/P",UP-B3-R9,9346140039380,04 Bronze,240,0,3,0,0,1,1,2,2,1,0,3,2,0,5,0,1,3,1,11,2,0,2,5,1,0,0,3,8,0,0,3,4,4,0,3,3,0
PD-3902G,Hyun/Kia Gen Alloy Brake At PP,UP-B3-R9,9346140039403,04 Bronze,120,0,0,0,0,1,0,0,1,0,1,0,0,0,0,2,0,0,0,0,0,0,0,0,0,0,0,0,4,0,0,0,2,0,0,1,0,0
PD-3903,"Qashqai,Dualis J10,11 Auto PP",DS-B1-R9,9346140039410,02 Gold,541,0,5,7,7,16,11,20,5,34,21,5,5,22,20,25,29,43,43,16,14,28,22,25,19,56,46,50,20,48,44,43,28,46,64,42,34,38
PD-3904,"Corolla ZRE152,Rav ACA33 P/P A",DS-B1-R9,9346140039427,03 Silver,338,500,37,12,17,19,17,16,13,22,10,10,3,45,13,16,14,7,19,28,11,30,22,20,14,25,16,38,12,22,19,14,22,16,20,60,11,26
PD-3906G,"Soul,Sportage,Optima,Rio PPad",30A-1-1,9346140045640,06 First Sale in FY26,212,0,0,0,0,0,0,0,0,0,0,0,0,0,0,0,0,0,0,0,0,0,0,0,0,0,0,0,1,3,9,12,5,13,11,6,7,2
PD-3907,"A3,Q3,R8,S3,Golf,Tiguan PPad A",30A-2-1,9346140045657,06 First Sale in FY26,193,0,0,0,0,0,0,0,0,0,0,0,0,0,0,0,0,0,0,0,0,0,0,0,0,0,0,0,0,0,0,0,1,4,0,0,0,0
PD-3908,"A3,Q3,R8,S3,Golf,Tiguan PPad M",30B-1-1,9346140045664,04 Bronze,189,0,0,0,0,0,0,0,0,0,0,0,0,0,0,0,0,0,0,0,0,0,0,0,0,0,1,1,1,0,0,2,0,2,0,1,0,0
PD-3909,"A3,Q3,R8,S3,Golf,Tiguan Clutch",30B-2-1,9346140045671,04 Bronze,171,0,0,0,0,0,0,0,0,0,0,0,0,0,0,0,0,0,0,0,0,0,0,0,0,0,2,6,1,0,1,1,0,2,0,1,5,1
PD-3910,"VW Golf MK2-3,Trans T4 P/P Acc",30A-1-2,9346140045688,06 First Sale in FY26,196,0,0,0,0,0,0,0,0,0,0,0,0,0,0,0,0,0,0,0,0,0,0,0,0,0,0,0,0,0,1,0,1,0,0,0,0,0
PD-3911,"Fort,Coro,Hilux,Rav4 P/Pad Mtm",30A-2-2,9346140045695,04 Bronze,512,0,0,0,0,0,0,0,0,0,0,0,0,0,0,0,0,0,0,0,0,0,0,0,4,1,16,17,11,1,5,10,24,14,13,23,12,19
PD-3912,"Bari,Lian,Swift,Vita Accel P/P",30B-1-2,9346140045701,06 First Sale in FY26,184,0,0,0,0,0,0,0,0,0,0,0,0,0,0,0,0,0,0,0,0,0,0,0,0,0,0,1,0,1,0,-1,1,0,3,2,2,2
PD-3913,"APV,SX4,GVita,Swift,X90 PP Mtm",30B-2-2,9346140045718,06 First Sale in FY26,173,0,0,0,0,0,0,0,0,0,0,0,0,0,0,0,0,0,0,0,0,0,0,0,0,0,0,4,0,3,1,2,1,2,1,3,0,3
PD-3914,"Citroen,Fiat,Peugeot Brake PP",30A-1-3,9346140046333,06 First Sale in FY26,194,0,0,0,0,0,0,0,0,0,0,0,0,0,0,0,0,0,0,0,0,0,0,0,0,0,0,0,0,0,0,1,0,1,0,1,0,1
PD-3915,"Citroen,Fiat,Peugeot Clutch PP",30A-2-3,9346140046340,06 First Sale in FY26,195,0,0,0,0,0,0,0,0,0,0,0,0,0,0,0,0,0,0,0,0,0,0,0,0,0,0,0,0,0,0,1,0,1,0,0,0,0
PD-3916,"NV200 1.6,Tiida C11 1.8L B&C P",30B-1-3,9346140046357,07 Not Classed,200,0,,,,,,,,,,,,,,,,,,,,,,,,,,,,,,,,,,,,
PD-3917,"Peug 208,308,407,408 Brake PPD",30B-2-3,9346140046524,06 First Sale in FY26,195,0,0,0,0,0,0,0,0,0,0,0,0,0,0,0,0,0,0,0,0,0,0,0,0,0,0,0,0,0,0,0,0,1,0,0,0,2
PD-3918,"Peug 208,308,407,408 Clutch PP",30A-1-4,9346140046531,06 First Sale in FY26,197,0,0,0,0,0,0,0,0,0,0,0,0,0,0,0,0,0,0,0,0,0,0,0,0,0,0,0,0,0,0,0,0,1,0,0,0,0
PD-3919,"Barina TM,Trax TJ Gen B&C PPad",30A-2-4,9346140047903,07 Not Classed,200,0,,,,,,,,,,,,,,,,,,,,,,,,,,,,,,,,,,,,
PH-601,HPS080 Camry SV21 Power/s hose,21-A-1-1,9346140019290,04 Bronze,24,0,2,1,0,1,0,2,1,1,-1,2,2,2,0,0,0,1,1,1,0,1,0,0,0,0,0,-1,1,0,1,-1,1,1,1,1,1,2
Ph-602,HPS076 Falcon AU 6Cyl p/s Hose,21-A-2-1,9346140019306,03 Silver,78,0,7,6,6,3,9,4,2,3,3,3,4,4,4,3,6,1,6,2,2,6,0,2,2,4,7,5,2,2,5,1,1,5,0,4,2,2
Ph-603,HPS087 Falcon BA P/s Hose,16-A-1-1,9346140019313,02 Gold,177,0,25,19,23,16,4,11,9,17,8,7,8,10,9,11,15,25,14,7,7,10,12,11,7,14,9,3,8,15,10,5,4,6,4,14,9,8
Ph-604,"HPS062 Falcon EF,EL P/S hose",21-A-4-1,9346140019320,03 Silver,98,0,1,3,2,2,0,2,0,2,1,0,0,2,2,1,1,0,1,0,1,4,0,0,2,0,2,1,2,5,1,2,1,2,2,1,1,3
Ph-605,"HPS007 Falcon EA,EB,ED 6Cyl",21-A-5-1,9346140019337,04 Bronze,125,0,1,0,1,1,1,0,0,0,-1,3,1,0,0,0,1,1,0,0,0,1,0,0,1,1,1,2,1,3,3,0,1,1,0,1,0,0
Ph-606,"HPS020 Holden VN,VP,VR V8 P/S",21-A-6-1,9346140019344,03 Silver,90,0,1,3,3,3,2,3,1,6,2,4,5,2,0,0,1,2,3,3,1,0,2,2,3,3,2,3,3,1,4,0,2,0,2,0,2,2
Ph-607,"HPS021 Commodore VN,VP,VR V6",21-A-7-1,9346140019351,03 Silver,27,50,1,3,3,3,3,1,1,4,0,5,3,1,2,3,3,1,0,3,0,1,0,4,2,7,3,5,2,1,4,0,3,6,0,2,1,3
Ph-608,"HPS081 Ford BA,BF 02-08 P/S ho",21-B-1-1,9346140019368,02 Gold,137,100,2,11,15,7,9,5,0,5,5,3,9,3,2,15,10,9,14,7,3,8,5,5,4,4,9,4,7,7,7,3,2,3,4,4,5,14
Ph-609,HPS057 Comm VS 3.8 V6 P/S Hose,21-B-2-1,9346140019375,03 Silver,27,50,1,0,1,1,0,1,1,2,2,2,1,2,0,3,2,1,2,2,1,2,1,1,0,0,2,0,0,2,2,2,1,1,1,1,4,1
Ph-610,Comm VT S1 V6 P/S hose,21-B-3-1,9346140019382,06 First Sale in FY26,125,0,0,0,0,0,0,0,0,0,0,0,0,0,0,0,0,0,0,0,0,0,0,0,0,0,0,0,0,0,1,0,0,0,0,0,0,0
Ph-611,"HPS066 Comm VT2,VX,VY V6 hose",21-B-4-1,9346140019399,02 Gold,134,0,2,6,5,3,5,6,3,2,1,0,2,5,3,3,3,3,7,5,7,1,1,3,3,5,4,7,4,3,6,1,3,5,7,7,6,5
Ph-612,Mitsubishi Triton power/s/hose,21-B-5-1,9346140019405,04 Bronze,5,0,0,1,0,0,0,1,0,0,0,1,1,2,0,0,0,0,0,0,1,0,1,1,0,1,0,0,3,0,2,-1,2,0,-1,0,0,0
Ph-613,"Rodeo 2.2,2.8,3.0L 90-07 PSHos",21-B-6-1,9346140019412,03 Silver,111,0,7,3,3,3,4,3,3,4,6,5,0,2,0,3,3,2,0,3,4,1,3,7,2,1,1,1,2,0,1,4,2,0,1,4,3,2
Ph-614,Camry VCV10  V6 93-95 P/Hose,21-B-7-2,9346140019429,04 Bronze,18,0,0,0,0,1,2,0,1,2,2,1,0,0,0,0,0,0,0,0,2,0,1,0,0,0,0,0,0,0,1,1,0,0,1,0,0,0
Ph-615,"Camry VCV10,VDV10 V6 P/S/hose",21-B-6-2,9346140019436,04 Bronze,39,0,0,0,0,0,2,0,0,0,2,1,0,0,0,1,0,0,0,0,0,0,2,0,1,0,0,2,0,0,0,0,0,0,0,0,0,1
Ph-616,Pulsar N14 1.6L 91-95 P/S Hose,21-B-4-2,9346140019443,04 Bronze,84,0,0,0,2,0,0,0,0,0,1,0,0,1,0,0,1,2,0,1,0,0,1,0,1,0,0,0,2,1,0,1,0,0,3,1,3,0
Ph-617,HPS065 Comm VT S1 V6 P/S hose,21-B-3-2,9346140019450,03 Silver,67,0,3,1,0,2,1,2,1,3,2,0,2,2,2,4,3,4,3,1,0,0,0,0,1,2,0,2,1,3,3,1,1,0,1,0,4,0
Ph-619,Niss Primera P11 2.0L P/S hose,21-B-5-2,9346140019474,07 Not Classed,5,0,,,,,,,,,,,,,,,,,,,,,,,,,,,,,,,,,,,,
Ph-621,"HPS095 Terri SX,SY 4.0L PSHose",21-B-2-2,9346140021408,02 Gold,72,100,10,9,16,6,9,8,9,6,5,3,3,6,7,11,8,12,8,4,8,10,6,4,8,11,3,7,4,11,4,2,9,8,3,7,5,5
Ph-622 S/KIT,#N/A,#N/A,#N/A,#N/A,#N/A,#N/A,0,0,0,0,0,0,0,0,0,0,0,0,0,0,0,0,0,0,0,0,0,0,0,0,0,0,0,0,0,15,9,5,14,12,16,13
Ph-622B,HPS099 Fal FG S1 4.0L P/S Hose,16-A-1-2,9346140034330,01 Platinum,145,300,24,18,35,18,24,23,8,18,15,33,28,22,22,22,27,18,27,21,29,20,35,35,25,16,20,33,28,24,31,23,15,25,17,27,24,31
Ph-623,HPS100 Falcon FG 5.4L P/S Hose,21-A-7-2,9346140026434,04 Bronze,33,0,1,2,0,0,1,1,2,4,0,0,0,0,1,0,1,0,2,0,-1,1,0,4,1,0,2,0,2,0,0,0,0,0,2,2,0,2
Ph-624,HPS096 Terri SY 4.0L P/S Hose,21-A-6-2,9346140024652,04 Bronze,105,0,3,2,4,0,1,6,2,-1,-1,-1,1,0,2,2,1,2,0,1,-2,2,0,0,2,1,1,-2,0,1,0,0,0,0,0,1,1,0
Ph-625,HPS097 Terri SY P/S Hose Turbo,21-A-5-2,9346140024645,03 Silver,208,0,2,1,0,2,2,4,0,0,0,1,0,2,1,2,1,2,0,1,0,0,1,0,2,1,1,3,0,3,0,4,1,0,1,0,1,1
Ph-626,X-trail T30 2.5L 01-07 PS Hose,21-A-4-2,9346140026908,02 Gold,44,100,8,5,8,3,5,2,3,2,6,8,5,8,7,7,6,5,2,2,3,3,7,6,7,9,2,3,1,7,3,2,6,6,5,11,4,3
Ph-627,HPS068 Holden VX.VY 5.7 PS Hos,21-A-3-2,9346140026915,02 Gold,122,0,6,1,4,2,7,5,4,11,4,3,4,4,3,8,4,8,5,8,2,12,9,2,2,4,7,5,8,10,9,4,3,2,2,4,5,2
Ph-628,"Rode TF,RA 02-08 3.0D 4JH1 P/H",21-A-2-2,9346140026922,04 Bronze,31,0,0,0,2,0,1,1,0,2,-1,0,1,1,0,1,0,0,0,0,1,1,-1,0,1,1,1,1,0,0,0,0,0,3,1,2,3,1
Ph-629,Maxima A33 3.0L 99-03 PS Hose,21-A-1-2,9346140026939,03 Silver,141,0,4,3,4,1,0,2,3,2,4,6,1,4,1,1,4,2,1,2,3,0,2,1,1,5,2,2,1,2,1,1,1,0,1,2,6,0
Ph-630,Patrol GQ 4.2L TD42 P/S Hose,21-A-1-3,9346140026946,03 Silver,163,0,1,3,3,3,0,0,0,0,6,0,6,6,2,1,1,3,1,0,2,0,1,1,1,0,1,1,1,1,1,0,1,0,0,1,0,1
Ph-631,"Acc Euro CL9,VTi CM5 P/S Hose",21-A-2-3,9346140026953,02 Gold,122,0,7,8,7,9,10,5,4,5,9,3,7,6,7,5,10,4,7,6,2,5,5,12,5,5,2,4,2,3,1,9,2,4,5,5,4,7
Ph-632,Accord CP1 2.0L 08-12 P/S Hose,21-A-3-3,9346140026960,07 Not Classed,5,0,,,,,,,,,,,,,,,,,,,,,,,,,,,,,,,,,,,,
Ph-633,"CRV RD5,RD7 01-07 P/S Hose",21-A-4-3,9346140026977,02 Gold,140,0,2,1,2,4,6,7,2,10,9,4,5,15,7,11,10,8,13,6,2,15,4,8,10,11,6,5,6,15,6,5,3,7,8,5,7,11
Ph-634,"Civic EG,EH 91-95 P/S Hose",21-A-5-3,9346140026984,04 Bronze,2,0,0,0,0,0,0,0,0,0,0,0,0,0,0,0,0,0,0,0,1,0,0,0,0,0,0,0,0,0,0,0,0,0,0,0,0,0
Ph-635,"Accord CD4,CD5 93-97 P/S Hose",21-A-6-3,9346140026991,05 No Sales FY25,8,0,0,0,0,0,0,0,0,0,0,0,0,0,1,0,0,0,0,0,0,0,0,0,0,0,0,0,0,0,0,0,0,0,0,0,1,0
Ph-636,Civic EJ6/8 1.6L 96-00 P/SHose,21-A-7-3,9346140027004,04 Bronze,4,0,0,0,0,0,0,0,0,0,0,0,0,0,0,0,0,0,0,0,0,0,0,0,0,0,0,0,0,0,0,0,1,0,0,0,0,0
Ph-637,Civic FD1 1.8L 06-12 P/S Hose,16-A-2-2,9346140027011,01 Platinum,332,0,17,15,10,12,11,13,8,11,15,8,16,17,12,10,17,13,15,13,4,14,14,17,12,19,20,16,12,19,9,2,7,16,20,20,21,16
Ph-638,Cam MCV20/36 3.0 97-06 PSHose,16-A-3-2,9346140027028,01 Platinum,196,300,29,37,24,30,25,25,12,29,31,39,30,36,16,26,46,24,18,16,16,23,38,28,33,40,28,28,24,19,18,23,13,28,18,23,31,34
Ph-639,Coro ZZE122 1.8L 03-05 PS Hose,21-B-2-3,9346140027035,04 Bronze,11,0,0,0,0,0,0,0,0,0,0,0,0,0,1,0,0,0,0,0,0,0,2,-1,0,0,1,0,0,0,0,0,1,0,0,0,0,0
Ph-640,Accord CM6 3.0L 03-08 P/S Hose,21-B-3-3,9346140027042,03 Silver,65,0,2,1,0,2,2,3,2,1,6,4,4,3,1,0,2,3,3,2,3,1,2,4,1,3,0,0,3,1,1,2,0,3,4,1,3,1
Ph-641,Maxi J31 3.5L V6 Power S/hose,21-B-4-3,9346140027059,03 Silver,115,0,2,1,3,0,0,2,4,4,2,1,3,8,1,1,2,1,2,0,0,1,2,0,0,3,1,1,1,2,2,0,1,0,0,0,2,4
Ph-642,"Puls N16 1.6,1.8 Power S/hose",21-B-5-3,9346140027066,04 Bronze,16,0,0,0,0,0,1,0,0,0,0,1,1,0,1,1,2,0,0,1,2,1,0,1,0,1,0,0,0,0,0,1,0,3,1,1,0,1
Ph-643,Acc CM5 2.4L 03-08 P/S Hose,21-B-6-3,9346140027073,04 Bronze,50,0,0,0,0,0,0,0,0,0,1,0,0,-1,0,0,0,0,0,0,0,0,0,1,0,0,0,-1,0,0,0,0,0,0,0,0,0,0
Ph-644,"Rode TF,RA 02-08 3.0D 4JH1 P/H",21-B-7-3,9346140027080,03 Silver,115,0,3,3,5,5,2,2,1,3,3,1,5,4,6,4,4,2,2,3,4,2,8,1,4,3,0,5,4,2,2,1,3,3,1,6,3,5
Ph-645,"Puls N16 1.6,1.8 Power S/hose",29-A-1-1,9346140027097,04 Bronze,9,0,0,0,0,0,0,1,0,2,3,-1,0,1,2,0,0,0,1,1,1,0,3,-1,0,2,3,2,2,1,0,0,1,0,1,0,3,1
Ph-646,Odyss RB1 2.4L 04-09  P/S Hose,29-A-2-1,9346140029824,03 Silver,71,0,1,4,1,4,-1,1,1,0,2,1,1,3,4,5,1,1,0,2,1,1,3,1,5,3,3,1,3,2,2,1,0,0,1,2,2,1
Ph-647,Odyssey RA6 2.3L 99-03 PS Hose,29-A-3-1,9346140029831,05 No Sales FY25,3,0,0,0,0,0,0,-1,0,0,0,0,0,0,0,0,0,0,0,0,0,0,0,0,0,0,0,0,0,0,0,0,0,0,0,0,0,0
Ph-648,Accord CG5 2.3L 97-03 P/S Hose,29-A-4-1,9346140031810,04 Bronze,14,0,0,0,0,0,0,-1,0,0,0,0,0,0,0,0,0,1,1,0,-1,0,0,1,0,0,0,0,0,0,0,0,0,0,0,0,0,0
Ph-649,"Acco CB7,CB9 2.2L 89-94 PSHose",29-A-5-1,9346140031827,04 Bronze,20,0,0,0,0,0,0,-1,0,0,0,0,0,0,0,0,0,0,0,0,1,0,1,0,0,0,0,0,0,0,0,0,0,0,0,0,0,0
Ph-650,CRV RE4 2.4L 06-12 P/S/Hose,29-A-6-1,9346140031834,03 Silver,11,50,3,2,1,0,3,0,0,3,2,3,0,0,1,2,2,3,1,-1,3,4,2,4,6,1,1,4,1,1,4,-1,2,10,6,4,2,3
Ph-651,Accord CP2 2.4L 08-13 P/S/Hose,29-A-7-1,9346140031841,04 Bronze,14,0,0,0,0,0,1,0,0,0,0,1,0,0,0,0,0,0,0,0,1,0,0,0,1,0,0,0,0,0,0,0,0,0,0,0,0,0
Ph-652,"Kluger,Lex RX330 3.3L PS/Hose",16-A-2-1,9346140031858,01 Platinum,150,200,18,8,13,8,6,10,9,18,30,21,18,24,14,16,17,8,14,6,8,12,22,22,18,12,16,9,18,15,9,10,8,10,12,16,12,18
Ph-653,Lex ES300 MCV30 01-05 P/S Hose,29-A-9-1,9346140032220,04 Bronze,68,0,2,0,0,1,1,0,0,0,0,1,2,0,1,1,0,0,0,1,1,1,0,2,0,0,0,1,1,0,0,1,1,0,0,0,1,0
Ph-654,"HPS117 Hilux LN147,167,172 PSH",29-A-1-2,9346140032237,03 Silver,47,100,4,5,1,1,2,2,3,3,1,3,0,2,0,2,1,1,2,3,1,4,8,1,4,7,4,9,10,4,4,5,2,5,7,5,1,3
Ph-656,Hil KUN26 3.0L 05-15 P/S Hose,29-A-2-2,9346140032589,03 Silver,20,50,1,0,2,1,2,3,3,1,2,0,3,5,1,0,1,1,0,1,2,1,1,2,3,2,0,2,1,2,2,2,1,2,6,1,3,2
Ph-657,"BT50 UP,UR, Rang PX1 2.2TD PSH",29-A-3-2,9346140032596,03 Silver,73,0,0,0,1,1,1,0,0,2,1,0,0,0,0,0,1,4,1,1,-1,0,3,0,2,0,0,1,0,0,2,0,2,0,-1,1,1,0
Ph-658,Rav4 SXA10 2.0L 94-00 P/S/Hose,29-A-4-2,9346140032602,04 Bronze,50,0,0,0,0,0,0,0,0,0,0,0,3,0,0,0,0,0,0,0,0,1,0,1,0,1,0,0,1,0,0,1,0,0,1,0,0,1
Ph-659,Tarago ACR30/40 2.4L P/S Hose,29-A-5-2,9346140032619,04 Bronze,60,0,2,0,1,0,0,1,0,0,0,1,1,-1,0,1,2,0,2,1,1,1,0,0,1,0,0,0,1,1,1,0,1,1,1,1,1,0
Ph-660,Landcruiser FZJ78/79 PSHose,29-A-6-2,9346140032626,04 Bronze,49,0,0,0,0,1,0,0,0,0,0,1,0,2,0,0,0,0,0,0,0,1,0,0,0,1,-1,0,0,0,0,1,0,0,0,0,0,0
Ph-661,Integra DC5 K20Z1 P/S Hose M16,29-A-7-2,9346140032633,03 Silver,34,50,2,1,0,2,3,0,3,3,2,5,2,6,0,1,3,1,3,3,6,0,3,5,1,2,3,2,0,1,0,2,1,3,2,6,4,0
Ph-662,CRV RD1 2.0L 95-01 P/S Hose,29-A-8-2,9346140032640,04 Bronze,57,0,0,0,0,1,0,-1,0,0,1,0,0,0,1,1,0,0,0,0,0,0,0,0,0,2,0,0,1,0,0,0,0,0,0,0,0,2
Ph-663,Hilux TGN16 2.7L 05-15 P/SHose,29-A-1-3,9346140032657,03 Silver,32,0,0,0,0,0,0,0,0,0,-1,0,1,0,0,1,1,0,1,1,0,1,0,4,0,1,2,0,0,0,0,1,0,0,0,0,0,1
Ph-664,Hiace KDH200/201 04-on P/SHose,29-A-2-3,9346140032664,04 Bronze,52,0,0,0,0,0,2,-1,1,0,0,2,1,0,1,0,0,2,0,0,0,0,0,0,0,0,1,0,2,0,1,-1,0,0,0,1,0,1
Ph-665,Murano Z51 3.5L V6 P/S Hose,29-A-3-3,9346140032671,05 No Sales FY25,42,0,-1,0,1,0,0,0,0,0,0,0,1,0,0,0,0,0,0,0,0,0,0,0,0,0,0,0,1,0,0,1,0,1,1,2,0,1
Ph-666,"Fal AU2/3 5.0,5.6L 98-03 P/S H",29-A-4-3,9346140034187,04 Bronze,54,0,2,2,1,0,0,1,1,0,4,0,2,1,0,0,1,1,1,0,0,0,1,1,0,0,0,2,1,3,1,1,3,2,0,0,1,-1
Ph-667,Comm VT S1 5.0L 97-99 P/S Hose,29-A-5-3,9346140034194,04 Bronze,55,0,1,1,3,0,0,0,0,0,1,0,3,2,0,0,2,0,2,0,1,0,0,1,1,0,2,0,0,1,1,0,1,0,1,0,0,0
Ph-668,"Falcon EF,EL,NL,DL 4.0L P/S H",29-A-6-3,9346140034200,04 Bronze,63,0,-1,0,0,1,0,1,0,0,0,0,0,1,0,2,1,1,1,0,0,0,-1,0,2,-1,1,1,1,1,0,1,1,0,-1,1,0,0
Ph-669,"Comm VH,VK,VL 81-88 PS/Hose",29-A-7-3,9346140034217,04 Bronze,58,0,2,0,0,1,0,1,1,0,0,0,0,0,0,0,1,0,1,0,-1,0,1,1,1,0,1,0,1,0,2,0,1,0,2,1,1,1
Ph-670,Commodore VE 3.6L V6 P/S Hose,29-B-1-1,9346140034224,03 Silver,140,0,0,4,0,0,3,2,0,2,1,3,2,4,1,3,2,5,2,5,1,1,0,2,2,1,1,4,3,7,4,1,3,2,1,5,0,2
Ph-671,Comm VY 3.8L 03-07 P/S Hose,29-B-2-1,9346140034231,03 Silver,20,50,0,0,0,3,1,0,1,0,3,0,2,-1,3,0,0,3,2,0,-1,1,1,-1,3,2,1,5,1,0,2,0,1,-1,2,1,0,2
Ph-672,Comm VE/WM 6.0.6.2L 06-13 PSH,29-B-3-1,9346140034248,03 Silver,62,0,2,3,0,1,3,0,0,1,2,2,1,2,2,0,0,4,2,3,1,0,0,4,1,2,3,3,1,1,2,1,2,2,3,5,3,3
Ph-673,"Rodeo TF 2.3,2.6L 88-98 PSH",29-B-4-1,9346140034255,03 Silver,58,0,0,3,6,1,1,0,1,5,4,4,6,8,1,3,5,3,1,0,2,0,2,3,2,0,0,2,6,0,0,1,2,2,2,1,0,2
Ph-674,Rodeo RA 3.0L 03-07 P/S Hose,29-B-5-1,9346140034262,03 Silver,62,0,4,0,1,0,0,0,0,0,0,0,2,1,2,1,1,1,3,1,0,1,1,0,0,0,4,2,0,0,2,0,2,0,1,1,1,0
Ph-675,HPS120 Fal FG/FGX S2 4.0L PSH,16-A-3-1,9346140034279,01 Platinum,137,200,20,17,15,12,19,17,1,15,15,20,14,17,26,30,29,28,42,14,13,13,25,18,21,28,21,23,26,34,30,28,25,21,16,26,26,22
Ph-676,"Ody RA1 2.2L, RA3 2.3L PS Hose",29-B-1-2,9346140034286,05 No Sales FY25,28,0,0,0,0,0,0,0,0,0,0,1,0,0,0,0,0,0,0,0,0,0,0,0,0,0,0,0,0,0,0,0,0,0,0,0,0,0
Ph-677,Odyssey RA6 2.3L F23Z4 00-04,29-B-2-2,9346140034293,04 Bronze,11,0,0,0,0,0,0,0,0,0,0,0,0,0,0,0,0,0,0,0,0,0,0,0,0,0,0,0,0,0,0,0,0,0,0,0,0,0
Ph-678,Accord CP3 3.5L V6 J35Z 08-13,29-B-3-2,9346140034309,04 Bronze,18,0,0,0,0,2,0,1,0,0,0,1,1,1,0,0,0,1,0,0,0,1,0,1,1,1,0,1,0,2,0,1,1,0,0,1,3,2
Ph-679,HPS092 Comm VE L/Pressure hose,29-B-4-2,9346140034316,03 Silver,66,0,1,0,1,2,3,2,2,2,-1,3,2,2,2,1,1,3,2,2,2,2,2,1,0,5,1,4,3,2,2,1,1,2,2,2,1,6
Ph-680,Hiace LH103/113/125 2.8L PSH,29-B-5-2,9346140034323,03 Silver,65,0,1,3,0,3,3,3,1,3,3,3,10,0,3,5,3,3,2,3,1,6,2,6,1,2,1,4,1,1,0,2,2,4,4,0,0,4
Ph-681,Integra DC5 K20A3 P/S Hose M14,29-B-6-2,9346140038659,03 Silver,107,0,-1,-1,3,1,3,-1,2,0,4,5,1,2,1,2,1,2,0,10,4,5,4,6,4,1,2,0,6,-1,3,1,1,4,5,4,2,0
Ph-682,B2500 UN 2.5L 98-06 PS Hose,29-B-1-3,9346140038666,04 Bronze,34,0,0,2,1,0,0,-1,0,1,2,0,1,1,0,0,0,0,1,2,-1,1,2,0,1,1,3,6,-1,6,4,2,5,7,3,7,6,3
Ph-683,Elantra XD 1.8L PS Hose,29-B-2-3,9346140038673,03 Silver,51,50,4,0,2,1,2,5,1,7,2,2,2,1,2,4,7,0,8,1,3,3,5,3,-1,3,2,0,2,2,0,3,2,2,4,3,3,0
Ph-684,Carnival 2.5L V6 99-07 PS Hose,29-B-3-3,9346140038680,04 Bronze,19,0,1,0,0,0,1,0,0,1,0,0,0,0,0,0,0,1,0,0,0,0,0,0,0,0,1,0,0,0,0,0,0,0,0,0,0,0
Ph-685,Camry ACV40 2.4L 06-12 PS Hose,29-B-4-3,9346140038697,03 Silver,76,0,1,0,3,2,2,4,1,3,7,3,1,2,4,3,4,0,3,1,2,1,7,6,3,1,6,0,2,4,0,1,1,4,2,4,1,7
Ph-686,Nava D40 2.5TD 08-15  P/S Hose,29-B-5-3,9346140038703,03 Silver,69,0,0,2,1,0,0,0,1,1,3,0,2,4,-1,1,1,0,1,3,1,2,1,1,4,1,0,3,-1,1,2,0,2,0,0,1,1,2
Ph-687,"Cam SDV10,SXV10 2.2L P/S Hose",29-B-6-3,9346140038710,04 Bronze,15,0,0,1,0,0,0,1,-1,1,-1,0,0,0,0,1,1,0,0,0,0,0,0,0,0,1,0,0,0,0,0,1,-1,0,0,0,0,0
Ph-688,Getz TB 1.3L 02-05 P/S Hose,29-B-1-1,9346140038727,05 No Sales FY25,24,0,0,0,1,0,1,0,0,0,0,0,0,0,0,0,0,0,0,0,0,0,0,0,0,0,0,1,0,0,0,0,0,0,1,0,0,0
Ph-689,Getz TB 1.4L 05-11 P/S Hose,29-B-2-1,9346140038734,03 Silver,49,0,2,1,0,2,0,0,0,2,1,0,0,1,1,4,0,3,5,2,-2,2,-1,1,0,2,2,4,2,3,6,0,2,1,2,2,2,2
Ph-690,Maz 3 MPS BK 2.3T P/S Hose,29-B-3-1,9346140038741,03 Silver,110,0,1,0,1,0,0,0,0,0,0,0,0,2,0,0,5,4,1,-1,1,0,0,0,1,0,2,2,0,1,0,-1,0,1,-1,1,-2,0
Ph-691,"Esca BA-ZC,Tribu V6 01-08 PSH",16-A-4-1,9346140042885,02 Gold,214,0,0,0,3,5,2,12,4,12,8,7,16,16,14,0,0,11,8,12,7,15,14,16,15,14,11,12,12,13,11,12,10,10,12,13,19,13
Ph-697,Land HZJ70-79 4.2L 91-07 PSH,29-C-4-2,9346140044957,04 Bronze,11,50,0,0,0,0,0,0,0,0,0,0,0,0,0,0,0,0,0,0,0,0,0,0,1,2,0,1,0,2,0,0,0,4,2,3,1,0
PM-4101,"Corolla AE92,95,101,102 E/mnt",31-B-3-13,9346140019511,07 Not Classed,0,,0,0,0,0,1,0,0,0,1,0,0,0,0,0,0,0,0,0,0,0,0,0,0,0,0,0,0,0,0,0,0,0,0,0,0,0
PM-4102,Toyota ST190 Exhaust mount,31-B-3-14,9346140019528,07 Not Classed,10,0,,,,,,,,,,,,,,,,,,,,,,,,,,,,,,,,,,,,
PM-4103,Hilux LN106 Exhaust mount,31-B-3-13,9346140019535,07 Not Classed,0,30,0,0,0,0,0,0,0,0,0,0,0,0,0,0,0,0,0,0,0,0,0,0,0,0,0,0,0,0,0,0,0,0,0,0,0,0
PM-4104,Camry SXV10 Exhaust mount,31-B-3-13,9346140019542,07 Not Classed,15,0,,,,,,,,,,,,,,,,,,,,,,,,,,,,,,,,,,,,
PM-4105,Toyota AE101 Exhaust Mount,31-B-4-13,9346140019559,07 Not Classed,8,0,0,0,1,0,1,0,0,0,0,0,0,0,0,0,0,1,1,0,0,0,1,1,1,2,0,1,2,2,0,0,2,1,0,1,1,0
PM-4106,Commodore VE Rear Exhaust mnt,31B-3-13,9346140029183,07 Not Classed,19,50,2,0,0,0,0,1,0,0,0,1,0,0,1,0,3,2,0,1,0,0,0,2,0,0,0,4,3,1,1,1,0,0,0,1,4,3
PM-4107,"Comm VT-VZ,WH-WL Exhaust mnt",8-B-5-4,9346140029190,07 Not Classed,484,100,32,28,20,45,13,20,33,81,23,0,0,24,51,33,44,19,28,48,27,51,60,55,33,41,41,51,76,40,18,47,22,50,47,42,21,19
PR-0002,"G01803,HN057,97264 9511010 LH",30C-1-1-F*,0,07 Not Classed,103,0,4,2,3,0,3,5,1,0,2,0,2,7,2,3,9,1,1,1,1,0,3,0,0,4,3,1,3,90,0,22,1,0,0,2,201,2
PR-0005,"G02046, 97110 EA 44.5 60.3 9.5",30C-2-1-F*,0,07 Not Classed,538,0,3,5,4,0,7,2,0,4,0,13,1,4,0,3,3,5,1,2,0,0,4,1,0,2,3,0,3,181,0,0,1,0,0,1,5,0
PR-0006,"G01720, 97290  EA F/w 65808/14",31A-1-1-F,0,07 Not Classed,147,0,0,4,0,0,0,0,0,0,0,0,0,0,0,0,0,2,0,1,0,0,0,0,0,0,0,0,0,3,0,0,0,0,0,2,2,0
PR-0009,G02812.97297  52728/11,31A-2-1-F,0,07 Not Classed,179,0,,,,,,,,,,,,,,,,,,,,,,,,,,,,,,,,,,,,
PR-0013 (48627/9),"G00110, G00375, 97501, 97400",31A-2-1-F,0,07 Not Classed,439,0,0,0,0,0,6,0,0,0,0,0,0,0,0,0,2,0,0,0,0,0,0,0,0,0,0,0,0,0,0,6,0,0,0,0,0,0
PR-0014,"G00502, 97572  TB  50739",31A-3-5-F,0,07 Not Classed,199,0,,,,,,,,,,,,,,,,,,,,,,,,,,,,,,,,,,,,
PR-0015,G01169  97618 TB 47.6X70.6X13.,31A-3-5-F,0,07 Not Classed,323,0,,,,,,,,,,,,,,,,,,,,,,,,,,,,,,,,,,,,
PR-0017,G01018  97270  TA9Y 7510810/20,31C-3-1-B,0,07 Not Classed,173,0,0,2,0,0,0,0,2,0,0,0,0,0,0,0,0,0,0,0,0,0,0,0,0,0,0,0,0,0,0,0,0,0,0,0,0,0
PR-0018,"G00801, 97864  TB 35447",31A-3-1-F,0,07 Not Classed,263,0,0,0,0,0,0,0,0,0,0,0,0,0,0,0,1,0,0,0,0,0,0,0,0,0,0,0,0,0,0,0,0,0,0,0,0,0
PR-0019,"G00802, 97080 384412.8/17.50",31A-3-1-F,0,07 Not Classed,59,0,0,0,0,0,0,0,0,0,0,0,0,0,0,0,4,0,0,0,0,0,0,0,0,0,0,0,0,0,0,0,0,0,1,0,0,6
PR-0020,"G00508, 97209  TA2 689010 GD",31C-3-1-B,0,07 Not Classed,139,0,,,,,,,,,,,,,,,,,,,,,,,,,,,,,,,,,,,,
PR-0021,"G00823, 97592 TB 10111410  GD",31C-1-1-B,0,07 Not Classed,190,0,,,,,,,,,,,,,,,,,,,,,,,,,,,,,,,,,,,,
PR-0022,G02176.97700  TA2 8811513  GD,31C-2-1-B,0,07 Not Classed,98,0,,,,,,,,,,,,,,,,,,,,,,,,,,,,,,,,,,,,
PR-0026,"G02515, 97243, 97909 35415.5/9",30C-3-1-F*,0,07 Not Classed,51,0,0,5,0,4,0,0,4,0,0,4,0,0,0,0,1,2,2,0,0,0,0,2,2,0,0,0,8,0,0,0,0,0,0,1,6,0
PR-0055,"G00399,G02116,97104 33477RH",31A-1-1-F,0,07 Not Classed,576,0,0,0,0,0,0,0,0,0,0,0,0,0,0,0,1,0,0,0,0,0,2,1,2,0,0,0,0,0,0,0,0,0,0,0,0,0
PR-0056,"G02159, 97114, 8410411 LH",30C-4-1-F*,0,07 Not Classed,93,0,3,3,2,0,0,2,1,2,0,3,4,0,0,4,0,2,0,0,1,3,0,2,1,0,0,0,0,4,0,0,1,2,0,0,0,0
PR-0069 (PR-6536),"G02598, 97138, 48626 oil seal",31A-2-1-F,0,07 Not Classed,16,0,0,0,0,0,0,0,0,0,0,0,0,0,0,0,0,0,0,0,0,0,0,0,0,0,0,0,0,0,0,0,0,0,0,0,0,0
PR-0079 (4802),G00417,31A-2-1-F,0,07 Not Classed,0,,,,,,,,,,,,,,,,,,,,,,,,,,,,,,,,,,,,,
PR-0080,"G00452, 97235  547580/18",31A-3-1-F,0,07 Not Classed,102,0,,,,,,,,,,,,,,,,,,,,,,,,,,,,,,,,,,,,
PR-0081,"G02095, 97690 57799/13",31A-3-1-F,0,07 Not Classed,127,0,0,0,0,0,0,0,0,0,0,0,0,0,0,0,0,0,1,0,0,0,0,0,0,6,0,0,0,0,0,0,4,0,0,0,0,10
PR-0084,G00800.97260 Ja TB 33559,31A-1-1-F,0,07 Not Classed,121,0,0,0,0,0,0,0,0,0,0,0,0,0,0,0,0,0,0,4,0,0,0,4,0,0,0,0,0,0,0,0,0,0,0,0,0,0
PR-0086,"G00427,97449 TB7R 56758/12",31A-1-1-F,0,07 Not Classed,305,0,,,,,,,,,,,,,,,,,,,,,,,,,,,,,,,,,,,,
PR-0087,"G01099, 97402  TB2 42556",31A-2-1-F,0,07 Not Classed,358,0,0,0,0,0,0,0,0,0,0,0,0,0,0,0,0,0,0,4,3,0,0,0,6,0,0,0,0,0,0,0,0,0,0,0,0,2
PR-0088,"G02962, 97434  427612/20",31A-2-1-F,0,07 Not Classed,59,0,0,0,0,0,0,0,0,0,0,0,0,0,0,0,0,0,9,0,0,0,0,0,0,10,0,0,0,0,0,0,0,0,4,0,0,0
PR-0089,"G00809, 97318  TB2 48709.5",31D-2-2-F,0,07 Not Classed,395,0,0,0,0,0,0,0,0,0,0,1,0,0,0,0,0,0,0,0,0,0,0,0,0,0,0,0,0,0,0,0,0,0,0,0,0,0
PR-0090,"G00499,97088  TC7Y 506613/16",31A-3-1-F,0,07 Not Classed,253,0,,,,,,,,,,,,,,,,,,,,,,,,,,,,,,,,,,,,
PR-0091,"G01807. 97077  Paj, 376214",31A-3-1-F,0,07 Not Classed,189,0,0,0,0,0,0,0,0,0,0,0,0,0,0,0,0,0,0,0,0,0,0,0,0,0,0,0,0,0,0,0,0,0,0,0,0,0
PR-0092,G02206.97268  F/w TB 406416,31A-1-2-F,0,07 Not Classed,318,0,0,0,0,0,0,0,0,0,0,0,0,0,0,0,0,0,0,0,0,0,0,0,0,0,0,0,0,0,0,0,0,0,0,0,0,0
PR-0098,"G00366, 97288  SB  32449",31A-2-2-F,0,07 Not Classed,183,0,0,0,0,0,0,0,0,0,0,0,0,0,0,0,4,0,0,0,0,0,0,0,0,0,0,0,0,0,0,6,0,0,0,0,0,0
PR-0108,"G00060,97173 Land  TB 28436",31A-1-2-F,0,07 Not Classed,364,0,,,,,,,,,,,,,,,,,,,,,,,,,,,,,,,,,,,,
PR-0123,"G00972, G02338, 97361 TB 38659",31A-3-2-F,0,07 Not Classed,151,0,0,0,0,0,0,0,0,0,0,0,0,0,0,0,0,3,0,0,0,0,0,0,0,0,1,0,0,0,0,0,0,0,0,0,0,0
PR-0124,G02004. 97681  R/w  TB 38588,31A-3-2-F,0,07 Not Classed,212,0,0,0,0,0,0,0,0,0,0,0,0,0,0,0,0,0,0,0,0,0,0,0,0,0,0,0,0,0,1,0,0,0,0,0,0,0
PR-0131,"G00020, 97446   45629R",31D-1-2-F,0,07 Not Classed,588,0,0,0,0,0,0,0,0,0,0,0,0,0,0,0,0,0,6,0,0,1,0,0,0,0,0,0,0,0,0,0,0,0,0,0,0,0
PR-0155,G01488.97871 TC 26487,31A-1-2-F,0,07 Not Classed,200,0,,,,,,,,,,,,,,,,,,,,,,,,,,,,,,,,,,,,
PR-0157,G01489 97872   TC 32489/15.5,31A-1-2-F,0,07 Not Classed,200,0,,,,,,,,,,,,,,,,,,,,,,,,,,,,,,,,,,,,
PR-0158,"G00431, 97247,  70928.5 LH",31C-1-1-B,0,07 Not Classed,120,0,0,0,0,0,0,0,0,0,0,0,0,0,0,0,0,0,0,0,0,0,0,0,0,0,0,0,0,0,0,0,3,1,2,0,0,1
PR-0160,G02327  98013  Peu C/S 36507R,31A-2-2-F,0,07 Not Classed,157,0,,,,,,,,,,,,,,,,,,,,,,,,,,,,,,,,,,,,
PR-0166,"G00260. G00419, 97224 507212R",31A-2-2-F,0,07 Not Classed,227,0,0,0,0,0,0,0,0,0,0,0,0,0,0,0,0,0,0,0,0,0,0,0,0,2,4,0,0,0,0,0,0,0,0,0,0,0
PR-0170,"G00737, 97162 45628R",31A-3-2-F,0,07 Not Classed,214,0,0,0,2,1,0,0,1,0,0,0,1,0,0,0,0,0,0,0,0,0,0,0,0,0,0,0,2,0,0,0,0,0,2,0,0,6
PR-0172,"G00654, 97970 Dae.C/sha 30407R",31A-3-2-F,0,07 Not Classed,1879,0,0,1,0,0,0,1,0,0,0,0,0,0,0,0,0,0,0,0,0,1,0,0,0,0,0,0,0,0,2,0,0,0,0,0,0,0
PR-0175,"G00292, 97055  TC 33448",31D-4-2-F,0,07 Not Classed,279,0,0,0,3,0,0,0,0,0,0,0,0,0,0,0,0,0,0,0,0,0,0,0,0,0,0,0,0,1,0,0,0,0,0,0,0,0
PR-0188,G01381 97636  Laniser TC 48728,31A-1-2-F,0,07 Not Classed,178,0,,,,,,,,,,,,,,,,,,,,,,,,,,,,,,,,,,,,
PR-0199,"G01682, 97217, 97898 801008.5L",31C-2-1-B,0,06 First Sale in FY26,276,0,0,0,0,0,0,0,0,0,0,0,0,0,0,0,0,0,0,0,0,0,0,0,0,0,0,0,0,0,0,0,0,0,0,0,0,1
PR-0201,"G01108,97134, 98115 8510510 LH",30C-5-1-F*,0,07 Not Classed,44,0,3,4,5,4,5,4,2,1,3,2,1,5,6,3,6,4,2,6,3,0,5,1,2,0,5,6,1,2,4,1,3,2,5,2,3,5
PR-0202,"G00354, 97889 Oil 5810212R",31C-1-2-B,0,07 Not Classed,174,0,0,0,0,0,0,0,0,0,0,0,0,0,0,0,0,0,0,0,0,0,0,0,0,0,0,0,0,0,0,0,0,0,0,0,0,0
PR-0205,"G02171, 97699  TA 66858/10",31A-2-2-F,0,07 Not Classed,200,0,0,0,0,0,0,0,0,0,0,0,0,0,0,0,0,0,0,0,0,0,0,0,0,0,0,0,0,0,0,0,0,0,0,0,0,0
PR-0208,G02067  97374    487410/15,31A-2-2-F,0,07 Not Classed,76,0,0,0,0,0,6,0,0,0,0,0,0,0,0,0,3,0,0,0,0,0,0,0,0,0,0,0,0,0,0,0,0,0,0,0,0,0
PR-0224,G00133  97251  SC 68827,31D-3-2-F,0,07 Not Classed,176,0,0,0,0,0,0,0,0,0,0,0,0,0,0,0,0,0,0,0,0,0,0,0,0,4,0,0,0,0,0,0,0,0,0,0,0,0
PR-0233,G00233 97547.97236.40526R,31A-3-2-F,0,07 Not Classed,270,0,0,0,0,0,0,1,0,0,0,0,0,0,0,0,0,0,0,4,0,0,0,0,0,0,0,0,0,2,0,7,0,0,3,0,0,0
PR-0236,G00506 Oil seal 57737,31A-3-2-F,0,07 Not Classed,300,0,,,,,,,,,,,,,,,,,,,,,,,,,,,,,,,,,,,,
PR-0244,G00035 97520   TC  304110,31D-3-2-B,0,07 Not Classed,298,0,,,,,,,,,,,,,,,,,,,,,,,,,,,,,,,,,,,,
PR-0245,"G00181,G02412. TC 58759",31A-1-3-F,0,07 Not Classed,445,0,2,0,0,0,0,0,0,0,0,0,0,6,0,2,0,0,1,0,0,0,0,0,0,0,0,0,0,0,0,1,0,0,0,0,0,0
PR-0255,"G01249, G91000, 97444 32458R",30C-1-1-F*,0,07 Not Classed,157,0,0,0,0,10,0,0,0,10,0,0,0,12,0,0,30,20,0,20,0,28,20,0,30,3,30,0,30,0,30,30,0,0,0,30,0,0
PR-0260,G00087 97268   Pinion 407512/1,31A-2-3-F,0,07 Not Classed,52,0,0,0,0,0,0,0,0,0,0,0,0,12,0,0,1,0,0,0,0,0,0,6,0,0,0,0,0,0,0,0,0,0,0,0,0,0
PR-0272,"G00065, 97271  TC 345511",31A-2-3-F,0,07 Not Classed,107,0,0,0,0,0,1,0,0,0,0,0,0,0,0,0,0,0,0,0,0,0,0,0,0,0,0,0,0,0,0,0,0,0,1,0,0,0
PR-0293,G00036.97325 OC 48627,31A-3-3-F,0,07 Not Classed,281,0,1,0,0,0,0,0,0,0,0,0,0,0,0,0,0,0,0,0,0,0,0,0,0,0,0,0,0,0,0,0,0,0,0,0,0,0
PR-0297,"G00681, 98204 TC 50658 seal",31A-3-3-F,0,07 Not Classed,183,0,,,,,,,,,,,,,,,,,,,,,,,,,,,,,,,,,,,,
PR-0302,"G01281, 97629  TC 427010",31A-1-3-F,0,07 Not Classed,194,0,,,,,,,,,,,,,,,,,,,,,,,,,,,,,,,,,,,,
PR-0305,G00080 Oil seal TC 39517.5,31A-1-3-F,0,07 Not Classed,229,0,0,0,0,0,0,0,0,0,0,0,0,0,0,0,0,0,6,0,6,0,0,0,0,0,0,0,0,0,0,0,0,0,0,0,0,0
PR-0328,G00815. 97865   SC 608012,31D-4-2-F,0,07 Not Classed,200,0,,,,,,,,,,,,,,,,,,,,,,,,,,,,,,,,,,,,
PR-0336,97500  658811/16.5,31C-2-2-B,0,07 Not Classed,200,0,,,,,,,,,,,,,,,,,,,,,,,,,,,,,,,,,,,,
PR-0337,"G02906, 97291  SB 426511",31A-2-3-F,0,07 Not Classed,132,0,0,0,0,0,0,0,0,0,0,0,0,0,0,0,0,0,0,0,0,0,0,0,4,0,0,0,0,0,0,0,0,0,0,0,2,0
PR-0338,G01351.97222.97406  TB  386211,31A-2-3-F,0,07 Not Classed,169,0,0,0,0,0,0,0,0,0,0,0,1,2,0,2,0,0,0,0,0,0,1,0,0,0,0,0,0,1,0,0,0,1,0,0,0,0
PR-0379,"G02173, 97166 tb 65889/18",31C-2-2-B,0,07 Not Classed,378,0,0,0,0,0,0,0,0,0,0,0,0,0,0,0,0,2,0,0,0,0,0,0,0,0,0,0,0,4,0,0,0,0,0,0,0,0
PR-0380,"G02623,97363  TC5Y 466911/16",31A-3-3-F,0,07 Not Classed,224,0,0,0,0,0,0,0,0,0,0,0,0,0,0,0,0,0,6,0,0,0,0,0,0,0,0,0,0,0,0,0,0,0,1,0,0,0
PR-0388,"G02126, 97409 TCY  40 65/56 20",31A-3-3-F,0,07 Not Classed,366,0,0,0,0,0,0,0,0,0,0,0,0,0,0,0,0,0,0,0,0,0,0,4,0,0,0,0,0,0,0,0,0,0,0,0,0,0
PR-0395,"G01698, 97067  TB 41559",31A-1-3-F,0,07 Not Classed,189,0,,,,,,,,,,,,,,,,,,,,,,,,,,,,,,,,,,,,
PR-0396,"G01104, 97615  SBY  51659",31A-1-3-F,0,07 Not Classed,168,0,0,0,4,0,0,0,0,0,0,0,0,0,0,0,0,0,0,0,0,0,0,0,4,2,0,0,0,0,0,0,0,0,0,0,0,0
PR-0400,"G00799, 97102 TC  324810 L",31A-2-3-F,0,07 Not Classed,138,0,,,,,,,,,,,,,,,,,,,,,,,,,,,,,,,,,,,,
PR-0414,G00365  TBY 7011210/18,31C-3-2-B,0,07 Not Classed,197,0,,,,,,,,,,,,,,,,,,,,,,,,,,,,,,,,,,,,
PR-0427,G00261 Maz B2500 TB3 607212,31A-2-3-F,0,07 Not Classed,193,0,,,,,,,,,,,,,,,,,,,,,,,,,,,,,,,,,,,,
PR-0460,G00348.  HTBYR  528414  GD,31C-3-2-B,0,07 Not Classed,98,0,,,,,,,,,,,,,,,,,,,,,,,,,,,,,,,,,,,,
PR-0461,"G00861,G00989  97237 TB 50659",31A-3-3-F,0,07 Not Classed,293,0,1,0,0,1,0,0,0,0,0,0,0,0,0,0,0,0,0,0,0,0,0,0,0,0,1,0,0,1,0,0,0,0,0,0,0,0
PR-0490,"G00871, 97595 HTB7R 457212/19",31A-3-3-F,0,07 Not Classed,192,0,0,0,0,0,0,0,0,0,0,0,0,0,0,0,0,0,0,0,0,0,0,0,0,6,0,0,0,0,0,1,0,0,0,0,0,0
PR-0507,"G01291, 97193 TC9Y  58757/11",31A-1-4-F,0,07 Not Classed,132,0,0,0,0,0,0,0,0,0,0,0,0,4,0,0,0,0,0,0,0,0,0,0,0,0,0,0,0,0,0,0,0,0,6,0,0,0
PR-0516,"G02813,97761,97725 TB 50828/11",31C-1-2-B,0,07 Not Classed,168,0,,,,,,,,,,,,,,,,,,,,,,,,,,,,,,,,,,,,
PR-0518,G01268 TB7R    39526/11.5,31A-1-4-F,0,07 Not Classed,232,0,0,0,0,0,0,0,0,0,0,0,0,2,0,0,0,0,0,0,0,0,0,0,0,0,0,0,0,0,0,0,0,0,0,0,0,0
PR-0539,G01495 97644  HTB7 6010312/20,31C-1-2-B,0,07 Not Classed,295,0,,,,,,,,,,,,,,,,,,,,,,,,,,,,,,,,,,,,
PR-0542,G00340. 97472 TC3Y  457813/26,31C-2-2-B,0,07 Not Classed,121,0,0,0,0,0,0,0,0,0,0,0,0,0,0,0,2,0,0,0,0,0,1,0,0,0,0,0,0,0,0,0,0,0,0,0,0,0
PR-0548,"G00328, 97310  50 65 71 9.5",31A-2-4-F,0,07 Not Classed,254,0,0,0,0,0,0,0,0,0,0,0,0,0,0,0,0,0,0,0,0,0,0,0,0,0,0,0,0,2,0,0,0,0,0,0,0,0
PR-0555,"G00086,97229 Jac 407410/18.5",31A-2-4-F,0,07 Not Classed,145,0,0,0,0,0,0,0,0,0,0,0,0,0,0,0,4,0,0,0,0,0,0,0,0,0,0,0,4,0,0,0,0,0,1,0,0,0
PR-0604,G00124   97327  TB 52727,31A-3-4-F,0,07 Not Classed,305,0,0,0,0,0,0,0,0,0,0,0,0,0,0,0,0,0,6,10,0,0,0,0,0,0,0,0,0,0,0,0,0,0,0,0,0,0
PR-0606,G00609 97353 W/S TB 396010,30C-2-1-F*,0,07 Not Classed,247,0,0,0,0,0,0,0,0,0,0,0,0,0,0,0,0,0,0,0,0,0,0,0,1,0,1,0,10,0,2,6,0,0,0,0,0,0
PR-0617,G01355.97273  F/w TB 50707/9.,31A-1-4-F,0,07 Not Classed,136,0,,,,,,,,,,,,,,,,,,,,,,,,,,,,,,,,,,,,
PR-0626,G01628 97178 NJ322 9511810 LH,31C-3-2-B,0,07 Not Classed,187,0,3,1,1,1,0,0,0,0,0,1,1,0,1,0,2,1,0,3,1,1,0,0,1,0,0,0,0,0,1,0,0,1,0,2,0,0
PR-0630,"G01266, 97449 TB 38499",30-A-2-11,0,07 Not Classed,155,0,0,0,0,0,0,0,0,0,0,0,0,0,0,0,0,0,0,4,0,0,0,4,0,0,0,0,4,0,0,0,0,0,3,0,0,0
PR-0642,"G00074, 97074 W/S 38526/14",31A-2-4-F,0,07 Not Classed,269,0,0,0,0,0,0,0,0,0,0,0,0,0,0,0,4,0,0,0,0,0,0,4,6,0,0,0,0,0,0,0,0,0,0,0,0,0
PR-0645,97125  TC 40 52/62 8/14,31A-2-4-F,0,07 Not Classed,200,0,,,,,,,,,,,,,,,,,,,,,,,,,,,,,,,,,,,,
PR-0681,G01022 97604  TC 8410010,31C-1-2-B,0,07 Not Classed,286,0,,,,,,,,,,,,,,,,,,,,,,,,,,,,,,,,,,,,
PR-0705,G00024  00747  97412  TB 55729,31A-3-4-F,0,07 Not Classed,171,0,0,0,0,0,0,0,0,0,0,1,0,0,0,0,0,0,0,0,0,0,0,0,0,0,0,0,0,0,0,0,0,0,0,0,0,0
PR-0733,G01994 97679 Trader TB 7512113,31C-1-2-B,0,07 Not Classed,174,0,,,,,,,,,,,,,,,,,,,,,,,,,,,,,,,,,,,,
PR-0736,G01279  97226  TCY 407512,31A-3-4-F,0,07 Not Classed,62,0,0,0,0,0,0,0,0,0,0,0,0,0,0,0,2,0,0,0,0,0,0,0,0,0,0,0,0,4,0,0,0,0,0,0,0,0
PR-0738,"G00061, 97304  TB 29368",31A-1-4-F,0,07 Not Classed,242,0,0,0,0,0,0,0,0,0,0,0,0,0,0,0,0,0,0,0,0,0,0,0,0,0,0,0,2,0,0,0,0,0,2,0,0,0
PR-0740,"G00415, 97128 TCWR 42559",31A-1-4-F,0,07 Not Classed,431,0,1,0,0,0,2,0,0,0,0,0,0,0,0,0,0,0,0,0,1,0,0,0,0,0,0,0,0,0,0,0,0,0,0,0,0,0
PR-0756,G01354 97343  TB 50636,31A-2-4-F,0,07 Not Classed,117,0,0,0,0,0,0,0,0,0,0,0,0,0,0,0,0,0,0,0,0,0,0,0,0,0,4,0,0,0,0,0,0,0,0,0,0,0
PR-0761,G00336 97413 diff/s  507512/17,31A-2-4-F,0,07 Not Classed,292,0,0,0,0,0,0,0,0,0,0,0,0,0,0,0,0,0,0,0,0,0,0,0,0,0,0,0,0,0,0,6,0,0,0,0,0,0
PR-0764,"G01610, 97160  TB 52638.5",31D-1-2-F,0,07 Not Classed,175,0,,,,,,,,,,,,,,,,,,,,,,,,,,,,,,,,,,,,
PR-0765,"G01097, 97215  TB 406412/19.5",31A-3-4-F,0,07 Not Classed,148,0,0,0,0,0,6,0,0,0,0,0,0,0,0,0,4,0,0,0,0,0,0,0,0,0,0,0,0,0,0,0,0,0,0,0,0,0
PR-0766,G00066 97522  C/rier TB 35558,31A-3-4-F,0,07 Not Classed,233,0,0,0,0,0,0,0,0,0,0,0,0,0,0,0,0,0,0,0,0,0,0,0,0,0,0,0,0,0,0,0,0,0,0,0,0,0
PR-0776,"G01356, 97303, 97634 52709",31A-1-5-F,0,07 Not Classed,171,0,0,0,0,0,0,0,0,0,0,0,0,0,0,0,0,0,0,0,0,0,0,0,0,0,0,0,0,0,0,0,0,0,0,0,0,0
PR-0778,G00098.97218  43567/8.5,31A-1-5-F,0,07 Not Classed,195,0,,,,,,,,,,,,,,,,,,,,,,,,,,,,,,,,,,,,
PR-0785,G01704 97126  HTCR 517011,31A-2-5-F,0,07 Not Classed,123,0,0,0,0,0,0,0,0,0,0,0,0,0,0,0,0,0,0,0,4,0,0,0,0,0,5,0,0,0,0,0,0,0,0,0,0,0
PR-0806,97475 98233  TC 16287,31A-2-5-F,0,07 Not Classed,189,0,,,,,,,,,,,,,,,,,,,,,,,,,,,,,,,,,,,,
PR-0815,G02335. 98075  HTCL 38508 LH,30C-3-1-F*,0,07 Not Classed,4,0,1,0,1,0,0,0,0,0,16,0,0,11,20,0,0,0,0,0,0,1,0,0,0,0,0,0,7,4,0,0,32,0,11,0,0,0
PR-0817=PR-0764,"121,Las,Me F/w",31A-3-5-F,0,07 Not Classed,170,0,,,,,,,,,,,,,,,,,,,,,,,,,,,,,,,,,,,,
PR-0820,G03100.97415  KB 55746/10,31C-2-2-B,0,07 Not Classed,294,0,,,,,,,,,,,,,,,,,,,,,,,,,,,,,,,,,,,,
PR-0825,G02618 97510 KB 56686/9.5,31A-1-5-F,0,07 Not Classed,389,0,0,0,0,0,0,0,0,0,0,0,0,0,0,0,4,0,0,0,0,0,0,0,0,0,0,0,0,0,0,0,0,0,0,0,0,0
PR-0833,G00650.97513  TC 22388,31A-1-5-F,0,07 Not Classed,198,0,,,,,,,,,,,,,,,,,,,,,,,,,,,,,,,,,,,,
PR-0841,G01685.97219  F/w KC 45727/8.5,31A-2-5-F,0,07 Not Classed,182,0,0,0,0,0,0,0,0,0,0,0,0,0,0,0,0,0,6,0,0,0,0,0,0,0,0,0,0,0,0,0,0,0,0,0,0,0
PR-0848,"G00383, 97559  TC 22357",31A-2-5-F,0,07 Not Classed,169,0,3,0,0,0,0,0,0,0,0,0,0,0,0,0,0,0,0,0,0,0,0,0,0,0,0,0,0,0,2,0,0,0,0,0,0,0
PR-0852,Honda  Rear w/s  TB2  42627,31A-3-5-F,0,07 Not Classed,546,0,,,,,,,,,,,,,,,,,,,,,,,,,,,,,,,,,,,,
PR-0856,G02010 97352  HTCL 27439 LH,31A-3-5-F,0,07 Not Classed,69,0,0,0,0,0,0,0,0,0,0,0,0,0,0,0,0,0,0,0,0,0,0,0,0,0,0,0,0,0,0,0,0,0,0,0,0,0
PR-0858,G01802 98352 97664  35568/11,31B-2-1-F,0,07 Not Classed,130,0,0,0,3,0,0,0,0,0,0,2,0,0,0,0,2,0,0,2,1,0,3,0,0,3,0,0,0,0,0,0,1,0,0,0,0,0
PR-0860,"G02610, 97244 Civic 31468 LH",31B-2-1-F,0,07 Not Classed,1824,0,0,0,0,0,0,0,0,0,0,0,0,0,0,0,0,0,0,1,0,0,0,0,0,0,0,0,0,0,0,0,0,0,0,0,0,0
PR-0865,G01734 97661  Accord 86-89 D/S,30-B-3-1,0,07 Not Classed,255,0,0,0,0,0,0,0,0,0,0,0,0,0,0,0,4,0,0,0,0,0,0,0,0,4,0,0,0,0,1,0,0,0,0,0,0,0
PR-0866,"G02233, 97709 TC 27427",31B-1-1-F,0,07 Not Classed,1434,0,,,,,,,,,,,,,,,,,,,,,,,,,,,,,,,,,,,,
PR-0874,"G00136, 97532 TBY  7011214/20",31C-2-2-B,0,07 Not Classed,163,0,,,,,,,,,,,,,,,,,,,,,,,,,,,,,,,,,,,,
PR-0879,"G20026, 97819 TB 688810",31C-3-2-B,0,07 Not Classed,178,0,,,,,,,,,,,,,,,,,,,,,,,,,,,,,,,,,,,,
PR-0881T,G00104. 97526  T/S  HTCR 45637,31B-2-1-F,0,07 Not Classed,276,0,0,0,0,1,0,0,0,0,0,0,0,0,0,0,0,0,6,0,6,0,0,0,1,0,0,0,0,0,0,0,0,0,0,0,0,0
PR-0899,"G02887, 97767 OV 55101 4.7",31C-3-2-B,0,07 Not Classed,166,0,,,,,,,,,,,,,,,,,,,,,,,,,,,,,,,,,,,,
PR-0900,G02305.97493  TB  32527,31B-3-1-F,0,07 Not Classed,298,0,,,,,,,,,,,,,,,,,,,,,,,,,,,,,,,,,,,,
PR-0904,G01736 97321  D/S 456812.5/19,31B-3-1-F,0,07 Not Classed,315,0,0,3,1,0,0,1,0,0,0,0,0,0,2,0,0,0,0,0,0,0,0,0,0,0,0,0,0,0,0,0,0,0,0,0,0,0
PR-0905,G01737.97662  D/S  458010/16.5,31D-3-2-F,0,07 Not Classed,91,0,0,3,1,0,0,0,0,0,0,0,0,0,2,0,0,0,0,0,0,0,0,0,0,0,0,0,0,0,0,0,0,0,0,0,0,0
PR-0909,G01091.97869  HTBRL304110,30-B-2-2,0,07 Not Classed,198,0,,,,,,,,,,,,,,,,,,,,,,,,,,,,,,,,,,,,
PR-0916,"G03006, 97782  38527RH",31B-1-1-F,0,07 Not Classed,316,0,0,0,0,0,0,0,0,0,0,0,0,0,0,0,0,0,0,0,0,0,1,0,0,0,0,0,0,0,0,0,0,0,0,0,0,0
PR-0925,"G02192, 97874  58768/16 TCY",31C-1-3-B,0,07 Not Classed,191,0,,,,,,,,,,,,,,,,,,,,,,,,,,,,,,,,,,,,
PR-0941,G01259.97624  S/D 35727.5/9.5,31B-2-1-F,0,07 Not Classed,275,0,0,0,0,0,0,1,0,0,0,0,0,0,0,0,0,0,0,0,0,0,0,0,0,0,0,0,0,0,0,0,0,0,0,0,0,0
PR-0945,"G00277, 97553 S/D  283810/15",31B-2-1-F,0,07 Not Classed,194,0,,,,,,,,,,,,,,,,,,,,,,,,,,,,,,,,,,,,
PR-0949,"G00329, 97512  W/S  50687/10",31B-3-1-F,0,07 Not Classed,447,0,,,,,,,,,,,,,,,,,,,,,,,,,,,,,,,,,,,,
PR-0950,G00059.97416   TC 26388,31B-3-1-F,0,07 Not Classed,284,0,,,,,,,,,,,,,,,,,,,,,,,,,,,,,,,,,,,,
PR-10175,"G00617, 97577 Distributor seal",31B-1-1-F,0,07 Not Classed,296,0,,,,,,,,,,,,,,,,,,,,,,,,,,,,,,,,,,,,
PR-10185,Distributor seal,31B-1-1-F,0,06 First Sale in FY26,290,0,0,0,0,0,0,0,0,0,0,0,0,0,0,0,0,0,0,0,0,0,0,0,0,0,0,0,0,0,0,0,0,0,0,0,0,2
PR-10207,G00704 Honda  Dist. Seal,31C-2-5-F,0,07 Not Classed,1042,0,0,0,0,0,6,0,0,0,0,0,0,0,1,0,2,0,0,0,0,0,0,0,0,2,0,0,0,0,0,0,0,0,0,0,0,0
PR-1031,G90056 39.67X63.5X9.52,31C-2-5-F,0,07 Not Classed,197,0,,,,,,,,,,,,,,,,,,,,,,,,,,,,,,,,,,,,
PR-10512511,G01319 Trad 10512511.7 LH,31D-3-4-B,0,07 Not Classed,197,0,,,,,,,,,,,,,,,,,,,,,,,,,,,,,,,,,,,,
PR-10513513,G00439 105x135x13   LH SIL,31D-1-4-B,0,07 Not Classed,96,0,,,,,,,,,,,,,,,,,,,,,,,,,,,,,,,,,,,,
PR-1086,G00863 97594  15.87X28.57X6.35,31B-3-1-F,0,07 Not Classed,184,0,0,0,0,0,0,0,0,0,0,0,0,0,0,0,0,0,0,0,0,0,0,4,0,0,0,0,0,0,0,0,0,0,2,0,0,0
PR-11227,Toyota Gearbox selector seal,31B-3-1-F,0,07 Not Classed,297,0,0,0,0,0,0,0,0,0,0,0,0,0,0,0,0,8,0,0,0,0,0,0,0,0,0,0,0,0,0,0,0,0,0,0,0,0
PR-1169,"G00019, G02062 97295 TC 41557",31B-1-2-F,0,07 Not Classed,231,0,,,,,,,,,,,,,,,,,,,,,,,,,,,,,,,,,,,,
PR-1173,"G00409, 97111.98167  35496RH",31B-1-2-F,0,07 Not Classed,608,0,0,0,0,0,0,0,1,0,0,0,0,1,0,5,0,1,1,2,0,0,0,0,0,0,0,1,3,0,0,0,0,0,0,3,0,1
PR-1174,"G00474, G02103 97121 TC25378",31D-4-2-B,0,07 Not Classed,235,0,0,0,0,0,0,0,0,0,1,0,0,0,0,0,0,0,0,0,0,0,0,0,0,0,0,0,0,0,0,0,0,0,0,0,0,0
PR-1175,"G00404, 97232  34549/15",30C-4-1-F*,0,07 Not Classed,113,0,5,1,2,1,6,2,4,0,1,0,2,6,1,5,8,4,4,3,1,1,1,0,0,2,1,3,0,1,9,2,1,0,0,1,4,1
PR-1176,"G00405, 97561 ToyD/S 34639/15",30C-5-1-F*,0,07 Not Classed,69,0,0,0,3,2,0,1,2,0,1,0,3,2,2,5,1,6,3,3,2,2,2,1,0,2,2,6,0,0,8,4,2,0,1,0,6,0
PR-12225,Laser Distributor oil seal,31B-3-2-F,0,07 Not Classed,75,0,0,0,0,0,0,0,0,0,0,0,2,0,0,0,0,0,4,0,0,0,0,0,0,0,0,0,0,0,0,0,0,0,0,0,0,0
PR-12227,Laser Distributor oil seal,31B-3-2-F,0,07 Not Classed,123,0,0,0,0,0,3,0,0,0,0,0,2,0,0,0,0,0,10,1,0,0,0,0,0,2,0,1,0,0,0,0,0,0,0,0,0,0
PR-12522,Honda Distributor seal,31B-1-2-F,0,07 Not Classed,424,0,0,0,0,0,5,0,0,0,0,0,0,0,0,0,0,0,10,0,0,0,0,0,0,0,0,0,0,0,0,0,0,0,0,0,0,0
PR-1563,97514  TC  30527,31B-1-2-F,0,07 Not Classed,178,0,,,,,,,,,,,,,,,,,,,,,,,,,,,,,,,,,,,,
PR-17307,G00008 Toyota Power/s seal,31B-2-2-F,0,07 Not Classed,96,0,0,0,0,0,0,0,0,0,0,0,0,0,0,4,0,0,0,0,0,0,0,0,0,0,0,0,0,0,0,0,0,0,0,0,0,0
PR-1783,G00788. 97309  TC 44.5 63.5 9.,31B-2-2-F,0,07 Not Classed,166,0,0,0,0,0,0,0,0,0,0,0,0,0,0,0,0,0,0,4,0,0,0,0,0,0,0,0,0,0,0,0,0,0,0,0,0,0
PR-18307,"G00163, 97537, 98188 Oil seal",31B-3-2-F,0,07 Not Classed,1611,0,0,0,0,0,1,0,0,0,0,0,0,0,0,0,0,1,0,1,0,0,0,0,0,1,0,0,0,0,0,0,0,0,0,0,1,0
PR-18327,"G01483, 97932  Toy Oil pump",31B-3-2-F,0,07 Not Classed,375,0,,,,,,,,,,,,,,,,,,,,,,,,,,,,,,,,,,,,
PR-18357,Skyline 87 Power steering seal,31D-2-2-B,0,07 Not Classed,292,0,,,,,,,,,,,,,,,,,,,,,,,,,,,,,,,,,,,,
PR-20326,"G02102, 98185, 98025 Seal",31B-1-2-F,0,07 Not Classed,349,0,0,0,0,0,0,0,0,0,0,0,0,0,0,0,0,0,0,0,0,0,0,0,0,0,0,0,1,0,0,0,0,0,0,0,0,0
PR-20356,"G00380, G01148 Toy p/steering",31B-1-2-F,0,07 Not Classed,98,0,,,,,,,,,,,,,,,,,,,,,,,,,,,,,,,,,,,,
PR-2101,"02101, 97692 97516 10512011 LH",31C-1-3-B,0,07 Not Classed,4,0,0,0,0,0,0,0,0,0,0,0,0,0,0,0,0,0,0,0,0,0,0,0,0,0,0,0,0,0,0,0,0,0,2,0,0,0
PR-2142,G01890. 97120 SA2 50.8 76.1 9.,31B-2-2-F,0,07 Not Classed,85,0,,,,,,,,,,,,,,,,,,,,,,,,,,,,,,,,,,,,
PR-2178,"G01679, 97124 31.7 55.1 71.7 1",31B-2-2-F,0,07 Not Classed,0,,0,0,0,0,0,0,0,0,0,0,0,0,0,0,0,0,0,0,0,0,0,0,0,0,0,0,0,0,0,0,0,0,6,0,0,0
PR-2186,G00852.97506  TC 659010,31C-2-3-B,0,07 Not Classed,170,0,,,,,,,,,,,,,,,,,,,,,,,,,,,,,,,,,,,,
PR-2202,"G00448, 97216 HTCR 40558 RH",31B-3-2-F,0,07 Not Classed,62,0,0,0,0,0,0,0,0,0,0,0,0,0,0,2,0,1,0,0,0,0,0,0,0,0,0,0,0,0,0,0,0,0,4,1,0,0
PR-22345,G01419 Oil seal,31B-3-2-F,0,07 Not Classed,434,0,0,0,0,0,0,0,0,0,0,0,0,0,0,0,0,0,0,0,0,0,0,0,4,0,0,0,0,0,0,0,0,0,0,0,0,0
PR-223516,BR1157E Oil seal,31B-1-3-F,0,07 Not Classed,200,0,,,,,,,,,,,,,,,,,,,,,,,,,,,,,,,,,,,,
PR-2490,"G01163. G01722,97204. 97205",31B-1-3-F,0,07 Not Classed,178,0,,,,,,,,,,,,,,,,,,,,,,,,,,,,,,,,,,,,
PR-2495,G01529  TB 93.66 130.18 12.7,31C-2-3-B,0,07 Not Classed,89,0,,,,,,,,,,,,,,,,,,,,,,,,,,,,,,,,,,,,
PR-25376,"G90120, 97957 Toy.Ech T/s Vit.",31B-2-3-F,0,07 Not Classed,450,0,0,0,0,0,0,0,0,0,0,1,0,0,0,0,0,1,0,1,0,0,0,0,0,0,1,0,0,0,0,0,0,0,0,0,0,0
PR-25447,G01231 Oil seal,31B-2-3-F,0,07 Not Classed,299,0,,,,,,,,,,,,,,,,,,,,,,,,,,,,,,,,,,,,
PR-2602,"G02602,97743 Pul N13 9010411 L",31C-3-3-B,0,07 Not Classed,134,0,0,0,0,0,0,0,0,1,0,0,0,0,0,0,0,0,0,0,0,0,0,0,0,0,0,0,0,1,0,0,0,0,0,0,0,1
PR-26428,"G03044, 97787 Bari/Dae 95 T/c",31B-3-3-F,0,07 Not Classed,1147,0,,,,,,,,,,,,,,,,,,,,,,,,,,,,,,,,,,,,
PR-2651,"G90090, 97005 SB 42.9 59.1 9.",31B-3-3-F,0,07 Not Classed,182,0,0,0,0,0,6,0,0,0,0,2,0,0,0,0,0,0,0,0,0,0,0,0,0,0,0,0,0,0,0,0,0,0,0,0,0,0
PR-27407L,"G01159, 97616 Accord VTEC T/c",30-B-7-7,0,07 Not Classed,1289,0,,,,,,,,,,,,,,,,,,,,,,,,,,,,,,,,,,,,
PR-27408L,Honda Timing HTCL 27 40 8 SIL,31B-1-3-F,0,07 Not Classed,458,0,0,2,0,0,0,0,0,0,0,0,0,0,0,0,0,0,0,0,0,0,0,0,0,0,0,0,0,0,0,0,0,0,0,0,0,0
PR-27437,G02989 Oil seal,30-B-2-8,0,07 Not Classed,266,0,0,0,0,0,0,0,0,0,0,0,0,0,0,0,0,1,6,0,0,0,0,0,0,0,0,0,0,0,0,0,0,0,0,0,0,0
PR-27497,G90014 oil seal,31B-2-3-F,0,07 Not Classed,196,0,,,,,,,,,,,,,,,,,,,,,,,,,,,,,,,,,,,,
PR-28428,"G00685, G03663, 98024, 98196",31B-2-3-F,0,07 Not Classed,2134,0,0,0,0,0,0,0,0,0,0,0,0,0,0,0,0,0,2,0,0,0,0,0,0,0,0,0,0,0,0,0,0,0,2,0,0,5
PR-28477,G02294. 97711 TC 28 47 7,31B-3-3-F,0,07 Not Classed,290,0,0,0,0,0,0,0,0,0,0,0,0,0,0,0,0,0,0,0,0,0,0,2,0,0,0,0,0,8,0,0,0,0,0,0,0,0
PR-28478L,"G00669, 97581 Oil seal",31B-3-3-F,0,07 Not Classed,450,0,,,,,,,,,,,,,,,,,,,,,,,,,,,,,,,,,,,,
PR-28478R,"G00668, 97580 HTCR 28 47 8",31D-2-2-F,0,07 Not Classed,87,0,,,,,,,,,,,,,,,,,,,,,,,,,,,,,,,,,,,,
PR-28479,G01857 oil seal,31B-1-3-F,0,07 Not Classed,193,0,,,,,,,,,,,,,,,,,,,,,,,,,,,,,,,,,,,,
PR-29438,G02966 97776  Honda 29 43 8 LH,30C-1-2-F*,0,07 Not Classed,26,0,0,0,0,0,0,0,0,0,36,0,0,0,40,0,4,0,8,0,0,0,0,0,0,0,0,0,0,0,0,0,2,0,0,0,0,0
PR-29458L,"G02136, 97697 Honda t/c seal",31B-2-3-F,0,07 Not Classed,368,0,1,1,1,0,0,0,0,0,0,0,0,0,0,0,0,1,0,0,0,1,0,0,0,0,0,0,0,0,3,0,0,0,0,0,0,0
PR-30428,"G01442, 97552,97990, 30428 RH",31B-2-3-F,0,07 Not Classed,1752,0,0,0,0,0,2,1,0,0,0,0,0,0,2,0,0,1,0,0,0,0,0,0,0,0,0,0,0,0,8,4,0,0,0,0,0,0
PR-3043,G90026  TB2 41.3 60.3 6.4,31B-3-3-F,0,07 Not Classed,188,0,0,0,0,0,0,0,0,0,0,0,0,0,0,0,4,0,0,0,0,0,0,0,0,0,0,0,0,0,0,0,0,0,0,0,0,0
PR-30447,"G00796, 97098 Laser 30447  TCR",31B-3-3-F,0,07 Not Classed,2403,0,0,0,0,0,0,0,0,0,0,0,0,0,0,0,0,0,0,0,0,0,0,0,0,0,0,0,0,0,0,0,0,2,1,0,0,0
PR-30449,97443 Oil seal  30449 TCR,31B-1-4-B,0,07 Not Classed,300,0,,,,,,,,,,,,,,,,,,,,,,,,,,,,,,,,,,,,
PR-30488,OIL SEAL 30488 TCR,31B-1-4-B,0,07 Not Classed,202,0,,,,,,,,,,,,,,,,,,,,,,,,,,,,,,,,,,,,
PR-30508,"G00159,98221 97535 30508 TC",30C-2-2-F*,0,07 Not Classed,224,0,0,0,0,1,6,3,0,0,0,3,0,0,0,0,4,0,6,0,1,0,0,0,0,0,0,0,0,0,12,0,0,0,1,0,0,0
PR-3052,"G00042, 97206 TB 49.2 63.5 9.5",31B-2-4-B,0,07 Not Classed,124,0,,,,,,,,,,,,,,,,,,,,,,,,,,,,,,,,,,,,
PR-3130,G01878  97344 SC 42.9 63.5 9.5,31B-3-4-B,0,07 Not Classed,319,0,,,,,,,,,,,,,,,,,,,,,,,,,,,,,,,,,,,,
PR-31427,"98327, G91005 31.5*42*7 Viton",31B-3-4-B,0,07 Not Classed,1600,0,0,0,0,0,0,0,0,0,0,0,0,1,0,0,0,0,0,0,0,0,0,0,0,0,0,0,0,0,0,0,0,0,0,0,0,0
PR-3155,"G00048, 97207 TB 58.7 85.1 7.9",31D-3-2-F,0,07 Not Classed,190,0,,,,,,,,,,,,,,,,,,,,,,,,,,,,,,,,,,,,
PR-324210,G00660.97423  Oil seal,31B-1-4-B,0,07 Not Classed,102,0,0,0,0,0,0,0,0,0,0,0,0,1,0,0,0,0,0,0,0,0,0,0,0,0,0,0,0,0,0,0,0,0,1,0,0,0
PR-32427,98384 Viton Seal,31B-1-4-B,0,07 Not Classed,1383,0,,,,,,,,,,,,,,,,,,,,,,,,,,,,,,,,,,,,
PR-32446,"G02125, G02203 Gem FD o/pump",31B-2-4-B,0,07 Not Classed,146,0,0,0,0,0,0,0,0,0,0,0,0,0,0,0,0,0,0,0,0,1,0,0,0,0,0,0,0,0,0,0,0,0,0,0,0,0
PR-32456,G01460. 97639  Oil seal,31B-2-4-B,0,07 Not Classed,718,0,,,,,,,,,,,,,,,,,,,,,,,,,,,,,,,,,,,,
PR-32466,G01345  97996 Dai. Cam/s sil,30C-3-2-F*,0,07 Not Classed,457,0,1,0,1,0,1,0,2,0,6,0,10,0,0,10,4,0,0,0,0,1,0,0,0,0,0,0,1,1,11,0,2,0,1,0,2,1
PR-32467L,98182 Oil Seal,31B-3-4-B,0,07 Not Classed,461,0,,,,,,,,,,,,,,,,,,,,,,,,,,,,,,,,,,,,
PR-32468,Oil seal 32 46 8,19-B-1-12,0,07 Not Classed,160,0,,,,,,,,,,,,,,,,,,,,,,,,,,,,,,,,,,,,
PR-32468L,97244  HTCL 32 46 8 SIL,31B-1-4-B,0,07 Not Classed,562,0,,,,,,,,,,,,,,,,,,,,,,,,,,,,,,,,,,,,
PR-32537,"G01045, 97607 Oil seal TCR",31B-2-4-B,0,07 Not Classed,275,0,0,0,0,0,0,0,0,0,0,0,0,0,0,0,0,0,0,0,1,0,0,0,0,0,0,0,0,0,1,0,0,0,0,0,0,0
PR-32558,98209 Subaru WRX 2001 T/C,31B-2-4-B,0,07 Not Classed,584,0,,,,,,,,,,,,,,,,,,,,,,,,,,,,,,,,,,,,
PR-326512,98231  Pajero Pinion seal,31B-3-4-B,0,07 Not Classed,185,0,,,,,,,,,,,,,,,,,,,,,,,,,,,,,,,,,,,,
PR-33498,G03103.97814. Subaru WRX T/co,30C-4-2-F*,0,07 Not Classed,1145,0,3,0,0,0,0,0,4,0,11,0,0,0,0,3,0,2,1,6,0,0,20,0,0,3,10,0,24,0,0,11,0,1,0,10,0,0
PR-33568,97979 Pulsar N14 D/shaf RH Sea,31B-1-4-F,0,07 Not Classed,304,0,0,0,0,0,0,1,0,0,0,0,0,0,0,0,0,0,0,0,0,0,0,0,3,0,0,0,0,0,1,2,0,0,0,0,0,0
PR-335911,"G90101, G90128, 98219 EXA,N13",31B-1-4-F,0,07 Not Classed,562,0,0,2,0,0,0,0,0,0,0,0,1,0,0,0,0,0,0,0,0,0,0,0,0,0,0,0,0,0,0,1,0,0,0,0,0,0
PR-34467,"G91007, 98242 Lancer 03-on",31B-2-4-F,0,07 Not Classed,465,0,0,0,0,0,0,0,0,0,0,0,0,0,0,0,3,0,0,0,0,0,0,0,0,0,0,0,0,0,0,0,0,0,0,0,0,0
PR-34478,G02313 Oil seal,31B-2-4-F,0,07 Not Classed,89,0,,,,,,,,,,,,,,,,,,,,,,,,,,,,,,,,,,,,
PR-34559,Dae lan dri/s TC7Y 34559/15,31B-3-4-F,0,07 Not Classed,300,0,,,,,,,,,,,,,,,,,,,,,,,,,,,,,,,,,,,,
PR-3503,G01393  97242 TC 31.8 44.5 6.4,31B-3-4-F,0,07 Not Classed,166,0,0,0,0,0,0,0,0,0,0,0,0,0,0,0,1,0,0,1,3,0,0,0,0,0,0,0,0,0,0,0,0,0,0,0,0,0
PR-3510,G01850 97667  TC 25.4 38.1 6.4,31B-1-4-F,0,07 Not Classed,161,0,,,,,,,,,,,,,,,,,,,,,,,,,,,,,,,,,,,,
PR-35428,Oil seal TC 35 42 8,31B-1-4-F,0,07 Not Classed,300,0,,,,,,,,,,,,,,,,,,,,,,,,,,,,,,,,,,,,
PR-35477,G00671.98005. 98389 Oil seal,31B-2-4-F,0,07 Not Classed,243,0,0,0,0,0,0,1,0,0,0,0,0,0,0,0,0,0,0,0,0,0,0,1,0,0,0,0,0,0,0,1,0,0,0,0,0,0
PR-354810,"98146, 98163  VW Tining Seal",31B-2-4-F,0,07 Not Classed,249,0,0,0,0,1,0,0,0,0,0,1,0,0,0,0,0,0,0,0,0,1,0,0,0,0,0,1,0,0,0,0,0,0,0,0,0,1
PR-35507,G00727 98328 Ford Tim.,31B-3-4-F,0,07 Not Classed,242,0,,,,,,,,,,,,,,,,,,,,,,,,,,,,,,,,,,,,
PR-35509,"G02883, 97377 Oil seal",31D-7-2-B,0,07 Not Classed,130,0,0,0,0,0,0,0,0,0,0,0,0,0,0,0,0,0,0,0,0,5,0,0,0,0,0,0,0,0,4,0,0,0,0,0,0,0
PR-355410,98261 Oil seal TC7Y 355410/15,31B-3-4-F,0,07 Not Classed,241,0,0,0,0,0,0,0,0,0,0,0,1,0,0,0,0,0,6,0,0,0,0,0,0,0,0,0,0,0,0,0,0,0,0,0,0,0
PR-35548,98342  35 54 8/11.5  Oil seal,31D-7-2-B,0,07 Not Classed,194,0,,,,,,,,,,,,,,,,,,,,,,,,,,,,,,,,,,,,
PR-35549,Dai. Applause Driveshaft seal,31C-1-1-F,0,07 Not Classed,186,0,,,,,,,,,,,,,,,,,,,,,,,,,,,,,,,,,,,,
PR-35558,G03041 97784 Dae.Trans/c,31C-1-1-F,0,07 Not Classed,411,0,,,,,,,,,,,,,,,,,,,,,,,,,,,,,,,,,,,,
PR-35559,"G02063, 98223 Camry driveshaft",30C-5-2-F*,0,07 Not Classed,204,0,0,10,0,4,7,3,0,1,3,1,0,3,0,8,7,4,4,5,5,1,4,5,3,0,2,7,1,2,17,1,1,4,2,8,1,12
PR-355610,"G01788, 97177  D/S seal",31C-2-1-F,0,07 Not Classed,247,0,0,4,0,1,0,0,0,0,0,4,0,0,0,0,0,2,1,0,0,0,0,1,0,0,1,4,0,0,0,0,1,0,0,1,2,0
PR-35579,"98619,G01436  ZRE152 D/S seal",31C-3-1-F,0,07 Not Classed,198,0,0,0,0,0,0,0,1,0,0,2,0,0,0,0,0,0,0,2,0,0,0,0,5,2,2,0,1,0,2,1,0,0,3,0,0,0
PR-355810,"G02901, 97231 HTC 35 58 10/13",31C-3-1-F,0,07 Not Classed,167,0,0,0,0,0,0,0,0,0,0,0,0,0,0,0,0,0,0,10,0,0,0,0,2,0,0,0,0,0,0,10,0,0,10,0,0,0
PR-356210,G01041 97437  35x62x10/16.5,31C-2-1-F,0,07 Not Classed,193,0,0,0,0,0,0,0,0,0,0,0,0,0,0,0,0,0,0,0,0,0,0,0,0,0,0,0,0,0,0,0,0,0,0,0,0,0
PR-35629,"G00070, 97419 Honda G/b d/s",31C-2-1-F,0,07 Not Classed,51,0,0,0,0,0,0,0,0,0,2,0,0,0,0,0,0,0,0,0,0,0,0,9,0,4,0,0,0,0,0,0,0,0,4,0,0,2
PR-356310,98095 G03344 TB7 35 63 10/16,31D-5-2-F,0,07 Not Classed,192,0,0,2,0,0,0,0,1,2,0,7,0,0,2,0,0,0,0,0,0,0,0,6,0,0,0,0,0,0,0,0,0,0,4,0,0,4
PR-35769,G02734 97751 Civ 88 RH G/B D/S,31C-1-1-F,0,07 Not Classed,360,0,0,1,0,0,0,0,0,0,0,0,1,0,0,0,0,0,0,3,0,0,0,0,0,0,2,0,0,0,0,0,0,0,1,0,0,4
PR-36507,G03057.G90019. 97790.  121 T/c,31C-1-1-F,0,07 Not Classed,666,0,0,0,1,0,0,0,0,0,0,0,0,0,0,0,1,0,0,0,0,2,0,0,0,0,0,0,0,0,2,0,0,0,0,0,2,0
PR-3655,G00791 98345   39.76211 RH,31C-2-1-F,0,07 Not Classed,121,0,,,,,,,,,,,,,,,,,,,,,,,,,,,,,,,,,,,,
PR-37498,"G90109, 98183  Oil seal",31C-2-1-F,0,07 Not Classed,570,0,0,1,1,3,0,1,0,0,0,0,1,0,0,0,1,0,0,0,0,0,0,0,0,0,0,0,0,0,0,1,0,0,1,0,0,0
PR-37506,"G01977, G02040, 97678, 98106",31C-3-1-F,0,07 Not Classed,380,0,1,1,1,1,1,2,0,0,0,2,0,2,0,0,0,1,1,0,2,0,0,1,1,0,1,0,3,0,2,0,0,0,10,0,2,0
PR-37569,"Magna TE,TF,TS V6 Oil seal",31C-3-1-F,0,07 Not Classed,524,0,,,,,,,,,,,,,,,,,,,,,,,,,,,,,,,,,,,,
PR-37627,G02933  Subaru w/seal,31D-6-2-F,0,07 Not Classed,197,0,,,,,,,,,,,,,,,,,,,,,,,,,,,,,,,,,,,,
PR-3799,"G01840, 97479 15.88 23.81 4.8",31C-1-1-F,0,07 Not Classed,273,0,0,0,0,0,0,0,0,0,0,0,0,0,0,0,0,0,6,0,0,0,0,0,0,0,0,0,0,0,0,0,0,0,2,0,0,0
PR-3848 (15307),15.30.7  15307   Oil seal,31C-1-1-F,0,07 Not Classed,194,0,,,,,,,,,,,,,,,,,,,,,,,,,,,,,,,,,,,,
PR-385010,"G02958, 98161 Camry V6 C/S",30-C-4-3,0,07 Not Classed,293,0,0,0,0,0,0,0,0,0,0,0,0,5,0,0,0,0,0,0,0,0,0,0,0,0,0,0,0,0,0,0,0,0,0,0,0,0
PR-385113,G01096 97469 Ford Maz  Gbox,31C-1-5-F,0,07 Not Classed,72,0,0,0,4,0,0,0,0,0,0,0,0,0,0,0,3,0,0,0,0,0,0,0,0,0,1,0,0,0,0,0,0,0,0,0,0,0
PR-385210,"G00387.97560  Hivan,Mira t/c",31C-3-1-F,0,07 Not Classed,393,0,0,0,0,0,0,0,0,0,0,0,0,0,0,0,8,0,0,0,0,0,0,1,0,0,0,0,0,0,0,0,0,0,0,0,0,0
PR-385212,G60789. 98258 AU IRS R/inner,31D-7-2-B,0,07 Not Classed,46,0,0,0,0,0,0,0,0,0,2,0,0,10,0,0,4,0,0,0,0,0,6,0,0,0,0,0,4,0,0,0,10,0,10,0,0,0
PR-38527,G00593  SB 38.1 52.39 6.9,31C-3-1-F,0,07 Not Classed,295,0,,,,,,,,,,,,,,,,,,,,,,,,,,,,,,,,,,,,
PR-38537,"G02643, G90015 Prelude T/c",31C-1-2-F,0,07 Not Classed,582,0,0,0,0,0,0,0,0,0,0,0,0,0,0,0,0,0,0,0,0,0,0,0,0,0,0,0,0,0,0,0,0,0,0,0,0,0
PR-38547,G02336 Nissan Timing cover,31C-1-2-F,0,07 Not Classed,134,0,0,0,0,0,0,0,0,0,0,0,0,0,0,0,0,0,0,0,4,0,0,0,0,0,0,0,0,0,0,0,2,0,0,0,0,0
PR-38548,"G02336, 97716 Hyu W/S",31C-2-2-F,0,07 Not Classed,244,0,0,0,0,0,0,0,0,0,0,0,0,0,0,0,0,0,0,0,0,0,0,0,0,0,0,0,0,0,0,0,0,0,6,0,0,8
PR-38588,"G00446, 97404 38.5 58 8.5 RH",31C-2-2-F,0,07 Not Classed,22,0,0,3,0,1,6,0,0,0,0,0,0,0,0,0,4,0,0,0,0,0,0,0,0,0,0,0,0,0,1,0,0,0,0,0,0,0
PR-386012,"G01645, 97912 Oil seal",30-C-6-4,0,07 Not Classed,171,0,0,0,1,0,0,0,0,0,0,0,0,0,0,0,0,0,0,0,0,0,0,1,0,0,0,0,0,0,0,0,0,0,0,0,0,0
PR-38638,"G03062, 97794 Oil seal",31C-3-2-F,0,07 Not Classed,184,0,,,,,,,,,,,,,,,,,,,,,,,,,,,,,,,,,,,,
PR-387411,"98168, G02069  P/S 387411/18",31C-1-3-B,0,07 Not Classed,103,0,0,0,0,0,0,0,0,0,0,0,0,0,0,1,0,0,0,0,2,0,0,0,0,0,1,0,1,0,0,0,0,0,8,0,0,10
PR-3881,"G01812  97272 Suz,Nis.32476RH",31C-1-2-F,0,07 Not Classed,1436,0,,,,,,,,,,,,,,,,,,,,,,,,,,,,,,,,,,,,
PR-3933,"G00021, 97153   TC 48628  SEAL",31C-1-2-F,0,07 Not Classed,191,0,0,0,0,0,0,0,0,0,0,0,0,0,0,0,3,4,0,0,0,0,0,1,1,0,0,0,0,0,0,0,0,0,0,0,2,0
PR-395211,"G61237, 98177  TC 39.6 52 11",31C-2-2-F,0,07 Not Classed,125,0,0,0,0,5,0,0,0,0,0,0,0,0,0,0,0,0,0,0,0,0,0,0,0,0,0,0,0,0,0,0,0,0,0,0,1,0
PR-39538,G08195.98339. Hon.Ody 3.0 rh,31C-2-2-F,0,07 Not Classed,263,0,0,0,0,0,0,0,0,0,0,0,0,0,0,0,0,0,0,0,0,0,0,0,0,0,0,0,0,0,0,0,0,0,0,0,0,0
PR-395911,"G90129, 98218, 460913 seal",31C-3-2-F,0,07 Not Classed,536,0,0,0,0,0,0,0,0,0,0,2,0,0,0,0,0,2,0,0,0,0,0,0,0,0,0,0,0,0,0,0,0,2,0,0,0,0
PR-3975,G00461  97569  TCL 709010,31C-2-3-B,0,07 Not Classed,74,0,0,0,0,0,0,0,0,0,0,0,0,0,0,0,0,0,6,0,0,0,0,0,0,0,0,0,0,0,0,0,0,0,0,0,0,0
PR-39806,"G03072, 97800 39.42 80.26 6.5",31C-3-2-F,0,07 Not Classed,131,0,0,0,0,0,0,0,0,0,0,0,0,0,0,0,1,0,0,1,0,0,0,0,0,0,0,0,0,0,0,0,0,0,0,0,0,0
PR-40526,"G02977, 98297 Lexus Cam Seal",31D-6-2-B,0,07 Not Classed,325,0,0,0,0,0,2,3,1,0,0,0,3,0,0,0,2,0,0,0,0,0,0,0,1,0,0,0,2,2,0,0,0,0,0,0,0,0
PR-40556,"G02636, 97749.98153 NK050 TOY",31C-1-2-F,0,07 Not Classed,970,0,1,1,0,0,0,1,0,1,1,0,0,0,0,0,1,1,0,6,1,2,0,1,3,0,1,1,0,0,0,0,0,0,0,0,1,0
PR-40567,"G02165, 97210 Rodeo Driveshaft",31C-1-2-F,0,07 Not Classed,530,0,0,0,0,0,0,1,1,0,0,0,0,0,0,0,0,0,0,0,0,0,0,0,0,0,0,2,0,0,0,0,0,0,0,0,0,0
PR-40569,G90096.97982.98224.98228.98259,30C-1-2-F*,0,07 Not Classed,77,0,0,1,0,5,0,2,9,0,5,1,0,11,0,2,4,3,1,0,6,0,1,8,3,0,8,1,12,2,1,0,15,3,0,0,0,0
PR-405810,G02640 htcw7i 405810/18,31C-2-2-F,0,07 Not Classed,567,0,0,0,0,1,0,0,0,0,0,0,0,0,0,0,0,0,0,0,0,0,0,0,0,0,0,1,0,0,0,0,0,0,0,1,0,0
PR-40588,"G03649,98333,98351,98622 seal",31C-3-2-F,0,07 Not Classed,117,0,0,1,0,0,0,0,0,0,2,2,0,1,1,0,0,1,0,0,0,0,0,0,0,0,10,0,0,0,0,0,0,0,0,0,0,0
PR-40608,98627.G01272 Rodeo Rear Axle,31C-3-2-F,0,07 Not Classed,111,0,0,0,0,0,0,0,0,0,0,0,0,2,0,0,0,0,0,6,0,0,0,0,0,2,0,0,0,0,0,0,1,0,0,0,0,0
PR-40628,98227 CRX Driveshaft oil seal,30-C-7-6,0,07 Not Classed,275,0,0,0,0,0,0,0,0,0,0,0,0,0,0,0,0,0,0,2,0,0,0,0,0,2,0,0,0,0,0,0,0,0,0,0,0,0
PR-40638,Prelude D/S Seal  40 63 8/11.5,31C-1-3-F,0,07 Not Classed,290,0,,,,,,,,,,,,,,,,,,,,,,,,,,,,,,,,,,,,
PR-40649,"G61608, 98265 Camry 2.4L RH",31C-1-3-F,0,07 Not Classed,102,0,0,0,0,0,0,0,0,0,0,1,0,0,4,1,0,0,0,0,0,0,0,0,0,0,2,0,0,0,0,0,0,0,0,0,0,0
PR-40668,G03096 Oil seal,31C-2-3-F,0,07 Not Classed,223,0,0,0,0,0,0,0,0,0,0,0,0,0,0,0,0,0,0,0,0,0,0,0,0,0,0,0,0,0,0,0,0,0,0,0,0,0
PR-406811,G01276 oils eal,31C-2-3-F,0,07 Not Classed,193,0,0,0,0,0,0,0,0,0,0,0,0,0,0,0,0,0,6,0,0,0,0,0,0,0,0,0,0,0,0,0,0,0,0,0,0,0
PR-40769R,"98061, G01735 Honda DS RH seal",30-C-5-7,0,07 Not Classed,19,0,0,0,0,0,0,0,0,0,0,1,0,0,0,0,0,0,0,0,0,0,0,0,0,0,0,0,0,0,0,0,0,0,0,0,0,0
PR-41557,G02064 97688  41557/12,31C-3-3-F,0,07 Not Classed,292,0,0,0,0,0,0,0,0,0,0,0,0,0,0,0,0,1,0,0,0,0,0,0,0,0,0,0,0,0,0,0,0,0,0,0,0,0
PR-41568,98193 HTCR 41 56 8 SI Oil seal,31D-6-2-F,0,07 Not Classed,193,0,,,,,,,,,,,,,,,,,,,,,,,,,,,,,,,,,,,,
PR-41619,"G02254, 97696, 98262, 97969",30C-2-2-F*,0,07 Not Classed,240,0,1,5,0,0,7,0,0,1,0,0,0,10,0,1,6,2,20,0,0,0,0,2,0,0,0,0,0,0,0,0,0,0,0,0,0,4
PR-417411,"G61352, 98169 417411/18.5 TC7I",31C-3-3-B,0,07 Not Classed,225,0,2,2,0,2,0,3,0,0,0,0,0,0,0,0,1,1,0,0,0,0,0,0,0,0,0,0,0,0,0,0,0,0,0,0,0,0
PR-42537,G00676 98329 Vit Ford cam.,31C-2-3-F,0,07 Not Classed,281,0,0,0,0,0,0,0,0,0,0,0,0,0,0,0,0,0,0,2,0,0,0,0,0,0,0,0,0,0,0,0,0,0,0,0,0,0
PR-42546,"G02739, 97753 TCR  42.5 54.5 6",31C-1-3-F,0,07 Not Classed,964,0,0,0,0,0,0,2,0,0,0,0,0,0,0,0,0,0,0,0,0,0,0,0,0,0,0,0,0,0,0,0,0,0,0,0,0,0
PR-425510,98247 42.8 55 10/11 Oil seal,31D-6-2-F,0,07 Not Classed,180,0,0,0,0,0,0,0,0,0,0,0,0,0,0,0,0,0,0,0,20,0,0,0,0,0,0,0,0,0,0,0,0,0,0,0,0,0
PR-42588,G01280 Nissan Gearbox seal,31C-2-3-F,0,07 Not Classed,174,0,0,0,0,0,0,0,0,1,0,0,0,0,0,0,1,0,0,0,0,0,0,0,0,0,0,0,0,0,0,0,0,0,0,0,0,0
PR-42597,98321 N14 G/B F/pump,31C-3-3-F,0,07 Not Classed,241,0,0,0,0,0,0,0,1,0,0,0,0,0,0,0,0,0,0,0,0,0,0,0,0,0,0,0,0,0,0,0,0,0,0,0,0,0
PR-42666,"Peugeot,Citroen Timing/Cover",31C-3-3-F,0,07 Not Classed,296,0,,,,,,,,,,,,,,,,,,,,,,,,,,,,,,,,,,,,
PR-43509,"G00977, 97601 Oil seal",31D-5-2-F,0,07 Not Classed,268,0,,,,,,,,,,,,,,,,,,,,,,,,,,,,,,,,,,,,
PR-43556,G90122 97978  929 V6 Timing,31C-1-3-F,0,07 Not Classed,483,0,,,,,,,,,,,,,,,,,,,,,,,,,,,,,,,,,,,,
PR-43587,"G61426, 98338 98402 Acco 43587",31C-1-3-F,0,07 Not Classed,324,0,0,0,1,0,0,0,0,0,0,0,1,0,0,2,1,2,3,3,0,0,0,2,0,0,1,0,0,0,1,0,0,1,2,0,0,0
PR-43609,"G02829, 97959 Oil seal",31C-2-3-F,0,07 Not Classed,132,0,0,0,0,0,0,1,0,0,0,2,0,0,0,0,0,0,0,0,0,0,0,0,0,0,0,0,0,0,0,0,0,0,0,0,0,0
PR-43626,97495 Fal 4spd Front A,31C-2-3-F,0,07 Not Classed,284,0,0,0,0,0,0,0,0,0,0,0,0,0,0,0,0,0,0,0,0,0,0,0,0,0,0,0,0,0,0,0,0,6,0,0,0,0
PR-44567,G00371  97557   Oil seal,31C-3-3-F,0,07 Not Classed,300,0,,,,,,,,,,,,,,,,,,,,,,,,,,,,,,,,,,,,
PR-44588,TC12864 Oil seal,31C-3-3-F,0,07 Not Classed,200,0,,,,,,,,,,,,,,,,,,,,,,,,,,,,,,,,,,,,
PR-44658,G02360 Oil seal,31D-6-2-B,0,07 Not Classed,433,0,0,0,0,0,0,0,0,0,0,0,0,0,0,0,0,0,0,0,0,0,0,0,4,0,0,0,4,0,0,0,0,0,0,0,0,0
PR-44688,98337.G02361 Honda Gearbox,31C-1-4-F,0,07 Not Classed,298,0,0,0,0,0,0,0,0,0,0,0,0,0,0,0,0,0,0,0,0,0,0,0,0,0,0,0,0,0,0,0,0,0,0,0,0,0
PR-446912,97916 L  D/S TB 44.5 69.8 12.7,31C-1-3-B,0,07 Not Classed,200,0,,,,,,,,,,,,,,,,,,,,,,,,,,,,,,,,,,,,
PR-447210,"G02227, 97708 SC 447210",31C-3-3-B,0,07 Not Classed,189,0,0,0,0,0,0,0,0,0,0,0,0,0,0,0,0,0,0,0,0,0,0,0,0,0,0,0,0,0,1,0,0,0,2,0,0,0
PR-4519M,"G02916,97094 42.8 61.9 7",31C-1-4-F,0,07 Not Classed,446,0,0,0,0,0,0,0,0,0,0,0,0,0,0,0,1,0,0,0,0,0,0,0,0,0,0,0,0,0,2,0,0,0,0,0,0,0
PR-4519R,G90030  TC  436212,31D-5-2-F,0,07 Not Classed,235,0,,,,,,,,,,,,,,,,,,,,,,,,,,,,,,,,,,,,
PR-4537,G01486 97641 TC 18317,31C-2-4-F,0,07 Not Classed,493,0,0,0,0,0,0,0,0,0,0,0,0,0,0,0,0,0,0,0,0,0,0,0,0,0,0,0,2,0,0,0,0,0,0,0,0,0
PR-4545,G02194  97185  TC 39.7 66.7 12,30C-3-2-F*,0,07 Not Classed,649,0,0,0,0,0,6,10,0,0,0,0,0,0,0,0,0,0,0,0,6,0,0,6,0,0,10,0,0,0,0,0,0,0,20,0,0,0
PR-4555,"G00054.G90012,97299.97910",31C-3-4-F,0,07 Not Classed,235,0,1,2,1,0,0,1,0,0,1,1,0,1,0,1,0,0,0,0,0,0,0,0,0,0,0,0,0,0,0,0,0,0,0,0,0,2
PR-4555B,"G02965, 97911.  With dust boot",30C-4-2-F*,0,07 Not Classed,0,,1,2,1,1,1,0,0,1,1,0,1,1,0,1,0,0,50,1,5,0,0,1,1,0,0,1,1,2,1,1,10,0,7,0,0,0
PR-45637 (PR-0881),G00104. 97526  Daihatsu F/wout,31B-2-1-F,0,07 Not Classed,0,,,,,,,,,,,,,,,,,,,,,,,,,,,,,,,,,,,,,
PR-45678,"G03064, 97795 Oil seal",31C-1-4-F,0,07 Not Classed,215,0,1,0,0,0,0,0,0,0,0,0,0,0,0,0,0,0,0,0,0,0,0,0,0,0,0,0,0,0,0,0,0,0,0,0,0,0
PR-45688,"G02164, 97602    45 68 8.5 HTC",31C-1-4-F,0,07 Not Classed,309,0,0,0,0,0,0,0,0,0,0,0,0,0,0,0,0,0,0,0,0,0,0,0,0,0,0,0,0,0,0,0,0,0,0,0,0,0
PR-457811,97472  HTB7R 45 78 11/18.5,31C-1-3-B,0,07 Not Classed,184,0,0,0,0,0,0,0,0,0,0,0,0,0,0,0,0,1,0,0,0,0,0,0,0,0,0,0,0,0,0,0,0,0,0,0,0,0
PR-46587,"G02220, 97707 98192  Cor2.4 t",31C-2-4-F,0,07 Not Classed,420,0,0,2,0,2,0,1,0,0,0,0,0,0,0,1,0,0,1,0,1,0,0,0,0,0,1,0,1,1,0,0,0,0,1,1,0,0
PR-46607,"G02219, 97706 929 V6 T/cover",31C-2-4-F,0,07 Not Classed,268,0,,,,,,,,,,,,,,,,,,,,,,,,,,,,,,,,,,,,
PR-46617,"G60976, G90091 Oil seal",31C-3-4-F,0,07 Not Classed,146,0,0,0,0,2,0,0,0,0,0,0,0,0,0,0,0,0,0,0,0,0,0,0,0,0,1,0,0,0,0,0,0,0,0,0,0,0
PR-46636,G02964  98296  Lexus T/S,31C-3-4-F,0,07 Not Classed,276,0,0,1,0,1,1,0,0,0,0,0,0,0,0,0,1,0,0,0,0,0,0,1,0,0,0,0,1,0,0,0,0,0,0,0,1,0
PR-469011,Nis  Pul SSS D/S 46.5 90 11/15,31C-2-3-B,0,07 Not Classed,226,0,,,,,,,,,,,,,,,,,,,,,,,,,,,,,,,,,,,,
PR-4747,G01102  97253  TC 457512,31D-2-2-B,0,07 Not Classed,46,0,0,0,0,0,0,0,0,0,0,0,0,0,0,0,0,0,0,0,0,0,0,0,0,0,0,0,1,0,0,0,0,0,0,0,0,0
PR-4758,G02947  TC 57.15  82.6  9.5,31C-2-3-B,0,07 Not Classed,196,0,,,,,,,,,,,,,,,,,,,,,,,,,,,,,,,,,,,,
PR-476910,"98098, 98663, 403403P seal",31C-1-4-F,0,07 Not Classed,160,0,0,1,0,0,0,2,0,0,0,0,0,3,0,0,0,0,1,6,1,0,0,0,0,0,0,2,0,0,0,0,0,0,0,0,0,0
PR-47699,G01885 97675 jeep  Viton,31C-1-4-F,0,07 Not Classed,284,0,0,0,0,0,0,0,0,0,0,0,0,0,0,0,0,0,0,0,0,0,0,1,0,0,4,0,0,0,0,0,0,0,0,0,0,0
PR-47739,G02230 Oil seal,31C-2-4-F,0,07 Not Classed,195,0,0,0,0,0,0,0,0,0,0,0,0,0,0,0,0,0,0,0,0,0,0,0,0,0,0,0,0,0,0,0,0,0,0,0,0,0
PR-4777,"G20024, 97065 Nis 608212 LH",31C-3-3-B,0,07 Not Classed,311,0,0,0,0,0,6,0,0,0,0,0,0,0,0,0,4,0,0,0,0,0,0,0,0,0,0,0,0,0,0,0,0,0,0,0,0,0
PR-4780,"G00798, 97336  TC 32487",31C-2-4-F,0,07 Not Classed,41,0,0,0,0,0,0,0,0,0,0,0,0,0,0,0,0,0,0,0,0,0,0,0,0,0,4,0,0,0,0,0,0,0,0,0,0,0
PR-478010,"98099, 403404P, G03404  Seal",31C-3-4-F,0,07 Not Classed,169,0,0,1,0,0,0,0,0,0,0,3,0,0,0,0,0,0,3,7,0,0,0,0,0,0,2,0,0,0,0,0,0,1,1,0,0,0
PR-4781,G00447.97246.  38.55811 HTCR,31C-3-4-F,0,07 Not Classed,65,0,0,0,0,0,0,0,0,0,0,0,0,0,0,0,4,0,6,0,0,0,0,0,0,0,0,0,0,0,0,0,0,0,0,0,0,0
PR-4782,G01597.00154 97534 97422 25387,31D-3-2-B,0,07 Not Classed,421,0,0,0,0,0,0,0,0,1,0,0,0,0,0,0,0,0,0,0,0,0,0,0,0,0,4,0,0,0,6,0,0,0,0,0,0,0
PR-4784L,98156  TCL 385811 LH,31C-1-5-F,0,07 Not Classed,97,0,0,2,0,0,0,0,1,1,0,0,0,0,1,0,0,1,0,1,0,1,1,1,0,0,2,0,0,1,0,0,0,0,0,1,1,0
PR-4784M,"G00372,G00847, 97261 TB 385811",31C-2-5-F,0,07 Not Classed,200,0,1,2,3,2,1,3,1,0,0,0,0,0,0,2,0,0,1,0,0,0,0,0,0,0,1,0,0,0,1,0,0,1,1,2,1,1
PR-4784R,G00847 97261 TC 385811,30C-5-2-F*,0,07 Not Classed,328,0,0,2,7,1,9,1,0,3,0,0,1,5,0,0,8,1,2,0,0,1,0,0,1,1,0,0,0,0,1,3,0,0,0,0,0,0
PR-4785,G00164. 97212. 97136 387411,31C-2-5-F,0,07 Not Classed,192,0,0,0,0,1,1,0,0,0,1,0,0,0,1,0,0,0,2,0,0,0,0,0,0,0,1,1,0,0,1,1,1,0,0,0,0,0
PR-4786,"G00742, 97054, 98645  50709 SB",30C-1-3-F*,0,07 Not Classed,31,0,22,2,13,17,14,8,4,5,3,7,9,3,5,5,4,13,5,18,1,9,1,8,15,0,7,15,1,9,12,8,10,7,6,17,3,9
PR-4787 (PR-0032),G00494.97227  KC3Y 48629/24,31C-3-5-F,0,07 Not Classed,357,0,2,0,0,0,0,0,0,0,0,0,0,0,0,0,0,0,0,0,0,0,0,0,0,0,0,0,0,0,0,0,0,0,0,0,0,0
PR-4788,"G00016,97119 Toy TB 386512/19",31D-5-2-B,0,07 Not Classed,366,0,2,0,0,0,0,0,0,0,0,0,0,0,0,0,0,0,0,0,0,0,0,0,0,0,0,0,0,0,0,0,0,0,0,0,0,0
PR-4795,G00108 97072  TC3 47.5 70.6 9,31C-1-5-F,0,07 Not Classed,194,0,,,,,,,,,,,,,,,,,,,,,,,,,,,,,,,,,,,,
PR-4799,G01399 .97198  TC 456812,31C-1-5-F,0,07 Not Classed,210,0,0,0,0,0,0,0,0,0,0,0,0,0,0,0,0,0,0,0,0,0,0,0,0,0,2,0,0,0,0,0,0,0,0,0,0,0
PR-4800,"G02359, 97115  TC 44629",31C-2-5-F,0,07 Not Classed,83,0,0,0,0,0,0,0,0,0,0,0,0,0,0,0,0,7,0,0,0,0,0,0,0,0,0,4,-4,0,0,0,0,0,0,0,0,0
PR-4802,"G00067,G00407,97095 355511",31C-2-5-F,0,07 Not Classed,340,0,0,0,0,0,0,0,0,0,0,0,0,0,0,3,0,2,0,4,0,0,0,0,2,0,0,0,0,0,6,0,0,0,4,0,0,0
PR-48607,"G02982, 97779  48 60 7 RH",31C-3-5-F,0,07 Not Classed,231,0,1,0,0,0,0,0,0,0,0,0,0,0,0,0,3,0,0,0,0,0,0,4,0,7,0,0,0,1,0,0,4,1,4,0,0,0
PR-48627,Suzuki Swift W/Seal  48627/11.,31C-3-5-F,0,07 Not Classed,198,0,,,,,,,,,,,,,,,,,,,,,,,,,,,,,,,,,,,,
PR-48628,97930 TC7Y 48 62 8/13,31D-4-2-B,0,07 Not Classed,185,0,,,,,,,,,,,,,,,,,,,,,,,,,,,,,,,,,,,,
PR-487210,97476 Oil seal,31D-1-1-F,0,07 Not Classed,200,0,,,,,,,,,,,,,,,,,,,,,,,,,,,,,,,,,,,,
PR-48737,Cressida MX83  TB2 48 73 7,31D-1-1-F,0,07 Not Classed,200,0,0,0,0,0,0,0,0,0,0,0,0,0,1,0,0,0,0,0,0,0,0,0,0,0,0,0,0,0,0,0,0,0,0,0,0,0
PR-487510,G02379 97723  TC 48 75 10,31B-1-4-F,0,07 Not Classed,195,0,0,0,0,0,0,0,0,0,0,0,0,0,0,0,0,5,0,0,0,0,0,0,0,0,0,0,0,0,0,0,0,0,0,0,0,0
PR-4954,G00495  97066 97342 TC 40527,31B-1-4-F,0,07 Not Classed,635,0,0,0,0,0,0,0,0,0,0,0,0,0,0,0,0,1,0,0,0,0,0,0,0,0,0,0,0,0,0,0,0,0,0,0,0,0
PR-49699,"G02578,97379  49.2 69.8 9.9 TB",30C-2-3-F*,0,07 Not Classed,595,0,3,2,1,1,1,31,4,1,4,4,0,2,2,0,2,4,3,2,1,2,1,0,4,2,4,2,5,2,4,1,3,1,3,0,4,1
PR-5022,G01852 97668   TB 25.4X44.45X9,31D-3-1-F,0,07 Not Classed,300,0,,,,,,,,,,,,,,,,,,,,,,,,,,,,,,,,,,,,
PR-5024,G01853  97669 25.4X50.8X6.35,31D-2-1-F,0,07 Not Classed,200,0,,,,,,,,,,,,,,,,,,,,,,,,,,,,,,,,,,,,
PR-5030,G03090  TC 26.98X44.45X9.52,31D-2-1-F,0,07 Not Classed,199,0,,,,,,,,,,,,,,,,,,,,,,,,,,,,,,,,,,,,
PR-5047,"G02927,90066 97389 Oil Seal",31D-1-1-F,0,07 Not Classed,161,0,0,0,0,0,0,0,0,0,0,0,0,0,0,0,0,0,0,0,4,0,0,0,0,0,0,0,0,0,0,0,4,0,0,0,0,0
PR-50629,G01173. 97619 TB 50629 GD,31D-1-1-F,0,07 Not Classed,298,0,,,,,,,,,,,,,,,,,,,,,,,,,,,,,,,,,,,,
PR-5067,G01866 97275 TC 34.9 63.5 9.5,31D-2-1-F,0,07 Not Classed,175,0,,,,,,,,,,,,,,,,,,,,,,,,,,,,,,,,,,,,
PR-50675,"G03105, 97816  50675.5/7.5",31D-2-1-F,0,07 Not Classed,278,0,,,,,,,,,,,,,,,,,,,,,,,,,,,,,,,,,,,,
PR-50679,G03143 SUB  w/S 50679/13,31D-3-1-F,0,07 Not Classed,200,0,,,,,,,,,,,,,,,,,,,,,,,,,,,,,,,,,,,,
PR-50689,"98268, 461612N 50689/16",30C-3-3-F*,0,07 Not Classed,63,0,0,3,2,3,1,2,0,0,1,1,0,0,1,3,0,4,1,1,0,0,2,0,0,0,3,0,1,0,5,1,0,0,0,1,0,0
PR-507010,"97360,462900V,G02910,507010/16",30C-4-3-F*,0,07 Not Classed,229,0,0,0,0,0,6,0,0,0,0,0,0,0,6,0,0,0,4,0,0,0,0,0,0,2,5,0,0,0,0,10,0,0,0,0,0,0
PR-5073,"G01868, 97155 36.5 57.2 9.5 TC",31D-1-1-F,0,07 Not Classed,0,,0,0,0,0,0,35,0,0,0,0,0,0,0,0,0,0,0,0,0,0,0,0,0,0,0,0,0,0,0,0,0,0,0,0,0,0
PR-50759,Mitsubishi 98175   TB 50759,31D-2-1-F,0,07 Not Classed,500,0,,,,,,,,,,,,,,,,,,,,,,,,,,,,,,,,,,,,
PR-508011,"98267, 98269 Cam,Lex 508011/17",31D-2-1-F,0,07 Not Classed,110,0,0,0,1,0,0,0,3,0,0,0,0,0,0,1,0,0,0,0,0,0,0,1,0,0,2,0,0,1,2,1,0,0,0,0,0,0
PR-508016,G01074.98089 Cam 508016/23,31D-2-2-B,0,07 Not Classed,254,0,0,1,1,0,0,1,0,0,0,0,0,0,0,1,0,0,0,0,3,0,0,0,0,0,0,0,0,3,0,0,0,1,0,0,2,0
PR-5085,"G01080,97112.  39.7 57.1 9.5 M",31D-3-1-F,0,07 Not Classed,251,0,0,0,0,0,0,0,0,0,0,0,0,0,0,0,0,0,0,0,0,0,0,0,0,0,0,0,0,0,0,0,0,0,0,0,0,0
PR-5095,G01877 TC 41.3 66.7 9.5,31D-3-1-F,0,07 Not Classed,194,0,,,,,,,,,,,,,,,,,,,,,,,,,,,,,,,,,,,,
PR-5097,G00918  97142 TC 38.1 63.5 9.5,31D-1-5-F,0,07 Not Classed,141,0,0,0,0,0,0,0,0,0,0,0,0,2,0,0,0,0,0,4,0,0,0,3,0,0,0,0,0,0,0,0,0,0,0,0,0,0
PR-5107,G00100 97286 TC44.45 60.33 9.5,31D-1-5-F,0,07 Not Classed,209,0,,,,,,,,,,,,,,,,,,,,,,,,,,,,,,,,,,,,
PR-5112,44769 TC 44.45 76.2 9.5,31D-2-5-F,0,07 Not Classed,199,0,,,,,,,,,,,,,,,,,,,,,,,,,,,,,,,,,,,,
PR-52667,"G00454,G02581,97462",31D-2-5-F,0,07 Not Classed,156,0,0,0,0,0,0,0,0,0,0,0,0,0,0,0,0,0,0,0,0,0,0,0,0,0,0,0,0,0,0,0,0,0,1,0,0,0
PR-526911,98306  HTCKR 52.8 69.85 11,31D-3-5-F,0,07 Not Classed,295,0,0,0,0,0,0,0,0,0,0,0,0,0,0,0,0,0,0,0,0,0,0,0,0,1,0,0,0,0,0,0,0,0,0,0,0,0
PR-52769,G03093 97805 52.4 76.2 9.5 TC,31D-3-5-F,0,07 Not Classed,196,0,,,,,,,,,,,,,,,,,,,,,,,,,,,,,,,,,,,,
PR-53687,G02885 97489  TC 53 68.2 7,31D-3-2-B,0,07 Not Classed,564,0,,,,,,,,,,,,,,,,,,,,,,,,,,,,,,,,,,,,
PR-54649,98214 54 64/70 9/24 Oil seal,31D-5-2-B,0,07 Not Classed,193,0,0,0,0,0,0,0,0,0,0,0,0,0,0,0,2,0,0,0,0,0,0,0,0,0,0,1,0,0,0,1,0,0,0,0,0,0
PR-54697,G02902. G90119 54697/9.5,31D-1-5-F,0,07 Not Classed,188,0,,,,,,,,,,,,,,,,,,,,,,,,,,,,,,,,,,,,
PR-54707,G02546 97502 TB 54707/9.5,31D-1-5-F,0,07 Not Classed,299,0,,,,,,,,,,,,,,,,,,,,,,,,,,,,,,,,,,,,
PR-54768,G02582 98143 TB 54768/11,31D-2-5-F,0,07 Not Classed,285,0,,,,,,,,,,,,,,,,,,,,,,,,,,,,,,,,,,,,
PR-54828,G90099  98171 TB 54828/11,31D-3-5-F,0,07 Not Classed,198,0,,,,,,,,,,,,,,,,,,,,,,,,,,,,,,,,,,,,
PR-5504,"G03088,97802 47.6X68.25X9.5",31D-1-5-F,0,07 Not Classed,200,0,,,,,,,,,,,,,,,,,,,,,,,,,,,,,,,,,,,,
PR-5535 (PR-4501),"G00481, 97101, 35 49.2 9.5  LH",30C-5-3-F*,0,07 Not Classed,219,0,0,1,0,0,0,0,0,0,0,0,0,0,0,0,0,0,0,0,0,0,0,0,0,0,0,0,0,0,0,20,0,0,0,0,0,0
PR-5555,G01860 TC 34.92X47.63X6.4,31D-2-5-F,0,07 Not Classed,192,0,,,,,,,,,,,,,,,,,,,,,,,,,,,,,,,,,,,,
PR-5650,G02917  97265 TB 33.7X52.4X10.,31D-2-5-F,0,07 Not Classed,393,0,0,0,0,0,0,0,0,0,0,0,0,0,0,0,0,0,6,0,0,0,0,4,0,0,0,0,0,0,0,0,0,0,0,0,0,0
PR-56728,G03102 97813 TC 56 72.8 8/12,31D-3-5-F,0,07 Not Classed,204,0,0,0,0,0,6,0,0,0,0,0,0,0,0,0,0,0,0,0,0,0,0,0,0,0,0,0,0,0,0,0,0,0,0,0,0,0
PR-56738,"G00455, , 97463 56738/12",31D-1-3-F,0,07 Not Classed,235,0,,,,,,,,,,,,,,,,,,,,,,,,,,,,,,,,,,,,
PR-56766,G02905 97771 TB 56 76/80 6.3/1,31D-2-3-F,0,07 Not Classed,250,0,0,0,0,0,0,0,0,0,0,0,0,0,0,0,0,6,0,0,0,0,0,0,0,0,0,0,0,0,0,0,0,0,2,0,0,0
PR-57710,G02524 97735  HTCL 577710 LH,31D-3-3-F,0,07 Not Classed,192,0,0,0,1,0,0,0,0,0,0,0,0,0,0,0,0,0,0,0,0,0,0,0,0,0,0,0,0,0,0,0,0,0,0,0,0,0
PR-58727,G02970 97777 TB 58727 RH,31D-1-3-F,0,07 Not Classed,218,0,0,0,0,0,0,1,0,0,0,0,0,0,0,0,0,0,0,0,0,0,0,0,0,0,0,0,2,0,0,0,0,0,1,0,0,0
PR-58729,"G00180, 97541  TC 58729",31D-2-3-F,0,07 Not Classed,1322,0,,,,,,,,,,,,,,,,,,,,,,,,,,,,,,,,,,,,
PR-587410,"G00424, 97447 Dai M/S 587410 L",31C-3-3-B,0,07 Not Classed,123,0,,,,,,,,,,,,,,,,,,,,,,,,,,,,,,,,,,,,
PR-58759,98033 HUB ROD O/S  58759/14.5R,31D-3-3-F,0,07 Not Classed,290,0,,,,,,,,,,,,,,,,,,,,,,,,,,,,,,,,,,,,
PR-597510,"G03297, 97425 GM/H TB 597510",31D-3-3-F,0,07 Not Classed,100,0,0,0,0,2,0,2,2,0,0,0,0,0,0,2,0,0,4,4,2,0,0,0,4,0,0,0,0,2,0,0,0,0,2,0,2,1
PR-59758,"G03069,97799 TB 59 45/80 8.8/1",31D-1-3-F,0,07 Not Classed,189,0,,,,,,,,,,,,,,,,,,,,,,,,,,,,,,,,,,,,
PR-6042,"G01647,97050 For TC 9.5 17.5 4",31D-2-3-F,0,07 Not Classed,3452,0,0,0,0,0,0,0,0,0,0,2,0,0,0,0,0,1,0,0,0,0,0,0,0,0,0,0,0,0,0,0,0,0,0,0,0,0
PR-6043,G01870 97292  TC 38.1 57.1 9.5,31D-2-3-F,0,07 Not Classed,269,0,0,0,0,0,0,0,0,0,0,0,0,0,0,0,0,1,0,0,0,0,0,0,0,0,0,0,0,0,0,0,0,0,0,0,0,0
PR-608010,98147 KCW9 60 80 10/15,31C-1-4-B,0,07 Not Classed,300,0,,,,,,,,,,,,,,,,,,,,,,,,,,,,,,,,,,,,
PR-60808,"G00888, 01341,97186 60808 LH",31C-1-4-B,0,07 Not Classed,50,0,0,0,0,0,0,0,1,0,0,0,0,0,0,0,0,0,0,1,0,0,2,0,0,0,0,0,0,0,0,0,0,0,0,0,0,0
PR-6082,"G00868, G00943,  97600 25356RH",30C-1-3-F*,0,07 Not Classed,1012,0,2,4,11,0,3,2,2,1,1,-7,7,3,3,1,7,2,4,6,0,7,0,6,0,0,3,11,3,0,0,2,1,8,1,8,4,1
PR-608212,G00176 97539  TCR 608212,31C-2-4-B,0,07 Not Classed,95,0,,,,,,,,,,,,,,,,,,,,,,,,,,,,,,,,,,,,
PR-6084,"G01618, 97287 P  TC 356512",31D-3-3-F,0,07 Not Classed,91,0,0,0,0,0,0,0,0,0,0,0,0,0,0,0,0,0,6,0,0,0,0,0,0,0,0,0,0,6,0,0,0,0,0,0,0,0
PR-6085,"G01603, 97170  TC 42557",30C-2-3-F*,0,07 Not Classed,360,0,0,1,0,1,1,0,0,0,0,0,0,11,0,0,0,0,0,0,0,0,0,8,0,0,0,0,0,6,0,0,0,0,10,0,0,0
PR-6093,G01847  TC 22.23 34.93 6.4,31D-1-2-B,0,07 Not Classed,227,0,,,,,,,,,,,,,,,,,,,,,,,,,,,,,,,,,,,,
PR-6099,"G01669, 97192 49.2 63.5 6.35",31D-1-4-F,0,07 Not Classed,150,0,0,2,1,0,0,0,0,0,0,0,0,0,0,0,4,0,2,0,0,0,0,0,0,0,0,0,4,2,0,0,0,0,0,0,0,0
PR-6101,G00592 97132 TB 38.1 50.8 6.4,31D-1-4-F,0,07 Not Classed,1350,0,,,,,,,,,,,,,,,,,,,,,,,,,,,,,,,,,,,,
PR-6194,"G02897, 97089 TB 34.7 57.4 11.",31D-2-4-F,0,07 Not Classed,159,0,0,0,2,2,0,0,0,0,0,1,2,0,0,0,0,0,0,2,0,0,0,0,0,0,0,0,0,0,0,0,0,0,0,0,0,0
PR-6202,"G00118, 97297 HTCR 50729",31D-2-4-F,0,07 Not Classed,217,0,0,0,0,0,0,0,0,0,0,0,0,0,0,0,0,0,0,0,0,0,0,0,2,0,6,0,0,0,0,0,0,0,1,0,0,0
PR-6203,G01706  97277  TC 658811,31C-2-4-B,0,07 Not Classed,192,0,,,,,,,,,,,,,,,,,,,,,,,,,,,,,,,,,,,,
PR-6205,"G00418,  97081, HTCR 48709",31D-3-4-F,0,07 Not Classed,136,0,0,0,0,0,0,0,-8,0,0,0,0,0,0,0,0,0,0,0,0,0,0,0,0,0,0,0,0,0,0,0,0,0,0,0,0,0
PR-6211,"G02921, 97091 DCY 497315/20",31D-3-4-F,0,07 Not Classed,162,0,0,0,0,0,0,0,0,0,0,0,0,0,0,0,3,3,0,0,0,0,0,0,0,0,0,0,0,0,0,0,0,0,0,0,0,0
PR-6229,"G01673, 97108 TB 44.5 59.1.11.",31D-1-4-F,0,07 Not Classed,294,0,0,0,0,0,6,0,0,0,0,0,2,0,0,0,4,0,0,0,0,0,0,4,0,12,0,0,0,0,0,0,0,0,0,0,0,0
PR-6231,"G01670, 97123 38.1 60.33 12",30C-3-3-F*,0,07 Not Classed,78,0,5,0,4,1,6,0,0,0,0,0,0,3,0,1,1,0,0,0,1,0,0,3,0,0,1,3,0,0,0,0,0,2,2,0,0,0
PR-6232,"G01671, 97118  44.8 61.2 9.5",30C-4-3-F*,0,07 Not Classed,817,0,0,2,6,3,0,2,5,5,0,2,0,0,0,2,4,0,1,3,1,2,1,1,0,1,0,0,0,1,1,2,1,0,2,1,0,0
PR-6245,G90006 97834   7710011.5 LH,31C-3-4-B,0,07 Not Classed,95,0,,,,,,,,,,,,,,,,,,,,,,,,,,,,,,,,,,,,
PR-628513,G00179  TCY 62 85/93 13,31C-1-4-B,0,07 Not Classed,100,0,,,,,,,,,,,,,,,,,,,,,,,,,,,,,,,,,,,,
PR-62858,"G02873, 97765 TA7Y 62858/17",31C-3-4-B,0,07 Not Classed,65,0,0,0,0,2,-2,0,0,0,0,0,0,0,0,0,0,2,0,0,4,0,0,0,0,0,0,0,0,2,2,0,0,0,0,0,0,0
PR-6295,G02195 97110 TB 44.45 60.32 9.,31D-2-4-F,0,07 Not Classed,4,0,0,0,0,0,0,0,0,0,0,0,0,0,0,0,0,0,0,0,0,0,0,0,0,0,0,0,0,0,0,0,0,0,0,0,0,0
PR-6296,G00546 97986  TC 25427,31D-3-4-F,0,07 Not Classed,105,0,,,,,,,,,,,,,,,,,,,,,,,,,,,,,,,,,,,,
PR-6302,"G02520, 97125  TC5Y  40525",31D-3-4-F,0,07 Not Classed,500,0,,,,,,,,,,,,,,,,,,,,,,,,,,,,,,,,,,,,
PR-6312,G02605  95195  TC 729212,31C-1-4-B,0,07 Not Classed,197,0,,,,,,,,,,,,,,,,,,,,,,,,,,,,,,,,,,,,
PR-6332,G00789  97176  41.3 60.3 9.5,31D-1-4-F,0,07 Not Classed,173,0,0,0,0,0,0,0,0,0,0,0,0,0,0,0,0,0,0,0,0,0,0,0,0,0,0,2,0,0,0,0,0,0,0,0,0,0
PR-6350,"G01733, 47.75 65.05 11.7",31D-2-4-F,0,07 Not Classed,43,0,0,0,0,0,0,0,0,0,0,0,0,0,0,0,0,0,0,0,0,0,0,0,0,0,0,0,0,0,0,0,0,0,0,0,0,0
PR-6354,G01676. 97348   28.2 41.3 6.4,31D-3-4-F,0,07 Not Classed,482,0,0,0,0,0,0,0,0,0,0,0,0,0,1,0,0,0,0,0,0,0,0,0,0,0,0,0,0,0,0,0,0,0,0,0,0,0
PR-6361,"G01115,97188 12.7 19.05 5",31D-3-4-F,0,07 Not Classed,490,0,0,0,0,0,0,0,0,0,0,0,0,2,0,0,0,0,0,0,2,0,0,4,0,0,6,0,0,0,0,0,4,0,0,0,0,0
PR-6370,"G02516, 97070 42.1 66.7 9.7",30C-5-3-F*,0,07 Not Classed,255,0,0,0,0,0,15,0,0,0,0,0,0,0,0,0,0,0,0,0,20,0,0,0,0,1,0,3,0,0,2,0,0,0,0,0,0,0
PR-6373,G00075. 97524   TC 38529.5,31B-2-4-F,0,07 Not Classed,217,0,0,0,0,0,0,0,0,0,0,0,0,0,0,0,0,0,0,4,0,0,0,0,0,0,0,0,0,4,0,0,0,0,0,0,0,0
PR-6374,G00413  97148  TB 41567,31B-2-2-F,0,07 Not Classed,185,0,0,0,0,0,0,0,0,0,0,0,0,0,0,0,0,0,0,0,4,0,0,2,0,0,0,1,6,0,0,0,0,0,0,0,0,0
PR-6375,"G01353,97073  TC 42558",31B-2-2-F,0,07 Not Classed,539,0,0,0,0,2,0,20,0,2,0,0,1,0,1,0,2,1,0,0,0,0,0,0,0,1,0,1,0,1,0,0,0,0,0,1,0,11
PR-6376,G00848  97060 TC 406210,31A-1-5-F,0,07 Not Classed,144,0,0,0,0,0,0,0,0,0,0,0,2,0,0,0,0,0,0,0,0,0,0,0,0,0,0,0,0,0,0,0,0,0,0,0,0,0
PR-6377,G00257 G01090 97338 30458 TC,31A-1-5-F,0,07 Not Classed,500,0,0,0,0,0,0,0,0,0,0,0,0,0,0,0,0,0,0,0,0,0,0,0,0,4,0,0,0,0,0,0,0,0,0,0,0,0
PR-6378,"G00982,97078 For TCV 45656",31D-1-2-B,0,07 Not Classed,55,0,,,,,,,,,,,,,,,,,,,,,,,,,,,,,,,,,,,,
PR-6379,"G01719, 97241  44.2 59.3 11.9",31B-3-4-F,0,07 Not Classed,81,0,0,0,0,0,0,0,0,0,0,0,0,0,0,0,4,0,0,0,0,0,0,0,0,0,0,0,0,0,0,0,0,0,0,0,0,0
PR-6380,"G01677, 97211 TC  44.5 72.5 15",31B-3-4-F,0,07 Not Classed,824,0,0,0,0,0,0,0,0,0,0,0,0,0,0,0,0,2,0,10,0,0,0,0,0,0,0,0,0,6,0,0,0,0,0,0,0,0
PR-6392,"G00593, 97064  TC 38.1 52.4 6.",31C-3-5-F,0,07 Not Classed,193,0,,,,,,,,,,,,,,,,,,,,,,,,,,,,,,,,,,,,
PR-6401,G02574 97341 TB 47.6 70.1 10.9,31C-3-5-F,0,07 Not Classed,494,0,0,0,0,0,0,0,0,0,0,0,0,0,0,0,10,10,0,0,0,0,0,4,1,0,0,0,0,0,0,0,0,0,0,4,0,0
PR-6402,"G03687. G90990, 97894",31D-1-2-B,0,07 Not Classed,60,0,0,0,0,0,0,0,0,0,0,0,0,0,0,0,8,0,0,0,0,0,0,0,0,0,0,0,0,0,0,0,0,0,0,0,0,0
PR-6408,"G00315,97231 W/S SA2 355810",31A-2-5-F,0,07 Not Classed,174,0,0,0,0,0,0,0,0,0,0,0,0,0,0,0,0,0,0,0,0,1,0,0,0,0,0,0,0,0,0,0,0,0,0,0,0,0
PR-6424,G00818  97591   TC 7010012,31C-2-4-B,0,07 Not Classed,192,0,0,0,0,0,0,0,0,0,0,0,0,0,0,0,0,0,0,0,0,0,0,0,0,0,0,0,0,0,0,0,0,0,0,0,0,0
PR-6427,"G00345, 97340 Dy TBR  488212",31A-2-5-F,0,07 Not Classed,191,0,0,0,0,0,0,0,0,0,0,0,0,0,0,0,0,0,0,0,0,0,0,0,0,0,0,0,1,0,0,0,0,0,0,0,0,0
PR-6428,"G00493, 97294  TB 48627/8.8",31A-1-1-B,0,07 Not Classed,386,0,0,0,0,0,0,0,0,0,0,0,0,0,0,0,0,0,0,0,0,0,0,0,0,0,2,0,0,0,0,0,0,0,0,0,0,0
PR-6430,"G00073, 97163  TB 38526",31A-1-1-B,0,07 Not Classed,367,0,0,0,0,0,0,0,0,0,0,0,0,0,0,0,0,0,0,0,0,0,4,0,4,0,0,0,0,0,0,0,0,0,0,0,0,0
PR-6432,"G02051, 97334, 42567 RH",31A-2-1-B,0,07 Not Classed,456,0,0,0,0,0,1,0,0,0,0,0,0,0,1,0,0,0,0,0,0,0,0,0,0,0,0,0,0,0,0,0,0,0,0,0,0,0
PR-6434,"G00182, 97543  TC 658510",31C-2-4-B,0,07 Not Classed,197,0,0,0,0,0,0,0,0,0,0,0,0,0,0,0,0,0,0,0,0,0,0,0,1,0,0,0,0,0,0,0,0,0,0,0,0,0
PR-6465,"G00435, 97144 97285. 8010012 L",31C-3-4-B,0,07 Not Classed,477,0,0,0,0,0,0,0,0,0,0,1,0,0,0,0,0,0,0,0,0,0,0,0,0,0,0,0,0,0,0,0,0,0,0,0,0,0
PR-6467,G02945.97319. 46  76.2 9.5 TB,31A-2-1-B,0,07 Not Classed,197,0,0,0,0,2,0,0,0,0,0,0,0,0,0,0,0,0,0,0,0,0,0,0,0,0,0,2,0,0,0,0,6,0,0,0,0,10
PR-6472,G01093. 97611  TC 325812,31A-3-1-B,0,07 Not Classed,143,0,,,,,,,,,,,,,,,,,,,,,,,,,,,,,,,,,,,,
PR-6474,"G00280, 97097 98184  TC 24408",31A-3-1-B,0,07 Not Classed,264,0,0,0,4,0,0,0,0,0,0,0,3,0,0,0,0,20,0,0,0,0,0,0,0,0,0,1,0,2,0,0,0,0,0,0,0,0
PR-6475,"G00032, 97157  38559 RH",30C-1-4-F*,0,07 Not Classed,501,0,0,2,0,0,0,2,0,0,0,0,0,0,0,1,0,0,6,0,0,0,0,0,1,0,0,5,0,0,0,7,0,0,0,0,0,0
PR-6476,"G01183,97189  10012010 LH",31C-1-4-B,0,06 First Sale in FY26,199,0,0,0,0,0,0,0,0,0,0,0,0,0,0,0,0,0,0,0,0,0,0,0,0,0,0,0,0,0,0,0,0,0,0,1,0,0
PR-6478,"G00160, 97331  TC 325211",31A-1-1-B,0,07 Not Classed,73,0,0,0,0,0,6,0,0,0,0,0,0,0,0,0,4,0,0,0,3,0,0,4,4,10,0,0,0,0,0,2,0,0,0,3,0,0
PR-6479,"G00148, 97403 L300 20307 RH",31A-2-1-B,0,07 Not Classed,516,0,1,2,0,0,1,0,0,0,0,0,0,0,0,0,0,0,0,0,0,0,0,0,0,0,0,2,0,1,0,0,0,0,0,0,0,1
PR-6482,G00790  97587  TC 13257,31A-2-1-B,0,07 Not Classed,289,0,0,0,0,0,0,0,0,0,0,0,0,0,0,0,0,0,0,0,0,0,0,0,0,0,0,0,0,0,0,0,0,0,1,0,0,0
PR-6490,"G01678, 97117 41.3 64.3/65 11.",31A-3-1-B,0,07 Not Classed,364,0,0,0,0,2,-2,0,0,0,0,0,0,0,0,0,0,0,0,0,0,0,0,0,8,0,0,0,0,0,0,0,0,0,0,0,0,0
PR-6492,G00421 97079   TB 52659,31A-3-1-B,0,07 Not Classed,737,0,2,2,0,0,0,0,0,0,0,0,0,0,0,0,4,0,6,0,0,0,0,0,0,0,0,0,0,0,0,0,0,0,0,0,0,0
PR-6493,"G00450, 97109  708812 LH",31C-1-4-B,0,07 Not Classed,326,0,,,,,,,,,,,,,,,,,,,,,,,,,,,,,,,,,,,,
PR-6494,G01094 97348 354813/15,31A-1-1-B,0,07 Not Classed,113,0,0,0,0,0,0,0,0,0,0,0,0,0,0,0,0,0,0,0,0,0,0,0,0,0,1,0,0,0,0,0,0,0,0,0,0,0
PR-6495,"G00451,97190 TC 325410",31A-1-1-B,0,07 Not Classed,390,0,,,,,,,,,,,,,,,,,,,,,,,,,,,,,,,,,,,,
PR-6496,"G00384,00443  97337 27439 RH",31A-2-1-B,0,07 Not Classed,210,0,0,0,0,0,0,0,0,0,0,0,0,2,0,0,0,0,0,0,0,0,0,0,2,0,0,0,0,0,0,0,0,0,0,0,0,0
PR-6498,"G00025,97175 Cel 7510013 LH",31C-2-4-B,0,07 Not Classed,301,0,,,,,,,,,,,,,,,,,,,,,,,,,,,,,,,,,,,,
PR-6502,"G00975, 97085  TB 40545",31A-2-1-B,0,07 Not Classed,290,0,0,0,0,0,0,0,0,0,0,0,0,0,0,0,0,0,0,0,0,0,0,0,0,0,0,0,0,0,0,2,0,0,0,0,0,0
PR-6503,"G00410,97107 TB   406412",31-A-5-3,0,07 Not Classed,285,0,0,0,0,1,0,0,0,0,0,0,0,0,0,0,0,0,0,0,0,0,0,0,0,0,0,0,0,0,0,0,0,0,0,0,0,0
PR-6504,"Ford,Mazda,Toyo Pin  TC  8166",31A-3-1-B,0,07 Not Classed,412,0,,,,,,,,,,,,,,,,,,,,,,,,,,,,,,,,,,,,
PR-6505,"G00026,97220  8010513 LH",31C-2-4-B,0,07 Not Classed,266,0,,,,,,,,,,,,,,,,,,,,,,,,,,,,,,,,,,,,
PR-6506,G00416 97366 487012 RH,31A-1-2-B,0,07 Not Classed,246,0,,,,,,,,,,,,,,,,,,,,,,,,,,,,,,,,,,,,
PR-6511,"G00400, 97161 Mit 32487RH",31A-1-2-B,0,07 Not Classed,733,0,,,,,,,,,,,,,,,,,,,,,,,,,,,,,,,,,,,,
PR-6512,"G00327,97106  TC  446511",31A-2-2-B,0,07 Not Classed,343,0,0,0,0,0,6,0,0,0,0,0,0,0,0,0,0,5,6,0,0,0,0,0,0,0,0,0,0,0,0,0,0,0,8,0,0,10
PR-6518,G01723 97339  TC 36.5 59.1 6.4,31A-2-2-B,0,07 Not Classed,142,0,0,0,0,0,0,0,0,0,2,0,0,0,0,0,0,0,0,0,0,0,2,0,0,0,0,0,0,0,0,0,0,0,3,0,0,0
PR-6521,"G02042, 97354, 402896 Oil seal",31-A-5-4,0,07 Not Classed,284,0,0,0,0,0,0,20,0,0,0,0,0,0,0,0,0,0,2,0,4,0,0,0,0,0,0,0,0,0,0,0,0,0,0,0,0,0
PR-6525,"G00912, 97147 TBR 30.1 43.6 12",31A-3-2-B,0,07 Not Classed,487,0,,,,,,,,,,,,,,,,,,,,,,,,,,,,,,,,,,,,
PR-6533,G90082 97755  SB 34.6 52.86 11,31A-1-2-B,0,07 Not Classed,275,0,,,,,,,,,,,,,,,,,,,,,,,,,,,,,,,,,,,,
PR-6534,"G01257,97159 SUB 356712/18",31A-1-2-B,0,07 Not Classed,145,0,0,0,0,0,0,0,0,0,0,0,0,2,0,0,0,10,0,0,0,0,0,0,0,0,0,0,0,0,0,0,0,0,3,0,0,10
PR-6536=PR-0069,G02598. 97138   nissan F/S,31A-2-1-F,0,07 Not Classed,0,,,,,,,,,,,,,,,,,,,,,,,,,,,,,,,,,,,,,
PR-6539,"G01724 ,97100,98323 50689 RH",31A-2-2-B,0,07 Not Classed,166,0,0,0,2,0,0,0,0,1,0,0,0,0,0,0,0,0,0,0,0,0,0,0,0,0,1,4,0,2,0,0,0,0,0,3,0,0
PR-6540,"G01302,97208  8210513 LH",31C-3-4-B,0,07 Not Classed,62,0,0,0,0,0,0,0,0,0,0,0,0,0,0,0,0,0,0,0,0,0,0,0,0,0,0,0,1,0,0,0,0,0,0,0,0,0
PR-6559,"G00005 Sigma,Gal 72969 LH",31C-3-4-B,0,07 Not Classed,52,0,0,0,0,0,0,0,0,0,0,0,0,0,0,0,0,0,0,0,0,0,0,0,0,0,0,0,0,0,0,0,0,0,0,0,2,-2
PR-6567,G00132  TC 63.5 82.55 12.7,31C-1-5-B,0,07 Not Classed,194,0,,,,,,,,,,,,,,,,,,,,,,,,,,,,,,,,,,,,
PR-6571,G02000 97680  60 80 82.5 9 12.,31A-2-2-B,0,07 Not Classed,184,0,,,,,,,,,,,,,,,,,,,,,,,,,,,,,,,,,,,,
PR-6576,G01881 97355 TB 44.5 69.8 9.5,31A-3-2-B,0,07 Not Classed,162,0,0,0,0,0,0,0,0,0,0,0,0,0,0,0,0,6,0,0,0,0,0,0,0,0,0,0,0,0,0,0,0,0,0,0,0,0
PR-65817,"G90123, 98194. 97781 65817 RH",31A-3-2-B,0,07 Not Classed,129,0,,,,,,,,,,,,,,,,,,,,,,,,,,,,,,,,,,,,
PR-65828,97427  TB 65 82/95 13,31C-1-5-B,0,07 Not Classed,264,0,,,,,,,,,,,,,,,,,,,,,,,,,,,,,,,,,,,,
PR-65849,G00430 97565  65849 RH,31C-2-5-B,0,07 Not Classed,488,0,0,0,0,0,0,0,0,0,0,0,0,0,0,0,0,0,6,0,0,0,0,0,0,0,0,0,0,0,0,0,0,0,0,0,0,0
PR-6586,"G00402, 97063  355011 LH",31A-1-2-B,0,07 Not Classed,117,0,0,2,0,3,2,0,0,1,0,0,0,2,0,0,0,0,2,0,0,0,0,0,1,0,0,0,0,1,0,0,0,0,0,0,0,0
PR-6587,G00877  97317   34507 RH,31A-1-2-B,0,07 Not Classed,264,0,,,,,,,,,,,,,,,,,,,,,,,,,,,,,,,,,,,,
PR-6589,"G00038G00444G0071797335,97567",31A-2-2-B,0,07 Not Classed,804,0,0,0,0,0,0,0,0,0,0,0,0,0,0,0,0,0,0,0,0,0,0,0,0,0,0,0,0,0,2,0,0,0,0,0,0,0
PR-6614,"G02810, 97051 TB 50.8 66.6 7.1",31A-2-2-B,0,07 Not Classed,276,0,0,0,0,0,0,0,0,0,0,0,0,0,0,0,2,0,0,0,3,0,0,0,0,0,2,0,0,2,0,0,0,0,0,0,0,0
PR-6640,G01718 Gemini  38 52 62 8.5,31A-3-2-B,0,07 Not Classed,111,0,0,0,0,0,0,0,0,0,0,0,0,2,0,0,0,0,0,0,0,0,0,0,0,0,0,0,0,0,2,0,0,0,0,0,0,0
PR-6641,"G01725, 97141 37.3 59.1 15",31A-3-2-B,0,07 Not Classed,314,0,0,0,1,5,0,0,6,0,0,0,0,0,0,0,0,0,2,0,0,10,0,2,0,0,0,0,0,0,0,0,0,6,0,0,0,0
PR-6642,"G02118,97281 36.5 59.1 67.5 12",31A-1-3-B,0,07 Not Classed,479,0,,,,,,,,,,,,,,,,,,,,,,,,,,,,,,,,,,,,
PR-6643,G90059 97846 36.5 59.1 9.5,31A-1-3-B,0,07 Not Classed,129,0,,,,,,,,,,,,,,,,,,,,,,,,,,,,,,,,,,,,
PR-6645,"G02749, 97302  TC 527210",31A-2-3-B,0,07 Not Classed,191,0,,,,,,,,,,,,,,,,,,,,,,,,,,,,,,,,,,,,
PR-6646,G90049  97101 35 49.2 12.5,31A-2-3-B,0,07 Not Classed,333,0,,,,,,,,,,,,,,,,,,,,,,,,,,,,,,,,,,,,
PR-6647R,G00481R.GO2953  35 49.5 11.1 R,31A-3-3-B,0,07 Not Classed,311,0,,,,,,,,,,,,,,,,,,,,,,,,,,,,,,,,,,,,
PR-6666,"G01681, 97322  41.4 76 12.7",31A-3-3-B,0,07 Not Classed,249,0,2,1,0,0,0,0,0,0,0,0,6,2,0,0,2,0,0,0,0,0,0,0,0,0,2,0,8,0,0,1,0,0,0,0,0,6
PR-6671,"G00088,97103  TB 41537",31A-1-3-B,0,07 Not Classed,163,0,0,0,1,0,0,1,0,0,0,0,0,0,0,0,0,0,0,0,0,0,0,1,0,0,0,0,0,0,0,0,0,0,0,0,0,0
PR-66808,TO.Tarago 4wd Rea W/S 66808/10,31C-2-5-B,0,07 Not Classed,198,0,,,,,,,,,,,,,,,,,,,,,,,,,,,,,,,,,,,,
PR-6693,"G02875, 97252 34.8 59.2 13.5",31A-1-3-B,0,07 Not Classed,286,0,0,0,0,0,0,0,0,0,0,0,0,0,0,0,2,0,0,0,0,0,0,0,0,5,0,0,0,0,0,0,0,0,0,0,0,0
PR-679012,G90107 97464 TB 679012/19,31C-3-5-B,0,07 Not Classed,174,0,,,,,,,,,,,,,,,,,,,,,,,,,,,,,,,,,,,,
PR-68888,"G02434,G03060,97792 6888.18",31C-3-5-B,0,07 Not Classed,254,0,0,0,0,0,0,0,0,0,0,0,0,0,0,0,0,0,0,0,0,0,1,0,0,0,0,0,0,0,0,0,0,0,0,0,0,0
PR-689513,G01988.97486.689513 LH,31C-1-5-B,0,07 Not Classed,158,0,0,0,0,0,0,0,0,0,0,0,0,0,0,0,4,0,0,0,0,0,0,0,0,0,0,0,2,0,2,0,0,0,0,0,0,0
PR-7001,G02526  97736  526810 RH,31A-2-3-B,0,07 Not Classed,466,0,,,,,,,,,,,,,,,,,,,,,,,,,,,,,,,,,,,,
PR-7012,"G00449, 97171 98017/8 44607 RH",30C-2-4-F*,0,07 Not Classed,1015,0,6,4,5,1,0,7,4,3,1,6,8,12,2,6,5,3,5,2,0,7,0,5,0,0,8,8,9,5,0,2,2,1,0,10,2,0
PR-7013,"G00211, G00442, 97332, 98019",30C-3-4-F*,0,07 Not Classed,710,0,2,4,5,1,6,6,5,2,0,1,7,3,4,6,4,3,5,2,0,3,0,4,2,0,4,4,4,5,2,2,2,10,0,12,4,0
PR-7017,"G00103, 97315 Miu F/W TB 45626",31A-3-3-B,0,07 Not Classed,545,0,0,0,0,0,0,0,0,0,0,0,0,0,0,0,0,0,0,0,0,0,0,0,0,2,6,0,10,0,0,0,0,0,2,0,0,0
PR-7019,"G02105,97069 MITi t/c 486811 R",31A-1-3-B,0,07 Not Classed,442,0,0,0,0,0,6,12,0,0,0,0,0,0,0,0,0,0,0,0,0,0,0,0,0,0,0,0,0,0,0,0,0,0,0,0,0,0
PR-7020 (PR-0515),"G00433, 97223 98105  80969 LH",31C-1-5-B,0,07 Not Classed,446,0,0,0,1,0,0,0,0,0,0,0,1,0,0,0,0,0,0,0,0,0,0,0,0,0,1,0,0,0,0,0,0,0,0,0,0,0
PR-7025,"G00005, 97230 Mit R/M 72969 LH",31C-2-5-B,0,07 Not Classed,27,0,0,0,1,0,0,0,0,0,0,0,1,0,0,2,2,1,1,0,0,0,0,0,0,0,1,0,0,0,0,0,0,1,0,0,2,0
PR-7028,G00491 97283 TB 46 59.1 12,31A-1-3-B,0,07 Not Classed,126,0,0,0,0,0,6,0,0,0,0,0,0,0,0,0,0,0,0,0,0,0,0,0,0,4,0,0,0,0,0,6,0,0,0,0,0,0
PR-7062,"G00437, 97057  9511512 LH",31C-2-5-B,0,07 Not Classed,157,0,0,0,0,0,0,0,0,0,0,0,1,0,0,0,0,0,0,0,0,0,0,0,0,0,0,0,1,0,0,0,0,0,0,0,0,0
PR-7065,G01826 97214 W/S SB-47629,31A-2-3-B,0,07 Not Classed,580,0,0,0,0,0,0,0,0,0,0,0,0,0,0,0,4,0,0,0,0,0,0,2,0,0,0,0,0,0,2,0,0,0,0,0,0,0
PR-7073,G00115 97061 KC 506711,31A-2-3-B,0,07 Not Classed,271,0,0,0,0,0,0,0,0,0,0,0,0,0,0,0,0,0,0,0,0,0,0,0,0,0,0,0,0,0,0,0,0,0,1,0,0,0
PR-7075,"G00127,97084 TB 546513",31A-3-3-B,0,07 Not Classed,313,0,,,,,,,,,,,,,,,,,,,,,,,,,,,,,,,,,,,,
PR-7077,G20029. 97059  OTY 52677/8.5,31A-3-3-B,0,07 Not Classed,230,0,,,,,,,,,,,,,,,,,,,,,,,,,,,,,,,,,,,,
PR-7078,G00037  97930 TCY 48 62/63 13,31A-1-4-B,0,07 Not Classed,95,0,,,,,,,,,,,,,,,,,,,,,,,,,,,,,,,,,,,,
PR-7079,G00030 97203 TCY 52 68/69 13,31A-1-4-B,0,07 Not Classed,244,0,,,,,,,,,,,,,,,,,,,,,,,,,,,,,,,,,,,,
PR-7080,97132  TB 38.1 50.5 6.4,31A-2-4-B,0,07 Not Classed,286,0,,,,,,,,,,,,,,,,,,,,,,,,,,,,,,,,,,,,
PR-7081 (PR-0072),"G00079,G00803, 97312 39/50.4/9",31A-2-4-B,0,07 Not Classed,284,0,0,0,0,0,0,0,0,0,0,0,0,0,0,0,0,0,0,0,0,0,0,0,0,0,0,0,0,0,0,0,0,0,0,0,0,0
PR-7082,G00096 97293  TB 43547.5,31A-3-4-B,0,07 Not Classed,214,0,0,0,0,0,0,0,0,0,0,0,0,0,0,0,0,0,0,0,0,0,0,0,0,0,2,0,0,4,0,0,0,0,0,0,0,0
PR-708710,Subaru 1.6 Rear 708710 LH,31C-3-5-B,0,07 Not Classed,80,0,,,,,,,,,,,,,,,,,,,,,,,,,,,,,,,,,,,,
PR-70948,"G03264, 97967  TAY 70948/10",31C-3-5-B,0,07 Not Classed,70,0,0,0,0,0,6,0,0,0,0,0,0,4,0,0,0,0,2,0,0,0,0,0,0,10,0,0,0,0,0,0,0,0,2,0,0,0
PR-7103,G00341 97058 TC 557812,31A-3-4-B,0,07 Not Classed,251,0,0,0,0,0,0,0,0,0,0,0,0,0,0,0,10,0,0,0,0,0,0,0,0,0,0,0,0,0,0,0,4,0,4,0,0,0
PR-7107,"G00422, 97203 KBY 52687/13",31A-1-4-B,0,07 Not Classed,99,0,0,0,0,0,0,0,0,0,0,0,0,0,0,0,0,0,0,0,0,0,0,0,0,0,0,0,0,0,0,0,0,0,0,0,0,0
PR-7108,"G00121, Maz F/w TB 51636",31A-1-4-B,0,07 Not Classed,380,0,0,0,0,0,0,0,0,0,0,0,0,0,0,0,0,0,0,0,0,0,0,0,0,0,0,0,0,0,0,0,0,0,0,0,0,0
PR-7109,G02572.97330  tb  42547,31A-2-4-B,0,07 Not Classed,711,0,,,,,,,,,,,,,,,,,,,,,,,,,,,,,,,,,,,,
PR-7160,"G02117, 97201 426512W/S",31A-2-4-B,0,07 Not Classed,214,0,0,0,0,0,0,0,0,0,0,0,0,0,0,0,0,0,0,0,0,0,0,0,0,0,0,0,0,0,0,0,0,0,0,0,0,0
PR-7162,G00499 97088 YC7Y 506613/16,31A-3-4-B,0,07 Not Classed,328,0,,,,,,,,,,,,,,,,,,,,,,,,,,,,,,,,,,,,
PR-7196,"G00684, 97165 TY 62858/10",31C-1-5-B,0,07 Not Classed,300,0,0,0,0,0,2,0,2,0,1,0,0,0,0,0,0,0,1,0,0,0,0,0,0,2,0,0,0,4,0,0,0,0,0,0,0,0
PR-7215,"G01715,HN056,97213 9210810 LH",31C-1-5-B,0,07 Not Classed,91,0,0,0,0,0,1,0,0,0,0,0,0,0,0,0,0,0,0,0,0,0,0,0,0,0,0,0,0,0,0,0,0,0,0,0,0,0
PR-7218L,98136 G02714  t/c  40527 LH,31A-3-4-B,0,07 Not Classed,540,0,0,0,0,0,0,0,0,0,0,0,0,0,0,0,0,2,0,0,0,0,0,0,0,0,0,0,0,0,0,0,0,0,0,0,0,0
PR-7218R,"G00084, 97342. 98149  40527 RH",31A-1-4-B,0,07 Not Classed,530,0,0,2,0,0,0,0,0,1,0,0,0,0,0,0,0,4,0,0,0,0,0,0,1,0,1,0,0,5,1,0,0,0,0,0,0,0
PR-7219,"G01697, 97347, 97445, 98114",30C-4-4-F*,0,07 Not Classed,115,0,9,4,5,6,2,4,1,2,7,4,10,14,3,0,5,6,7,6,16,4,15,1,3,3,6,2,4,7,0,0,3,6,5,6,1,3
PR-7222,"G00304,G02804,97947,97759",30C-5-4-F*,0,07 Not Classed,117,0,16,2,1,0,2,0,0,4,1,0,0,2,9,5,2,0,3,0,0,1,0,0,1,0,0,0,2,0,1,0,0,0,0,1,0,1
PR-7223,"G02052, 98111.97371   31508 RH",31A-2-4-B,0,07 Not Classed,1558,0,0,1,0,0,0,1,0,0,0,1,0,1,0,0,0,0,0,2,0,0,0,0,0,0,0,0,0,0,0,0,0,0,0,0,0,0
PR-7224,G02055.97685 GHM 8610411 LH,31C-2-5-B,0,07 Not Classed,312,0,0,0,0,0,0,0,0,0,0,0,0,0,0,0,0,0,0,0,0,0,0,0,0,0,0,0,0,0,0,0,1,0,0,0,0,0
PR-7230,G01101. 97490 TB   44628/14,31A-3-4-B,0,07 Not Classed,184,0,0,0,0,0,0,0,0,0,0,0,0,0,0,0,0,0,0,0,0,0,0,0,0,0,0,0,2,0,0,0,0,0,0,0,2,0
PR-7231,"G02007, 97491 Suz 68868 LH",31C-2-5-B,0,07 Not Classed,199,0,0,0,0,0,0,0,0,2,0,1,0,0,0,0,0,0,0,0,0,0,0,0,0,0,0,0,0,0,0,0,0,0,0,0,0,0
PR-7232,G01148 97420  Suz G/b 20355.5,31A-3-4-B,0,07 Not Classed,302,0,0,0,0,0,0,0,0,0,0,0,0,0,0,0,0,0,0,0,0,0,0,0,0,0,4,0,0,0,0,0,0,0,0,0,0,0
PR-7235,"G01949, 97150 Pul 36497 RH",31A-1-5-B,0,07 Not Classed,232,0,,,,,,,,,,,,,,,,,,,,,,,,,,,,,,,,,,,,
PR-7238,"G02001, 97296  23348 LH",31A-1-5-B,0,07 Not Classed,703,0,0,0,0,0,0,0,0,0,0,0,0,0,0,0,0,0,0,0,0,0,0,0,0,0,0,0,0,0,0,0,0,0,0,0,0,0
PR-7239,"G02886, 90087, 97766 50646.5",31A-2-5-B,0,07 Not Classed,174,0,,,,,,,,,,,,,,,,,,,,,,,,,,,,,,,,,,,,
PR-7240,G02597.97741  TC 42647,31A-2-5-B,0,07 Not Classed,215,0,,,,,,,,,,,,,,,,,,,,,,,,,,,,,,,,,,,,
PR-7241,G02122 97694  Gem 871008 LH,31C-3-5-B,0,07 Not Classed,205,0,,,,,,,,,,,,,,,,,,,,,,,,,,,,,,,,,,,,
PR-7246,G01641 97648   28447,31A-3-5-B,0,07 Not Classed,283,0,,,,,,,,,,,,,,,,,,,,,,,,,,,,,,,,,,,,
PR-7250,G90061 97847  38527/12,31A-3-5-B,0,07 Not Classed,373,0,0,0,0,0,0,0,0,0,0,0,0,0,0,0,0,0,0,0,0,0,0,0,0,0,0,0,2,0,0,0,0,0,4,0,0,0
PR-7510013,G00223  97263 TB 7510013/18,31D-1-1-B,0,07 Not Classed,100,0,,,,,,,,,,,,,,,,,,,,,,,,,,,,,,,,,,,,
PR-751008,"G01624, 97647 Star 751008.5 LH",31C-3-5-B,0,07 Not Classed,143,0,0,0,0,0,0,1,0,0,0,0,0,0,0,0,0,1,0,2,0,0,0,0,0,0,0,1,0,0,0,1,0,0,0,0,1,0
PR-7510213,G02157  TC 7510213,31D-1-1-B,0,07 Not Classed,95,0,,,,,,,,,,,,,,,,,,,,,,,,,,,,,,,,,,,,
PR-751078,"G90121, 97953  751078 LH",30C-1-4-F*,0,07 Not Classed,218,0,1,1,4,1,1,0,0,0,0,2,0,2,0,3,2,0,20,0,0,0,0,0,0,1,1,0,0,0,0,0,4,1,12,1,3,2
PR-75939,"G02990, 97780  TEL 75939 LH",31D-3-1-B,0,07 Not Classed,687,0,0,0,0,0,0,0,0,0,0,0,0,0,0,0,0,0,0,0,0,0,0,0,2,0,0,0,0,0,0,0,0,0,0,0,0,0
PR-76948,"98305, 98855. 98409 76948.5 LH",31D-1-1-B,0,07 Not Classed,54,0,0,0,0,0,0,1,0,0,4,0,0,0,0,0,0,0,0,0,0,0,0,0,0,0,0,0,0,0,0,0,0,0,0,0,0,0
PR-769812,"G02236, 97710 Acc 769812 RH",31D-2-1-B,0,07 Not Classed,430,0,,,,,,,,,,,,,,,,,,,,,,,,,,,,,,,,,,,,
PR-7886,"G00321.G00414,97562 42609 RH",31A-1-5-B,0,07 Not Classed,0,,0,0,0,0,1,0,0,0,0,0,0,2,0,0,0,0,6,0,0,0,0,4,0,0,0,0,0,0,0,0,5,0,0,0,0,0
PR-7904,"G01100, 97280 Hon KC 42/56.2/7",31A-1-5-B,0,07 Not Classed,290,0,,,,,,,,,,,,,,,,,,,,,,,,,,,,,,,,,,,,
PR-7915,"G01016, 97221 Ho/R  749812 LH",31D-2-1-B,0,07 Not Classed,147,0,0,0,0,0,0,0,0,0,0,0,0,0,0,0,0,0,6,0,0,0,0,0,2,0,0,0,0,0,0,0,0,0,0,0,0,0
PR-7921,"G00787,97181  R/w TC 50627",31A-2-5-B,0,07 Not Classed,103,0,2,0,0,0,6,0,0,0,0,0,0,0,0,0,0,0,0,0,0,1,0,0,0,0,0,0,0,0,0,0,0,0,1,0,0,0
PR-7923,G01290  TC  57676,31A-2-5-B,0,07 Not Classed,293,0,,,,,,,,,,,,,,,,,,,,,,,,,,,,,,,,,,,,
PR-7924,G02008.97682  Sub/R 70878.5 LH,31D-3-1-B,0,07 Not Classed,40,0,,,,,,,,,,,,,,,,,,,,,,,,,,,,,,,,,,,,
PR-7926,G01805. 97450 Sub 38599 RH,31A-3-5-B,0,07 Not Classed,304,0,0,0,0,0,0,0,0,0,0,0,0,0,0,0,0,0,1,0,0,0,0,0,0,0,0,0,0,0,0,0,0,0,0,0,0,0
PR-7928,G02009.97451  Sub  769310  LH,31D-3-1-B,0,07 Not Classed,301,0,,,,,,,,,,,,,,,,,,,,,,,,,,,,,,,,,,,,
PR-7929,G00504.97254  52 72 7.8/16 TC,31A-3-5-B,0,07 Not Classed,156,0,0,0,0,0,0,0,0,0,0,0,0,0,0,0,1,0,0,0,0,0,0,4,0,0,0,0,0,0,0,0,0,0,4,0,0,0
PR-8016,"G00631, 97578 15287 TC",31A-1-5-B,0,07 Not Classed,287,0,0,0,0,0,0,2,0,0,0,0,0,0,0,0,0,0,0,0,0,0,0,0,0,0,0,0,0,0,0,0,0,0,0,0,0,0
PR-8018,"G00471, 97151  15327  TC",31A-1-5-B,0,07 Not Classed,79,0,0,0,0,0,0,0,0,0,0,0,0,0,0,0,0,0,1,0,0,0,0,0,0,0,0,0,0,0,0,0,0,0,0,0,0,0
PR-8024,16.30.7 Oil seal  TC 16307,31A-2-5-B,0,07 Not Classed,199,0,,,,,,,,,,,,,,,,,,,,,,,,,,,,,,,,,,,,
PR-8062,G00214.97545 Sub 20407 TC,31A-2-5-B,0,07 Not Classed,297,0,,,,,,,,,,,,,,,,,,,,,,,,,,,,,,,,,,,,
PR-8066,"G00667, 97579 20478.5  RH",31A-3-5-B,0,07 Not Classed,287,0,0,0,0,0,0,0,0,0,0,0,0,0,0,0,0,0,6,0,0,0,0,0,0,0,0,0,0,0,0,0,0,0,0,0,0,0
PR-8077,G02033.97683 Lib 224010 TC,31A-3-5-B,0,07 Not Classed,195,0,,,,,,,,,,,,,,,,,,,,,,,,,,,,,,,,,,,,
PR-8094,"G00842, G03061, 97793, 97255",31B-1-1-B,0,07 Not Classed,47,0,1,0,0,0,0,0,0,0,0,0,0,0,3,0,0,0,0,0,0,0,0,0,0,0,0,0,0,2,1,0,0,0,0,0,0,0
PR-809810,"G02532, 97737 R/M 809810 LH",30C-2-4-F*,0,07 Not Classed,85,0,5,7,2,0,2,6,1,3,2,5,0,0,0,0,3,1,3,7,1,2,3,8,2,2,3,2,2,0,8,0,2,0,2,6,0,0
PR-8117,"G00608, 97441 27459  RH",31B-1-1-B,0,07 Not Classed,108,0,0,0,0,0,0,0,0,0,0,0,0,2,0,0,0,0,0,0,0,0,0,0,0,0,0,0,0,0,0,0,0,0,0,0,0,0
PR-8126,G02099 97691  SB 284710,31B-2-1-B,0,07 Not Classed,290,0,,,,,,,,,,,,,,,,,,,,,,,,,,,,,,,,,,,,
PR-8130,"G00265, 97279 3058/30 Y",31B-2-1-B,0,07 Not Classed,185,0,,,,,,,,,,,,,,,,,,,,,,,,,,,,,,,,,,,,
PR-8131,G00396  G01696 97179  30467 RH,31B-3-1-B,0,07 Not Classed,446,0,0,0,0,0,0,0,0,0,0,0,1,0,0,0,0,0,0,0,1,0,0,0,4,0,0,0,0,0,0,0,0,0,1,0,0,0
PR-8132,G01443  30477 TC,31B-3-1-B,0,07 Not Classed,168,0,0,0,0,0,0,0,0,0,0,0,0,0,0,0,0,0,0,0,0,0,0,0,0,2,0,0,0,0,2,0,0,0,3,0,0,0
PR-8136,Oil seal  30549  RH,31B-1-1-B,0,07 Not Classed,280,0,,,,,,,,,,,,,,,,,,,,,,,,,,,,,,,,,,,,
PR-8148,"G01812T,97266 Sui 32478 RH",31B-1-1-B,0,07 Not Classed,405,0,,,,,,,,,,,,,,,,,,,,,,,,,,,,,,,,,,,,
PR-8150,"G00064,97521 Nis 32508 RH",31B-2-1-B,0,07 Not Classed,271,0,,,,,,,,,,,,,,,,,,,,,,,,,,,,,,,,,,,,
PR-8151,G02106.   TC 32528,31B-2-1-B,0,07 Not Classed,365,0,,,,,,,,,,,,,,,,,,,,,,,,,,,,,,,,,,,,
PR-8155,G02308. 97345  TC 32588,31B-3-1-B,0,07 Not Classed,201,0,,,,,,,,,,,,,,,,,,,,,,,,,,,,,,,,,,,,
PR-8158,G00014 G00401 197196  34487 R,31B-3-1-B,0,07 Not Classed,765,0,0,0,0,0,0,0,1,0,0,0,1,3,0,0,0,0,0,0,0,0,0,0,0,0,0,0,0,0,0,0,0,0,0,0,2,8
PR-8160,G02315  TC 34528,31B-1-1-B,0,07 Not Classed,42,0,,,,,,,,,,,,,,,,,,,,,,,,,,,,,,,,,,,,
PR-8167L,"G02124, 97695 Hon  35508 LH",31B-1-1-B,0,07 Not Classed,685,0,0,0,0,0,0,0,0,0,0,0,0,0,0,0,10,2,0,0,0,0,0,0,0,0,10,0,0,0,0,0,0,0,10,0,0,0
PR-8167R,"G00445, 97180, 97952 Oil seal",30C-3-4-F*,0,07 Not Classed,0,,,,,,,,,,,,,,,,,,,,,,,,,,,,,,,,,,,,,
PR-8167R-Vit,"G00445, 97952 98198 35508R VIT",30C-3-4-F*,0,07 Not Classed,100,0,3,8,7,7,13,8,2,2,2,6,13,4,8,7,3,5,6,2,2,8,3,8,0,2,4,16,4,5,3,4,2,7,0,10,3,0
PR-8168,"G00308,   97555  35528 TC",30C-4-4-F*,0,07 Not Classed,79,0,0,0,0,0,6,0,0,0,0,0,0,0,6,0,0,0,0,0,0,0,0,0,0,6,0,0,0,0,10,3,0,0,0,0,0,0
PR-8169,"G00162, 97536 Pre 35548 LH",31B-3-1-B,0,07 Not Classed,225,0,0,0,0,0,0,0,0,0,0,0,0,0,0,0,0,0,0,0,1,0,0,0,0,0,0,0,0,0,0,0,0,0,0,0,0,0
PR-8171,"G00408, G02554, G03059, 97113",30C-5-4-F*,0,07 Not Classed,484,0,15,7,13,7,7,8,4,0,6,6,2,3,0,3,3,5,0,2,8,2,1,3,0,0,0,3,0,2,2,0,10,1,8,6,3,5
PR-8173,G00556. 97575  TB  35608,31B-1-2-B,0,06 First Sale in FY26,239,0,0,0,0,0,0,0,0,0,0,0,0,0,0,0,0,0,0,0,0,0,0,0,0,0,0,0,0,0,0,0,0,0,0,0,0,2
PR-8176,"G00071, 97523 Hon 35689/12.5",31B-1-2-B,0,07 Not Classed,332,0,0,0,0,0,0,0,0,0,0,0,0,0,0,0,0,0,0,0,0,0,0,0,0,0,0,0,2,0,0,0,0,0,0,0,0,0
PR-8183,"G00310, 97314 Mit TC 365210",31B-2-2-B,0,07 Not Classed,25,0,0,0,0,1,3,0,0,0,0,0,0,0,0,0,4,0,0,0,0,0,0,1,0,0,0,0,2,0,0,0,4,0,0,0,0,0
PR-8189,G02331 97714   TC 36627,31B-2-2-B,0,07 Not Classed,296,0,,,,,,,,,,,,,,,,,,,,,,,,,,,,,,,,,,,,
PR-8194,"G00782, 97326   W/S  TB 38527",31B-3-2-B,0,07 Not Classed,135,0,0,0,0,0,6,0,0,0,0,0,0,0,0,0,0,2,0,6,0,0,0,0,0,0,0,0,0,0,0,0,0,0,0,0,0,0
PR-8196,"G03042,97076.97717 38558 RH",31B-3-2-B,0,07 Not Classed,390,0,0,1,2,0,7,1,0,0,1,2,0,0,0,3,4,0,1,1,0,1,0,3,0,0,1,1,1,0,0,0,0,0,0,0,3,0
PR-8197,Oil seal 38 56 9  TB 38569,31B-1-2-B,0,07 Not Classed,140,0,,,,,,,,,,,,,,,,,,,,,,,,,,,,,,,,,,,,
PR-8199,G00252  97548  TC 38608,31B-1-2-B,0,07 Not Classed,213,0,,,,,,,,,,,,,,,,,,,,,,,,,,,,,,,,,,,,
PR-8200,G00896 97240  TC 38627,31B-2-2-B,0,07 Not Classed,183,0,0,0,0,0,0,0,0,0,0,0,0,0,0,0,0,0,0,0,0,0,0,0,0,0,0,0,2,0,0,0,0,0,1,0,0,0
PR-8210,G00228.97356 TC 40568,31B-2-2-B,0,07 Not Classed,18,0,0,0,1,2,0,0,0,0,0,3,0,0,0,0,0,2,0,0,0,0,0,0,0,2,2,0,6,0,0,0,0,0,1,0,0,0
PR-8210012,"G03040,97783,97496 82.510012.7",31D-2-1-B,0,07 Not Classed,609,0,0,1,0,1,0,0,0,0,0,0,0,0,0,0,0,0,1,0,0,0,0,0,0,0,0,0,0,0,1,0,0,1,0,0,2,0
PR-8210510,Oil seal  TC 8210510,31D-3-1-B,0,07 Not Classed,83,0,,,,,,,,,,,,,,,,,,,,,,,,,,,,,,,,,,,,
PR-8218,"Ford,Niss,Maz Pinion TC 407510",31B-3-2-B,0,07 Not Classed,398,0,,,,,,,,,,,,,,,,,,,,,,,,,,,,,,,,,,,,
PR-8226,G90113. 97466  929 TC 42587,31B-3-2-B,0,07 Not Classed,124,0,0,0,0,0,0,1,0,0,0,0,0,0,0,0,0,0,0,0,0,0,0,0,0,0,2,3,0,0,0,0,0,0,0,0,0,0
PR-8227,"G00095,G00320 ,98176 42607 RH",31B-1-2-B,0,07 Not Classed,508,0,0,0,0,1,0,2,3,0,0,3,0,2,3,1,0,4,1,1,0,1,0,0,0,2,0,1,1,0,1,1,0,2,1,2,0,3
PR-8228,"G02352, G90102, 97720 42628RH",31B-1-2-B,0,07 Not Classed,445,0,0,0,1,0,0,0,0,0,0,0,0,0,0,0,4,0,1,0,0,0,0,0,0,0,1,0,1,0,0,0,0,0,0,0,1,0
PR-8229,"G01427, 97509 Mits/P TC 42659",31B-2-2-B,0,07 Not Classed,233,0,0,0,0,0,0,0,0,0,0,0,0,2,0,0,0,0,0,0,0,0,0,4,0,0,0,0,0,0,0,0,0,0,0,0,0,0
PR-8243,"G00735,97168 TC 45609",31B-2-2-B,0,07 Not Classed,377,0,0,0,0,0,6,0,0,0,0,0,0,0,0,0,0,0,0,0,0,0,0,0,0,1,0,0,0,0,2,6,0,0,0,0,1,0
PR-8248,97316 G00740 Rov  TC 45728,31B-3-2-B,0,07 Not Classed,177,0,0,0,0,0,0,0,0,0,0,0,0,0,0,0,0,0,0,0,0,0,0,0,0,0,4,0,0,0,0,0,0,0,0,0,0,0
PR-8253,"97313, G00866  TB  45589",31B-3-2-B,0,07 Not Classed,340,0,,,,,,,,,,,,,,,,,,,,,,,,,,,,,,,,,,,,
PR-8266,"G00111, G01491, 97269 48659 TC",31B-1-3-B,0,07 Not Classed,161,0,0,0,0,0,0,0,2,0,0,0,0,0,0,0,0,0,0,0,0,0,0,0,0,0,0,0,0,0,0,0,0,0,0,0,0,0
PR-8267,"G02621,97746,98324,48687,NJ200",30C-1-5-F*,0,07 Not Classed,199,0,1,3,0,1,3,3,0,1,8,8,3,0,3,3,5,2,3,3,1,5,5,5,5,4,0,6,2,3,5,3,2,5,2,1,1,3
PR-8270,Pulsar N12 Gea/b f TBR  487918,31B-1-3-B,0,07 Not Classed,203,0,,,,,,,,,,,,,,,,,,,,,,,,,,,,,,,,,,,,
PR-8273,G02381 Dyn/P TB 48828,31B-1-3-B,0,07 Not Classed,274,0,,,,,,,,,,,,,,,,,,,,,,,,,,,,,,,,,,,,
PR-8278,50.68.8   TC  50688,31B-2-3-B,0,07 Not Classed,200,0,,,,,,,,,,,,,,,,,,,,,,,,,,,,,,,,,,,,
PR-8289,For/Maz Fnt whl,31B-2-3-B,0,07 Not Classed,0,,,,,,,,,,,,,,,,,,,,,,,,,,,,,,,,,,,,,
PR-8289R,"G03087, 97801 52708.5   RH",31B-2-3-B,0,07 Not Classed,214,0,2,0,1,0,0,2,0,0,2,0,0,0,0,0,0,1,3,3,0,0,0,0,0,0,0,0,0,0,0,0,0,0,0,1,0,0
PR-8292,Oil seal  TC 52789,31B-3-3-B,0,07 Not Classed,414,0,,,,,,,,,,,,,,,,,,,,,,,,,,,,,,,,,,,,
PR-831009,"G02107, 97517 KC 831009 LH",30C-2-5-F*,0,07 Not Classed,146,0,2,4,2,0,1,1,0,0,1,1,0,1,2,0,3,3,1,0,3,4,0,1,1,0,0,0,0,0,1,3,0,2,0,0,0,0
PR-8312,G02409 97728  SC 56858,31D-1-5-B,0,07 Not Classed,200,0,,,,,,,,,,,,,,,,,,,,,,,,,,,,,,,,,,,,
PR-8317,"G01570,97503,97505 TC 58809",31B-3-3-B,0,07 Not Classed,33,0,0,0,0,0,0,0,0,0,0,0,0,0,0,0,0,0,0,0,0,0,0,1,0,0,0,0,0,1,0,0,0,0,0,0,0,0
PR-8336,"G02423,97090 97165 TB62858",31B-1-3-B,0,07 Not Classed,218,0,,,,,,,,,,,,,,,,,,,,,,,,,,,,,,,,,,,,
PR-8338,"G02123,97448 98021 32.5466 RH",31B-1-3-B,0,07 Not Classed,1177,0,1,3,1,0,0,0,0,1,0,0,0,0,0,0,0,5,0,0,0,0,0,1,0,0,0,0,1,0,0,0,0,0,0,1,0,1
PR-8350,"G02430, 97184  TC 65888",31D-1-5-B,0,07 Not Classed,193,0,,,,,,,,,,,,,,,,,,,,,,,,,,,,,,,,,,,,
PR-8370,G02440 97734 TC 72888,31D-2-5-B,0,07 Not Classed,194,0,0,0,0,0,0,0,0,0,0,0,0,0,0,0,0,0,0,0,0,0,0,0,0,4,0,0,0,0,0,0,0,0,0,0,0,0
PR-8387L,"G00434, 97259  R/m 8010010 LH",31D-3-5-B,0,07 Not Classed,201,0,0,1,0,0,0,0,0,0,0,0,0,0,0,0,1,0,1,0,0,0,0,0,0,0,0,0,0,1,0,0,0,0,0,0,0,1
PR-8387R,"G01497, 97258 Hon 8010010 RH",30C-3-5-F*,0,07 Not Classed,51,0,2,1,0,2,0,2,0,0,1,1,3,3,1,0,1,2,1,2,0,2,2,0,1,1,1,2,2,1,1,1,0,2,0,0,1,2
PR-841048,"98307,98410,461295S N16 Viton",31D-1-5-B,0,07 Not Classed,257,0,0,0,0,0,0,0,0,0,0,0,0,0,0,0,0,0,0,0,0,0,0,0,0,0,0,2,0,0,0,0,0,0,0,0,1,0
PR-8477,"G01651,G02531,97225 901109 LH",30C-4-5-F*,0,07 Not Classed,72,0,0,0,1,1,0,0,1,0,0,0,0,0,0,0,0,0,0,0,1,2,0,0,2,0,1,3,2,0,0,0,1,0,0,0,3,0
PR-8478,"G01095, 97075 N/P TB 356413",31B-2-3-B,0,07 Not Classed,466,0,,,,,,,,,,,,,,,,,,,,,,,,,,,,,,,,,,,,
PR-8484,"G00870, G01426 97174 TC426512",31B-2-3-B,0,07 Not Classed,59,0,0,0,0,0,0,0,0,0,0,0,0,0,0,0,0,1,0,6,0,0,0,0,0,0,0,1,0,0,2,0,1,0,0,0,0,0
PR-851038,"G02740, 97754 Lan 851038 LH",30C-5-5-F*,0,07 Not Classed,227,0,0,0,4,0,0,1,1,7,1,6,2,2,1,4,3,3,1,7,0,0,7,6,5,4,1,2,1,0,1,4,4,1,0,5,0,0
PR-8610010,"G01547, 97646 NIS 8610010 LH",31D-1-5-B,0,07 Not Classed,243,0,0,0,0,1,0,0,0,0,0,0,0,0,0,1,0,0,0,0,0,0,0,0,0,0,0,0,1,1,0,0,0,0,10,0,0,0
PR-8610310,"G03101, 97812 Sub 8610310 LH",30C-1-5-F*,0,07 Not Classed,48,0,5,16,5,4,3,1,9,6,2,5,7,10,4,15,5,7,2,26,4,4,8,11,6,4,2,19,5,6,9,11,2,9,6,7,8,6
PR-881068,"G02622,97747,98411 881068.5L",30C-2-5-F*,0,07 Not Classed,126,0,10,21,12,12,9,16,16,15,17,17,6,6,12,10,28,14,12,10,7,6,6,14,8,8,27,13,30,32,2,7,8,16,8,8,3,8
PR-8810811,"G90108, 98412 Tran 8810811 LH",31D-1-3-B,0,07 Not Classed,50,0,0,0,0,0,0,0,0,0,0,0,1,0,0,0,0,0,0,0,0,0,0,0,0,0,0,0,0,0,0,0,0,0,0,0,0,0
PR-8910510,"G02972,97948,97980 VI 8910510L",30C-3-5-F*,0,07 Not Classed,259,0,3,6,2,6,7,13,3,18,5,8,1,0,2,7,7,11,8,5,1,4,7,3,5,12,1,5,5,8,2,3,3,8,4,5,3,7
PR-891099,"G02738, 97752 891099/10 LH",31D-1-3-B,0,07 Not Classed,127,0,0,0,0,0,0,0,0,1,1,0,0,0,0,0,0,1,0,0,0,0,0,1,0,0,1,0,0,0,0,0,0,0,0,0,0,0
PR-901107,"G90116, 98416  901107 LH",31D-3-3-B,0,07 Not Classed,177,0,0,0,0,0,0,0,0,0,0,0,0,0,0,0,0,0,0,0,0,0,0,1,0,0,0,0,0,0,0,0,0,0,0,0,0,0
PR-9011412,"G90115,98245 Tri 9011412 LH",31D-1-3-B,0,07 Not Classed,31,0,0,0,0,0,0,0,0,0,0,0,0,0,0,0,0,0,0,0,1,0,1,0,0,0,1,0,0,2,0,0,0,0,0,0,0,0
PR-911109,"G90018, 97467  911109/12 LH",31D-2-3-B,0,07 Not Classed,296,0,0,0,0,0,0,0,0,0,0,1,0,0,0,0,1,0,1,1,0,0,0,0,0,0,0,0,0,0,0,0,0,0,0,0,0,0
PR-911119,"G02631,97748,98217 911119 LH",31D-3-3-B,0,07 Not Classed,24,0,0,0,0,0,1,1,1,1,2,1,0,1,0,0,1,0,0,0,0,0,0,0,0,0,1,0,0,1,1,0,1,1,0,0,0,0
PR-9134,Ford EA P/S TC 31.75 41.28 6.4,31B-3-3-B,0,07 Not Classed,35,0,,,,,,,,,,,,,,,,,,,,,,,,,,,,,,,,,,,,
PR-921109,"G00466,G02593,97740,  921109 L",30C-4-5-F*,0,07 Not Classed,56,0,5,2,2,1,2,1,3,1,2,6,4,8,1,1,1,2,2,-5,0,3,2,4,4,3,2,0,2,4,3,1,1,5,2,3,6,1
PR-9311413,"G03068, 97798 9311413 LH",31D-2-3-B,0,07 Not Classed,65,0,0,0,0,0,0,0,0,0,0,0,0,0,0,0,0,0,0,0,0,0,0,0,0,0,0,3,0,0,0,0,0,0,0,0,0,0
PR-9315,"Ford,Com TB  19.05 33.34 7.9",31B-3-3-B,0,07 Not Classed,95,0,,,,,,,,,,,,,,,,,,,,,,,,,,,,,,,,,,,,
PR-9511011,G01803  97264 9511011 LH,31D-3-3-B,0,07 Not Classed,0,,0,0,0,0,0,0,0,0,0,0,0,0,0,0,0,0,0,0,0,0,0,0,0,0,0,0,0,0,0,0,0,0,0,0,0,0
PR-9511412,98317  Vit 9511412 LH,31D-1-4-B,0,07 Not Classed,160,0,,,,,,,,,,,,,,,,,,,,,,,,,,,,,,,,,,,,
PR-951159,"G30036, 97821 951159.5  LH",30C-5-5-F*,0,07 Not Classed,159,0,5,6,7,13,2,12,8,4,12,5,7,8,12,16,15,12,6,10,7,10,10,8,11,9,3,9,7,9,0,13,7,18,6,23,7,11
PR-9811610,G90118 97942 Vit 9811610 LH,31D-1-4-B,0,07 Not Classed,72,0,0,0,0,0,0,0,0,0,0,0,0,0,0,0,0,0,0,0,0,0,0,0,0,0,0,0,0,0,0,0,0,0,0,0,0,0
PR-991199,"G02971, 97778  991199.5 LH",31D-2-4-B,0,07 Not Classed,210,0,2,0,0,2,0,1,0,0,0,0,1,1,0,0,0,1,0,0,0,1,1,0,0,1,0,0,1,1,0,0,0,0,0,0,1,1
SA-0157,Tels/626 83-87 Front S/bumper,31-B-3-11,0,07 Not Classed,29,0,,,,,,,,,,,,,,,,,,,,,,,,,,,,,,,,,,,,
SA-0158,Tels/626 83-87 Rear S/bumper,31-B-4-11,0,07 Not Classed,13,0,,,,,,,,,,,,,,,,,,,,,,,,,,,,,,,,,,,,
SA-3059,Telstar/626 Front Strut bumper,31-B-3-10,0,07 Not Classed,42,0,,,,,,,,,,,,,,,,,,,,,,,,,,,,,,,,,,,,
SA-3062,Telstar/626 Rear Strut bumper,31-B-4-12,0,07 Not Classed,25,0,,,,,,,,,,,,,,,,,,,,,,,,,,,,,,,,,,,,
SBP-3957,"Landcruiser BJ60,FJ60 S/bumper",8-B-5-6,9346140033791,07 Not Classed,7,0,0,0,0,0,0,0,0,0,0,0,0,0,0,0,2,0,0,0,0,0,0,0,0,0,0,0,0,2,0,0,0,0,0,0,0,0
SBP-3958,Lndcruiser RH Leaf Spring Bump,8-B-5-6,9346140033807,07 Not Classed,3,0,0,0,1,0,1,0,0,1,0,0,0,0,0,0,0,0,1,0,1,1,1,0,0,0,0,1,0,0,2,1,0,0,0,0,0,0
SBP-3959,Lndcruiser LH Leaf Spring Bump,8-B-5-6,9346140033814,07 Not Classed,9,0,0,0,1,0,0,0,0,1,-1,0,0,0,0,0,0,0,1,0,1,1,0,0,0,0,0,0,0,0,3,1,0,0,0,0,0,0
SBP-3960,Lndcruiser RR Leaf Spring Bump,8-B-10-3,9346140033821,07 Not Classed,29,0,0,2,5,0,2,0,0,0,0,0,2,0,0,0,0,2,0,2,0,1,0,0,0,0,0,0,0,0,0,1,0,2,1,0,0,0
SBP-3961,"Hil GGN15,KUN/TGN16 Rear LSB",8-B-5-6,9346140036907,04 Bronze,12,0,0,0,2,0,0,0,2,0,0,0,2,0,0,0,0,2,0,4,0,2,0,0,4,0,0,2,0,0,0,0,0,2,0,0,0,0
SBP-3962,Hilux Spring bumper,8-B-6-3,9346140036914,07 Not Classed,50,50,4,0,0,0,0,0,0,0,2,0,0,2,2,0,0,0,0,2,0,0,2,0,0,0,0,0,0,0,0,0,0,1,0,0,0,0
SBP-3963,"Hil GGN120,GUN122/123,TGN RLSB",8-B-5-6,9346140036921,07 Not Classed,28,0,0,0,0,0,0,0,0,0,0,0,0,0,0,0,0,0,0,0,0,0,0,0,0,0,0,0,0,0,0,2,0,0,0,0,0,0
SM-6700K,"Ford All AU,BA,BF,FG Front SM",13-A-4-5,9346140028735,01 Platinum,447,0,32,51,57,48,27,60,27,36,28,31,21,50,40,44,63,35,44,28,23,44,36,25,32,45,55,51,34,38,44,23,13,32,22,24,19,25
SM-6710RLH,"Comm VE, VF 06-17 Rear LH SM",13-C-9-5,9346140045008,04 Bronze,393,0,0,0,0,0,0,0,0,0,0,0,0,0,0,0,0,0,0,0,0,0,0,0,0,1,2,4,3,5,4,3,7,6,4,14,10,8
SM-6710RRH,"Comm VE, VF 06-17 Rear RH SM",13-C-8-5,9346140045015,04 Bronze,390,0,0,0,0,0,0,0,0,0,0,0,0,0,0,0,0,0,0,0,0,0,0,0,0,3,2,4,3,6,3,5,6,6,4,18,8,6
SM-6711/B,Com VR-VE Frnt Strut w/bearing,13-A-1-5,9346140017524,01 Platinum,756,0,124,160,140,116,141,118,115,114,114,130,96,115,116,151,114,105,124,86,53,128,74,75,90,97,91,101,132,81,117,81,62,98,115,103,97,94
SM-6712,"Astra,Barina,Vectra Front SM",13-C-2-3,9346140017531,04 Bronze,61,0,2,4,0,2,2,0,0,0,2,-2,0,3,0,0,0,2,2,0,1,0,0,0,1,0,0,3,0,2,0,0,0,0,2,2,2,4
SM-6712/B,"Astra,Barina,Vectra Fr SM W/B",13-C-7-5,9346140021415,03 Silver,20,0,20,16,8,3,32,14,6,6,10,12,10,14,16,9,12,13,15,15,10,11,16,2,16,11,18,16,19,8,14,16,17,9,2,12,21,16
SM-6713/B,"Laser KF,KH 90-94 Frnt LR W/B",36A-1-1,9346140028506,04 Bronze,25,0,0,0,0,2,2,0,2,0,0,0,0,0,0,2,2,1,0,0,0,2,0,2,4,4,0,-2,0,2,2,0,0,0,0,0,1,-2
SM-6713/BK,"Las KF,KH1.6,1.8L 90-94 SM Kit",1-D-1-2,9346140048283,07 Not Classed,10,0,,,,,,,,,,,,,,,,,,,,,,,,,,,,,,,,,,,,
SM-6714/B,"323 BA,Laser KJ 94-98 Front",13-C-10-1,9346140017555,04 Bronze,34,0,2,12,6,6,2,4,2,4,12,4,3,6,8,7,2,6,4,6,0,0,0,-2,6,2,4,4,2,4,4,2,4,0,2,4,4,4
SM-6715/B,"323 BJ 1.6,1.8 98-03 Fr LR W/B",13-C-10-2,9346140017562,03 Silver,104,0,11,1,8,5,6,6,4,9,8,0,6,0,6,13,6,4,7,7,1,6,12,0,4,2,10,9,6,7,2,12,9,7,11,15,0,8
SM-6716/B,626 GF 2.0L 97-02 Fro L/R W/B,36A-1-1,9346140017579,04 Bronze,80,0,9,0,0,0,4,0,2,0,6,-1,0,2,0,2,2,3,0,2,2,0,2,2,2,6,2,2,0,0,0,0,0,0,0,0,0,0
SM-6717/B,"626 GE,TeL AX-AY 91-97 Fr W/B",36A-1-1,9346140017586,04 Bronze,32,0,0,0,0,0,0,-2,0,0,0,0,0,0,0,4,0,0,2,2,0,-2,2,0,0,0,0,0,0,0,0,0,0,2,0,0,0,0
SM-6718/B,"Mazda 3, Focus 2L 04-09 Fr W/B",13-A-1-4,9346140017593,01 Platinum,230,0,36,61,28,0,32,44,34,47,55,46,54,49,39,51,46,36,37,44,22,61,27,41,33,46,39,50,54,59,34,61,40,51,33,25,33,40
SM-6718/BK,"Mazda 3, Focus 2L 04-09 Fr kit",13-C-5-5,9346140042595,03 Silver,99,100,1,7,27,51,16,5,9,12,14,19,24,6,12,7,8,6,13,6,1,18,21,7,2,17,4,8,11,2,19,19,10,4,13,19,15,24
SM-6719,Mazda 6 2.3L 02-on Front SM,13-C-9-1,9346140017609,04 Bronze,12,30,0,2,0,2,4,-2,2,2,0,0,0,2,4,0,0,0,5,0,0,0,4,0,6,0,4,1,0,0,0,0,4,1,1,2,0,2
SM-6719/B,Maz 6 GG 2.3L 02-08 Front SM,13-C-9-2,9346140028742,03 Silver,126,0,6,4,8,12,6,6,1,6,7,2,4,5,6,14,5,4,2,4,6,10,5,3,10,4,6,4,6,6,5,16,0,1,3,7,1,5
SM-6720/B,MPV LW V6 99-06 Fr L+R W/B,13-C-8-1,9346140017616,04 Bronze,19,0,2,0,0,0,2,0,0,0,0,-2,2,0,0,0,2,0,0,0,0,0,2,2,0,0,0,2,0,2,2,0,4,0,0,4,2,2
SM-6721/B,"Esca,Tribu V6 01-05 Fr LR W/B",13-C-8-2,9346140017623,04 Bronze,59,0,1,4,14,6,4,1,0,4,0,6,4,3,0,4,6,6,2,2,0,3,1,2,4,3,2,6,2,4,4,2,4,4,2,4,5,2
SM-6722/B,"323 BG 1.6,1.8L 90-96 Bearing",36A-2-1,9346140043318,04 Bronze,9,20,0,0,0,0,1,-4,2,0,0,0,0,4,-2,0,2,2,0,0,0,0,2,0,0,0,0,2,0,6,0,0,0,0,0,2,0,2
SM-6723/B,"Fest, 121 91-02 Front S/M W/B",13-C-7-1,9346140025024,04 Bronze,120,0,12,8,10,8,5,4,5,2,2,10,11,12,6,9,4,4,2,3,0,4,4,6,6,4,2,6,8,4,9,5,2,6,6,10,10,8
SM-6724,Mondeo HA-HE 2.0 94-01 Frnt LR,36A-2-1,9346140017654,05 No Sales FY25,58,0,0,0,0,0,0,-2,0,0,0,0,0,0,0,0,0,0,0,0,0,0,0,0,0,0,0,0,0,0,0,0,0,0,0,0,0,0
SM-6725/B,"Focus LR,LS 02-07 Front SM W/B",13-C-7-2,9346140017661,04 Bronze,51,0,2,0,0,2,4,0,0,0,0,0,0,0,0,0,1,0,0,0,0,0,0,0,0,1,0,0,0,0,4,0,2,0,0,0,0,0
SM-6726/B,"Fiesta WP,WQ 04-08 Front SM WB",13-C-6-1,9346140025031,04 Bronze,46,0,0,2,2,2,4,2,4,5,5,3,5,5,1,7,3,2,4,0,2,2,0,4,0,0,2,4,5,2,0,2,0,2,6,2,1,2
SM-6727B,Starlet 91-99 Front SM 15mm ID,13-C-6-2,9346140017685,04 Bronze,52,0,4,-2,0,2,0,0,2,0,2,2,0,0,4,0,0,0,2,0,0,0,2,0,4,0,0,8,2,0,2,2,2,2,-4,0,2,0
SM-6727B14,Starlet 91-99 Front SM 14mm ID,13-C-3-6,9346140024157,04 Bronze,22,0,4,2,0,0,4,0,0,8,0,0,0,2,2,2,2,0,0,2,0,0,0,0,2,0,0,4,2,3,0,0,4,4,0,0,2,0
SM-6728B,Tercel 91-96 Front SM 15mm ID,36A-2-2,9346140017692,04 Bronze,7,0,0,2,0,2,2,-2,0,0,0,0,0,0,0,0,0,0,2,0,0,0,0,0,0,0,0,2,0,0,-1,0,0,0,0,0,0,0
SM-6728B14,Tercel 91-96 Front SM 14mm ID,13-C-1-6,9346140022726,04 Bronze,0,,0,0,0,0,0,0,0,0,0,0,0,0,0,2,0,0,0,0,0,0,0,0,0,0,0,0,0,1,0,0,0,0,0,0,0,0
SM-6729B,Echo NCP10-13 03-07 Front L/R,13-C-6-4,9346140017708,04 Bronze,85,0,3,4,2,2,3,4,6,3,2,8,4,9,0,3,0,2,3,5,4,6,2,1,4,5,9,6,6,2,2,5,2,5,0,4,1,4
SM-6730/B,Yaris NCP90-93 05-12 Front W/B,13-A-5-2,9346140017715,02 Gold,373,0,17,33,33,12,14,6,15,16,22,7,15,11,18,24,14,24,20,22,8,19,36,16,14,14,32,27,28,18,25,17,19,8,14,19,27,38
SM-6731B,Corona ST171 2.0 88-93 Front,36A-1-2,9346140017722,06 First Sale in FY26,45,0,0,0,0,0,0,0,0,0,0,0,0,0,0,0,0,0,0,0,0,0,0,0,0,0,0,0,0,0,2,0,0,0,0,0,0,0
SM-6732B,Corona ST191 2.0L 94-96 Front,36A-1-2,9346140017739,07 Not Classed,15,0,,,,,,,,,,,,,,,,,,,,,,,,,,,,,,,,,,,,
SM-6733B,Corolla AE92 1.6L 88-94 Front,13-C-10-3,9346140017746,04 Bronze,35,0,2,7,6,1,4,10,2,0,1,0,2,0,2,0,0,2,4,-2,0,0,6,4,4,4,0,6,0,0,0,0,2,0,6,4,2,5
SM-6734B,Corolla AE101-102 94-00 Front,13-C-10-4,9346140017753,04 Bronze,15,0,0,7,4,2,1,3,4,2,0,0,6,4,3,2,2,0,2,4,0,0,4,0,5,0,0,4,0,0,2,0,2,0,0,2,0,3
SM-6735B=SM-6733B,Corolla ZZE110 1.8 98-02 Front,13-C-9-3,9346140017760,07 Not Classed,0,,,,,,,,,,,,,,,,,,,,,,,,,,,,,,,,,,,,,
SM-6736B,"Camry SV21,22 4/V6 87-93 Front",36B-1-3,9346140017777,04 Bronze,25,0,0,0,0,0,0,2,2,0,0,2,0,0,0,2,0,2,0,2,0,0,0,0,0,0,0,0,0,0,2,-4,0,0,2,0,0,2
SM-6737,"Cam SXV,VCV10 92-98 Front SM",13-C-8-6,9346140017784,04 Bronze,3,0,0,1,0,0,0,0,0,0,0,0,0,0,0,0,0,0,0,2,0,0,0,0,0,0,0,4,0,2,2,0,0,0,0,0,0,0
SM-6737/B,"Cam SXV,VCV10 92-98 Frt W/B",36A-1-4,9346140019153,05 No Sales FY25,18,0,2,-1,0,0,2,0,0,0,0,0,0,0,0,0,0,0,0,0,0,0,0,0,0,0,0,0,0,0,0,0,0,0,1,2,-1,0
SM-6738LH/B,"Cam MCV20,ES300 97-02 FLH W/B",13-C-7-4,9346140017791,03 Silver,152,0,5,7,10,9,6,10,2,12,6,9,6,2,2,6,3,2,6,4,4,2,7,7,3,5,5,4,6,5,7,3,1,5,2,3,1,1
SM-6738RH/B,"Cam MCV20,ES300 97-02 FRH W/B",13-C-8-4,9346140017807,03 Silver,162,0,6,7,10,9,6,7,3,10,3,9,6,2,2,6,3,2,6,2,4,2,5,9,3,4,6,6,6,5,8,5,1,3,3,3,2,1
SM-6739LH/B,"Camry MCV36,SXV20 Front LH W/B",13-C-6-3,9346140017814,03 Silver,130,0,11,12,9,10,10,9,11,7,6,8,12,7,5,9,6,2,6,7,5,11,4,9,4,2,5,9,7,4,5,6,3,3,6,8,0,12
SM-6739RH/B,"Camry MCV36,SXV20 Front RH W/B",13-C-7-3,9346140017821,03 Silver,128,0,9,11,10,10,9,9,10,8,4,6,11,9,4,7,7,2,7,6,5,10,4,8,4,2,5,9,6,4,6,6,3,2,7,8,2,12
SM-6741B,"RAV4 SXA10,11 2.0L 94-03 Front",13-A-1-1,9346140017845,02 Gold,139,300,15,23,27,23,31,29,7,11,20,20,32,29,18,27,26,13,20,7,18,9,19,23,21,17,24,29,13,23,18,29,18,18,18,20,18,14
SM-6742/B,Micra K11E 95-97 Frt LR  W/B,13-C-5-4,9346140017852,04 Bronze,51,0,2,0,0,0,0,-2,0,0,0,0,0,0,0,0,0,0,0,0,0,0,4,2,3,0,1,0,0,0,0,2,0,0,0,0,0,0
SM-6743/B,"Pulsar N14,N15 91-00 Fr LR W/B",13-C-4-3,9346140017869,03 Silver,47,100,0,4,0,2,6,4,2,0,0,0,4,2,3,4,10,4,2,4,0,2,6,4,4,4,12,4,4,2,12,0,0,2,4,6,1,8
SM-6744/B,"Pulsa N16 1.6,1.8 00-05 Fr W/B",13-C-4-4,9346140017876,03 Silver,55,100,8,1,10,5,2,0,2,4,9,10,-1,0,4,8,8,0,6,0,0,2,9,4,2,10,10,9,11,3,7,2,0,3,2,10,0,0
SM-6745/B,Maxima A32 3.0L 95-99 Fr W/B,36B-1-3,9346140017883,04 Bronze,48,0,0,0,0,0,0,2,0,0,0,0,2,-2,0,0,0,0,2,0,0,0,0,2,0,0,0,0,0,2,0,0,0,0,0,0,0,0
SM-6746B,Nissan 240SX 2.4L 89-98 Front,36A-2-2,9346140017890,05 No Sales FY25,6,0,0,0,0,0,0,-2,0,0,0,0,0,0,0,0,0,0,0,0,0,0,0,0,0,0,0,0,0,0,0,0,0,0,0,0,0,0
SM-6747/B,"Mur Z50, XTrail 00-08 Front SM",13-C-3-4,9346140017906,04 Bronze,134,0,6,10,0,7,8,4,2,2,7,6,4,9,2,8,4,-1,3,-2,6,2,3,-2,4,0,7,2,0,0,8,0,2,0,4,0,2,1
SM-6748B,Pintara U12 89-92 Front strut,36A-2-4,9346140017913,04 Bronze,35,0,0,0,0,0,0,0,0,0,2,0,0,0,0,-1,0,0,0,0,0,0,0,0,0,0,0,0,2,0,0,0,0,0,0,0,0,0
SM-6749B NIL*,Laurel C32 1.8L 84-88 Front SM,13-C-1-3,9346140017920,07 Not Classed,0,,,,,,,,,,,,,,,,,,,,,,,,,,,,,,,,,,,,,
SM-6750B,Pintara 2.4L 89-92 Front Strut,36A-2-2,9346140017937,04 Bronze,10,30,0,0,0,0,0,0,0,0,0,0,0,0,2,0,0,2,4,0,0,0,0,2,0,0,0,0,0,0,0,0,2,0,0,0,0,0
SM-6751B,Bluebird U13 2.4L 93-97 Front,36B-2-2,9346140017944,04 Bronze,9,30,0,0,2,2,0,0,0,0,0,0,0,0,0,2,0,0,0,0,0,2,0,0,2,0,0,0,0,0,2,2,0,0,0,2,0,0
SM-6752B,Lancer 92-96 Frnt SM w/bearing,13-B-10-2,9346140017951,04 Bronze,39,100,0,6,9,5,2,6,0,6,6,0,2,6,4,2,6,7,2,0,2,0,7,2,0,0,2,4,2,8,2,4,0,4,1,6,4,0
SM-6753,Lancer 97-00 Front w/o bearing,36A-2-4,9346140017968,05 No Sales FY25,26,0,0,0,0,0,2,-2,0,0,0,0,2,0,0,0,0,0,0,0,0,0,0,0,0,0,0,0,0,0,0,0,0,0,0,0,0,0
SM-6754R,Lancer CC 93-96 Rear L/R S/M,13-B-9-2,9346140017975,04 Bronze,61,0,2,0,10,0,2,20,0,2,4,12,1,2,0,0,2,20,0,0,0,22,0,2,0,0,2,0,0,0,4,11,6,2,2,0,6,24
SM-6755/B,"Lancer CG,CH 96-07 Front S/W/B",13-B-8-1,9346140024591,04 Bronze,99,0,5,4,5,4,10,0,0,3,4,6,6,6,6,8,2,2,4,2,6,0,5,10,-2,6,2,3,8,6,0,8,6,4,0,6,7,0
SM-6756B,FTO 2.0 V6 94-01Front Strut Mt,13-B-8-2,9346140017999,04 Bronze,34,0,2,0,2,1,0,-2,0,2,4,2,2,0,2,0,2,0,2,2,2,4,0,0,0,0,2,4,2,2,2,0,0,0,2,1,0,1
SM-6757,"Grandis,Nimbus UG 2.4 Front SM",13-B-7-1,9346140018002,07 Not Classed,0,,,,,,,,,,,,,,,,,,,,,,,,,,,,,,,,,,,,,
SM-6757/B,"Grandis,Nimbus UG Front SM W/B",36A-1-4,9346140028841,04 Bronze,15,0,0,0,0,2,0,0,0,0,0,0,0,0,0,0,0,0,4,0,0,0,0,0,0,0,0,0,0,0,0,0,0,0,0,0,0,0
SM-6758B,"Excel,Coupe 89-98 Front LR Str",36A-1-5,9346140018019,05 No Sales FY25,28,0,0,0,0,0,0,0,0,0,0,0,0,0,0,0,0,0,0,0,0,0,0,0,0,0,0,0,0,0,0,0,0,0,0,0,0,0
SM-6759B,"Accent,Getz TB Front L/R strut",13-A-2-1,9346140018026,02 Gold,315,0,20,23,24,14,15,6,2,12,20,18,14,20,12,32,23,23,13,19,8,18,14,8,19,30,30,26,32,26,16,11,11,6,15,17,13,14
SM-6760B,"Lanc CA-CB,Lant J1 Front LR SM",36A-2-5,9346140018033,05 No Sales FY25,26,0,0,2,0,0,0,0,0,0,0,0,0,0,0,0,0,0,0,0,0,0,0,0,0,0,0,0,0,0,0,0,4,0,2,0,0,0
SM-6761B,"Coup,Elant,Lant 96-07 Front LR",13-B-5-1,9346140018040,03 Silver,92,100,12,27,4,23,8,20,12,6,13,7,12,8,15,18,18,20,9,6,4,13,5,8,6,16,16,10,11,16,10,15,7,16,2,0,2,14
SM-6762B,"Sportage,Tucson 04-10 Front SM",13-B-5-2,9346140018057,03 Silver,94,0,2,6,6,6,7,6,3,6,7,8,7,4,5,8,8,8,4,2,4,4,7,0,13,5,7,8,5,7,4,0,4,0,3,1,4,7
SM-6763B=SM-6781B,"Santa Fe 2.4,2.7L 00-06 Front",13-B-4-1,9346140018064,07 Not Classed,28,0,,,,,,,,,,,,,,,,,,,,,,,,,,,,,,,,,,,,
SM-6764LH/B,"Civic,CRV 01-07 Front LH  W/B",13-B-4-2,9346140018071,04 Bronze,37,0,-1,0,0,5,2,2,1,3,1,2,2,-1,1,3,1,1,3,0,1,1,0,0,0,0,2,1,0,3,2,-1,3,1,0,0,1,0
SM-6764RH/B,"Civic,CRV 01-07 Front RH W/B",13-B-3-2,9346140018088,04 Bronze,41,0,-1,1,0,5,2,2,2,3,1,2,2,-1,1,2,1,1,2,0,1,1,0,1,0,0,2,1,0,2,2,-1,3,1,0,0,1,0
SM-6765/B,"Leganza 2.0,2.2 97-04 Front LR",36A-1-4,9346140018095,07 Not Classed,30,0,,,,,,,,,,,,,,,,,,,,,,,,,,,,,,,,,,,,
SM-6766/B,"MDX,Odys V6 99-06 Front LR W/B",13-B-2-1,9346140021385,04 Bronze,48,0,0,2,0,4,0,0,2,0,0,2,0,0,0,3,0,2,2,2,1,0,0,4,0,0,0,2,0,2,4,0,0,0,0,0,2,0
SM-6767,"Vitara, X90 89-98 Front LR SM",13-B-2-2,9346140018118,04 Bronze,27,0,1,0,0,0,2,0,0,0,4,2,0,0,1,0,2,0,0,0,2,0,1,0,1,5,2,0,0,0,2,-2,0,0,0,8,0,0
SM-6768/B,"Cruze, Ignis 00-07 Frnt SM w/b",13-B-1-1,9346140018125,04 Bronze,55,100,4,5,2,9,4,4,4,4,8,2,8,5,2,2,4,0,2,2,4,6,4,2,4,6,6,13,-1,2,2,1,6,0,0,-2,5,0
SM-6769/B,"Baleno,Liana,SX4 Front SM W/B",13-B-1-2,9346140018132,04 Bronze,30,0,0,2,3,0,2,-2,0,2,0,0,2,2,0,2,2,1,0,2,0,0,4,-4,2,4,2,2,0,2,4,0,0,2,0,0,0,0
SM-6770B,"Fore,Impr,Libe 93-03 Front LR",13-A-9-3,9346140018149,02 Gold,40,500,23,25,31,22,33,31,10,19,14,33,24,29,19,34,23,31,22,19,11,19,22,26,20,19,29,53,45,59,40,49,41,32,5,32,49,46
SM-6771B,"Liberty,Outback07-on  Front LR",13-B-10-4,9346140018156,03 Silver,144,0,4,10,8,11,4,10,4,8,6,6,6,9,2,18,8,6,0,11,13,8,4,6,6,6,0,2,12,12,11,0,8,4,5,2,8,7
SM-6772,Charade G100 1.0 87-93 Frnt LR,2-B-5-1,9346140018163,04 Bronze,33,0,0,0,0,12,4,4,0,0,4,0,0,6,4,0,2,6,2,0,2,0,2,2,0,10,2,2,2,0,0,6,0,0,4,0,0,4
SM-6773/B,Dai G200/202 Terios Front W/B,13-B-9-4,9346140029756,04 Bronze,24,0,2,2,1,2,4,2,1,4,0,0,2,2,0,2,-2,0,0,3,2,0,0,0,0,4,2,0,0,4,0,2,0,2,0,0,4,0
SM-6774/B,Voyager GS V6 97-01 Fr LR W/B,36A-1-5,9346140018187,04 Bronze,16,0,0,0,0,1,0,0,0,0,0,0,1,0,0,0,2,0,0,0,0,0,0,0,2,0,0,0,0,0,0,0,0,0,0,0,0,0
SM-6775/B,Neon 99-09 Front SM W/B,36A-2-5,9346140018194,04 Bronze,31,0,-2,0,0,0,0,0,0,0,0,0,0,0,0,0,0,1,-1,0,0,0,0,0,0,0,0,2,0,0,0,0,0,0,0,0,0,0
SM-6776/SB,Suz Alto GF1.0L 09-15 Front SM,13-B-7-4,9346140043691,04 Bronze,115,0,0,0,0,0,0,0,0,0,0,0,0,0,0,2,1,2,0,4,0,2,0,0,1,0,0,8,0,4,0,-1,2,0,4,2,0,0
SM-6777K,"Jazz 1.3,1.5 02-08 Frnt SM Kit",13-A-3-4,9346140027769,01 Platinum,340,0,24,29,17,14,25,19,14,19,16,21,23,19,26,35,35,21,28,21,20,13,28,32,16,32,35,37,32,25,39,23,20,37,25,8,25,38
SM-6778LHB,Kia Rio 1.5L 00-05 Front LH SM,2-D-3-2,9346140018224,04 Bronze,34,0,2,0,0,0,0,0,0,1,0,1,0,0,0,1,1,0,1,1,0,0,0,2,1,0,0,0,0,2,0,1,0,1,-1,1,1,0
SM-6778RHB,Kia Rio 1.5L 00-05 Front RH SM,2-D-3-2,9346140018415,04 Bronze,33,0,2,0,0,1,1,0,0,1,0,1,0,0,0,1,1,0,1,1,0,0,0,2,1,0,0,0,0,2,0,1,0,1,-1,1,1,0
SM-6779B,Kia Mentor 94-97 Front Strut,36B-1-1,9346140018231,04 Bronze,20,0,0,0,0,0,0,0,0,0,0,0,0,0,0,0,0,0,0,0,0,0,2,0,0,0,0,2,-2,0,0,0,0,0,0,0,0,0
SM-6780/B,"Barina,Swift 89-95 Front SM WB",36B-2-2,9346140025895,04 Bronze,37,0,0,2,0,2,0,0,0,2,4,-2,2,2,2,0,0,2,2,0,4,0,2,0,0,0,2,0,0,0,0,2,0,0,2,2,0,4
SM-6781B,"Mag TE-TW, Verada 91-04 Front",13-B-4-3,9346140018255,03 Silver,46,100,2,5,4,4,11,11,0,6,0,4,6,6,5,3,4,10,5,6,8,-1,4,2,2,2,10,7,2,2,9,5,0,8,5,0,6,4
SM-6782B,Laser KA KE Maz 323 Front,13-B-4-4,9346140018262,04 Bronze,28,100,0,0,0,6,2,2,2,3,3,1,0,0,2,5,5,4,4,4,0,0,0,0,2,6,4,2,2,4,0,3,5,2,2,8,0,2
SM-6782BK,Laser KA-KE Maz 323 Front Kit,1-D-2-2,9346140048504,06 First Sale in FY26,2,0,0,0,0,0,0,0,0,0,0,0,0,0,0,0,0,0,0,0,0,0,0,0,0,0,0,0,0,0,0,0,0,0,2,0,2,0
SM-6783B,"Celica ST162.184,205 Front L/R",13-B-3-3,9346140018279,04 Bronze,15,0,0,0,2,0,2,0,0,0,1,2,6,-2,4,1,0,0,0,0,0,0,0,2,0,0,0,5,0,0,1,1,1,2,0,2,2,2
SM-6784B,Tarago TCR10-21 90-99 Frnt LR,13-B-3-4,9346140018286,04 Bronze,46,0,0,4,6,2,3,2,4,0,0,0,3,4,4,2,0,2,2,4,0,0,2,3,2,2,2,2,4,4,-2,0,0,0,2,0,1,2
SM-6785/B,"Lanc,Outla 2.4 03-07 Strut L/R",13-B-2-3,9346140029862,03 Silver,115,0,7,6,8,10,-1,8,6,12,7,5,8,6,2,9,1,8,2,7,4,8,4,7,4,10,1,2,8,5,6,0,8,7,0,0,4,6
SM-6786/B,Viva 1.8L 05-08 Front SM W/B,13-B-2-4,9346140022924,04 Bronze,38,0,-15,2,2,3,4,6,3,3,8,2,6,2,4,6,4,7,6,8,6,2,3,2,0,0,4,2,3,3,0,0,1,2,8,0,0,2
SM-6787K,"Accord,Civic 90-05 Rear SM kit",13-B-1-4,9346140018316,04 Bronze,55,0,2,2,0,2,6,0,0,2,2,2,2,0,0,0,3,4,4,0,2,0,6,2,4,2,2,0,4,8,10,0,2,4,-1,2,2,1
SM-6788/B,"OutlanderZJ,ZK,ZL, Front SM WB",13-B-1-3,9346140021293,03 Silver,106,300,2,6,10,6,8,0,4,4,11,4,1,4,1,9,12,7,12,15,-1,10,7,23,6,4,2,28,21,15,7,11,14,10,8,14,13,17
SM-6789/B,Honda CRV RE4 2.4 03-07 F W/B,13-A-10-1,9346140026182,02 Gold,0,500,8,15,15,9,20,20,9,12,18,19,18,15,16,11,18,9,10,26,10,14,21,15,13,27,26,10,29,15,12,24,30,22,26,20,13,9
SM-6790/B,"Fiesta, KA Front Strut LR W/B",36A-1-3,9346140025154,05 No Sales FY25,28,0,0,0,0,0,0,0,0,0,0,0,0,0,0,0,0,0,0,0,0,0,0,0,0,0,0,0,0,0,0,0,0,0,0,0,0,0
SM-6791B,"Carnival, MPV V6 Front strut",2-B-9-1,9346140018354,04 Bronze,13,0,0,0,0,0,2,0,2,2,0,0,0,0,0,0,0,0,0,0,0,0,0,0,0,0,1,0,0,2,0,0,0,0,0,0,0,0
SM-6792B,"Cress MX73,83 84-92 Front SM",2-C-10-2,9346140023303,04 Bronze,15,30,0,5,1,4,0,0,0,0,0,0,2,0,0,4,2,0,2,0,0,0,0,2,4,0,0,0,2,2,2,0,2,0,0,6,0,2
SM-6793/B,"Bettle,Golf,TT 98-10 Front SM",13-A-8-1,9346140018378,03 Silver,116,0,4,4,8,9,8,12,2,0,1,4,3,14,4,12,12,2,8,8,6,5,7,8,7,2,8,10,2,4,9,8,6,6,8,12,7,6
SM-6794/B,"Golf,Passat VR6 Front LR W/B",2-A-5-2,9346140018385,04 Bronze,59,0,0,2,0,2,0,4,0,0,4,0,0,2,0,0,0,0,0,0,2,0,0,0,0,2,2,2,0,4,0,1,0,0,0,0,2,0
SM-6795B,VW JETTA  Strut Mount W/B,36A-2-3,9346140018392,04 Bronze,65,0,-2,0,0,0,2,-2,0,0,0,0,0,0,0,0,0,2,0,0,0,0,0,0,0,0,0,0,0,0,0,0,2,-2,1,-1,0,0
SM-6796/B,GVoyager RG V6 01-08 Strut w/b,2-A-5-3,9346140018408,04 Bronze,16,20,0,3,0,5,2,0,1,0,2,2,2,0,0,1,3,2,0,1,0,0,3,0,0,1,0,0,2,2,1,0,0,0,0,2,0,0
SM-6796/BK,GVoyager RG 3.3 V6 01-8 SM Kit,13-C-9-3,9346140048900,07 Not Classed,4,0,,,,,,,,,,,,,,,,,,,,,,,,,,,,,,,,,,,,
SM-6796CSK,GVoyager RG V6 01-8 Coil S/Kit,36B-2-1,9346140031919,05 No Sales FY25,27,0,0,0,0,0,1,0,0,0,0,0,2,0,0,0,0,0,0,0,0,0,0,0,0,0,0,0,0,0,0,0,0,0,0,0,0,0
SM-6797LH/B,"Civic,CRV,Integ Front LH w/b",13-A-6-1,9346140020777,03 Silver,152,0,4,13,7,12,11,3,7,7,5,8,8,12,8,9,11,11,16,3,3,8,5,12,5,8,13,12,13,13,7,11,15,7,5,7,6,7
SM-6797RH/B,"Civic,CRV,Integ Front RH w/b",13-A-5-1,9346140020784,03 Silver,152,0,3,14,6,13,12,5,6,7,5,9,9,12,8,9,11,11,14,4,3,8,5,11,5,6,14,11,13,12,7,12,16,7,6,8,4,7
SM-6798LH/B,Tiida 1.8L 06-14 Front LH w/b,13-A-6-3,9346140020012,03 Silver,34,100,9,5,7,4,4,7,2,8,1,3,2,2,6,4,4,4,3,2,4,5,7,5,7,9,6,8,2,10,5,6,1,4,8,8,4,4
SM-6798RH/B,Tiida 1.8L 06-14 Front RH w/b,13-A-5-3,9346140020746,03 Silver,31,100,10,5,7,4,5,6,2,7,0,4,2,2,5,4,4,3,5,2,4,7,7,5,7,9,6,8,2,10,5,8,1,6,7,7,6,5
SM-6799/B,"Klug,Lexus,Tarago Front LR W/B",13-A-4-1,9346140020951,03 Silver,215,0,19,19,24,21,14,26,4,17,16,6,7,24,10,15,13,4,24,13,13,11,20,11,15,16,4,24,5,14,25,9,9,9,16,14,9,5
SM-6800/B,"Swift 1.5,1.6L 04-17 Fr LR W/B",13-A-4-2,9346140020968,01 Platinum,153,200,26,46,36,40,43,18,12,22,27,32,28,28,24,36,43,28,37,38,22,20,36,26,31,27,32,40,31,22,30,29,12,17,26,19,22,37
SM-6801/B,Grand Vitara 05-19 Frnt LR W/B,13-A-3-1,9346140020975,03 Silver,154,0,10,16,10,6,6,4,4,3,9,4,4,3,5,4,2,2,9,1,4,6,6,7,2,-1,8,10,3,2,4,4,0,2,0,0,0,4
SM-6802F/B,"Elan Ad,i30 PD,Kona OS F S/M B",2-A-1-3,9346140043776,04 Bronze,342,0,0,0,0,0,0,0,0,0,0,0,0,0,0,0,0,0,0,2,0,5,2,1,9,4,15,0,0,8,1,1,4,4,12,4,7,6
SM-6803/B,Cam.ACV40 06-14 Front L/R W/B,13-A-2-5,9346140020999,01 Platinum,0,600,62,47,34,45,46,55,31,31,7,69,45,58,46,47,46,71,56,41,51,40,44,44,43,65,45,74,64,73,29,72,59,55,68,61,45,63
SM-6804/B,"Lan CJ,Outla,Evo 07-on Frnt SM",13-A-2-2,9346140021002,03 Silver,144,300,16,15,17,7,22,11,16,16,23,19,17,10,26,12,18,5,16,10,11,12,16,23,11,6,17,15,18,31,12,15,19,20,21,18,16,21
SM-6805/B,Mazda 2 1.5 02-07 strut mt w/b,2-B-5-3,9346140021019,04 Bronze,33,0,2,0,0,4,2,3,0,0,2,0,4,-1,0,2,0,2,2,2,2,0,0,0,2,0,0,0,0,2,4,0,2,0,0,0,0,2
SM-6806/B,"YRV,Cuore 97-05 Frnt SM W/B",13-A-1-2,9346140021026,04 Bronze,70,0,2,12,6,6,4,0,0,2,2,3,0,4,2,2,0,4,2,0,0,4,2,2,2,6,6,2,4,2,2,2,0,0,0,0,0,0
SM-6808B,"Cruze, Volt 09-15 Frnt SM W/B",13-A-10-4,9346140029718,03 Silver,222,0,14,18,18,13,17,4,3,4,0,15,12,16,17,12,7,20,17,19,9,12,21,9,11,7,14,16,11,24,16,15,10,6,8,11,11,13
SM-6808R,"Cruze, Volt 09-15 Rear SM W/B",13-B-1-4,9346140041796,04 Bronze,39,0,2,1,2,0,0,4,0,0,0,1,0,0,2,4,0,0,2,2,0,2,1,2,0,0,0,2,0,0,2,3,1,2,2,6,10,0
SM-6809B,Terios J100 97-04 Front L/R SM,13-B-10-3,9346140021057,04 Bronze,21,0,0,3,1,-1,2,0,2,2,4,0,0,0,0,2,2,0,0,1,1,6,0,0,4,4,4,-2,2,-2,0,0,0,0,1,2,2,1
SM-6810B,"Cor AE101,112 94-01 Frnt LR SM",13-A-9-4,9346140021064,04 Bronze,48,100,0,3,1,6,0,9,0,9,3,3,6,2,0,6,0,4,1,0,4,6,0,6,0,1,2,5,0,5,10,2,1,4,2,3,2,7
SM-6811B,Coro. ZZE122/123 Front L/R SMB,13-A-8-3,9346140021071,02 Gold,251,0,8,18,10,24,14,20,19,12,17,12,10,18,26,6,20,9,18,17,15,21,13,20,17,16,24,17,12,14,21,10,11,18,16,11,31,18
SM-6812B,"Kia Ment,Spec 98-04 Frnt LR WB",36A-1-3,9346140021088,04 Bronze,11,0,0,0,0,0,0,0,0,0,0,0,0,0,0,0,2,0,0,0,0,0,0,0,0,0,0,0,0,0,0,0,0,0,0,0,0,0
SM-6813/B,"Bari TK,Kalos 03-11 Frnt LR WB",13-A-8-4,9346140021095,03 Silver,302,0,17,11,7,11,24,17,7,10,4,5,9,12,14,8,5,4,3,8,0,9,2,6,2,6,8,14,10,14,10,10,2,4,10,9,14,6
SM-6814/B,"Tar ACR50,GSR50 Frnt strut W/B",13-A-7-3,9346140023006,03 Silver,24,200,23,27,19,22,18,4,16,15,12,13,15,13,15,17,12,15,1,14,20,17,16,11,19,19,11,16,8,23,15,13,19,10,8,12,22,15
SM-6814/HB,Tar ACR50 Frnt SM heavy duty b,13-C-10-5,9346140026441,04 Bronze,20,0,5,4,2,2,2,7,0,1,7,-2,-1,4,2,2,0,5,6,0,0,2,4,0,3,1,2,4,3,11,0,2,6,2,1,5,0,0
SM-6815/B,"Nubira 1.6,2.0L 97-06 Frnt W/B",13-C-8-3,9346140027219,04 Bronze,38,0,0,4,0,0,0,-6,0,0,2,2,2,0,0,2,4,2,0,0,0,1,2,2,2,0,0,0,0,0,0,0,0,0,2,0,0,2
SM-6816/B,Path R50 95-98 Front LR S/M WB,36B-1-1,9346140024706,04 Bronze,48,0,0,2,2,2,2,-3,0,-2,0,0,2,0,0,0,0,0,0,0,0,0,0,0,0,0,0,0,0,0,0,0,0,0,0,0,0,0
SM-6817/B,Path R50 99-05 Front LR S/M WB,13-A-4-3,9346140024713,03 Silver,236,0,8,18,42,22,7,10,6,9,10,8,2,11,14,12,12,16,4,7,8,15,10,6,11,13,16,14,14,23,23,14,0,12,9,22,18,17
SM-6818/B,"Mur Z51, Max J32 Front LR W/B",13-B-8-3,9346140024218,04 Bronze,79,0,2,1,0,4,0,2,4,1,6,3,2,4,0,3,2,2,2,8,8,-1,4,3,0,10,4,0,4,8,2,4,5,2,3,0,2,0
SM-6819B,Pajero IO 99-02 Fornt LR strut,2-A-4-3,9346140022955,04 Bronze,45,0,0,4,2,2,2,0,2,2,0,3,2,2,4,2,1,2,0,0,2,4,4,0,0,0,1,4,0,2,2,2,2,0,0,0,0,0
SM-6820/B,Maxi A33 3.0L 99-03 Front SM,13-B-6-1,9346140022962,04 Bronze,3,0,-2,2,4,10,3,2,0,1,0,0,0,2,0,2,0,2,4,4,0,0,4,2,0,0,4,0,3,0,0,0,2,0,6,0,0,4
SM-6821/B,"Mazda CX7,CX9 Strut mt W/B",13-A-3-2,9346140023402,03 Silver,253,0,6,5,9,12,13,10,9,16,6,7,6,6,6,12,6,10,16,4,10,17,0,6,0,10,4,9,25,13,8,13,4,11,6,8,5,9
SM-6822R,Pulsar N14/15 91-00 Rear  L/R,13-C-5-3,9346140026700,04 Bronze,51,0,0,2,-2,2,0,0,0,0,2,0,0,0,2,0,0,0,0,0,0,0,0,4,0,0,0,0,0,0,0,0,0,0,0,2,0,0
SM-6823/B,Tiburon 02-10 Front SM w/bear,2-B-7-1,9346140026120,04 Bronze,32,0,4,-2,0,4,1,-1,1,0,0,0,0,0,1,2,0,0,0,0,0,0,0,0,0,0,0,1,0,2,0,-1,0,2,1,2,-1,0
SM-6824/B,Captiva CG 06-11 Front S/M w/b,13-A-3-3,9346140022900,03 Silver,142,100,8,12,24,13,19,10,7,2,13,9,18,8,8,18,13,10,21,10,8,6,7,12,9,3,15,18,10,8,8,4,21,3,9,10,9,5
SM-6825/B,Epica 07-on Front strut mt W/B,2-D-5-4,9346140022917,04 Bronze,17,0,0,0,2,0,0,2,0,0,0,0,4,2,0,2,4,0,0,0,1,0,7,2,0,0,0,2,2,0,0,0,4,2,0,3,1,0
SM-6826/B,"Epica 2.0,2.5L 07-11 Strut mt",2-A-4-4,9346140022948,06 First Sale in FY26,6,0,0,0,0,0,0,0,0,0,0,0,0,0,0,0,0,0,0,0,0,0,0,0,0,0,0,2,0,0,0,0,0,0,0,0,2,0
SM-6827/B,"A3,Jetta,Golf,TT Front SM W/B",2-A-1-1,9346140025048,03 Silver,119,0,5,5,4,5,8,6,7,13,10,13,4,4,8,8,9,17,4,0,8,4,2,13,6,4,7,16,6,4,4,2,7,6,3,11,7,10
SM-6827R,"A3,Jetta,Golf,TT Rear SM",2-A-2-1,9346140042441,04 Bronze,85,0,0,2,0,0,0,2,2,0,2,1,-2,0,0,0,3,0,0,4,1,2,1,0,-2,3,2,2,8,2,-2,0,4,2,2,0,2,5
SM-6828/B,Saab 900 94-98 Front Strut W/B,2-A-3-1,9346140024249,04 Bronze,18,0,0,0,2,0,0,0,0,0,0,0,0,4,0,0,0,0,0,0,0,0,1,0,0,0,0,0,0,0,2,0,0,0,0,0,0,0
SM-6829/B,Saab 9-3 98-03 Front strut W/B,2-A-4-1,9346140024256,04 Bronze,16,0,-2,2,4,0,1,4,0,2,0,0,0,1,2,0,0,3,0,0,0,0,2,2,0,0,3,2,0,0,0,0,0,0,2,0,0,6
SM-6830/B,"Saab 9-5 2.3T,3.0T 99-01 Strut",2-A-5-1,9346140024287,04 Bronze,12,0,0,0,0,0,0,0,0,2,0,0,0,0,0,0,0,0,0,0,0,0,2,0,0,0,0,0,0,0,0,0,0,0,0,0,0,0
SM-6831/B,Saab 9-7X 05-08 Front Strut WB,2-A-1-2,9346140024294,07 Not Classed,20,0,,,,,,,,,,,,,,,,,,,,,,,,,,,,,,,,,,,,
SM-6832/B,Freelander 97-06 Frnt strut WB,2-A-2-2,9346140024317,05 No Sales FY25,17,0,0,0,0,0,0,0,0,0,2,0,2,0,0,0,0,0,0,0,0,0,0,0,0,0,0,0,0,0,0,0,0,0,0,0,0,0
SM-6833B,"Lanos 1.5,1.6L 97-99 Strut mnt",2-A-3-2,9346140024201,04 Bronze,17,0,0,0,0,0,0,0,0,0,0,0,0,0,0,1,0,0,0,2,0,0,0,0,0,2,2,0,0,0,0,-2,0,0,0,0,0,0
SM-6834/B,Astra TR 96-98 Front strut w/b,2-A-4-2,9346140023396,04 Bronze,8,0,0,0,0,0,2,-2,2,0,0,0,0,0,2,2,2,0,0,2,2,0,0,0,0,2,0,0,6,0,0,0,0,0,0,6,0,0
SM-6835R,"Focus LS-LV,Mazda 3 BK Rear SM",13-A-9-2,9346140025109,03 Silver,254,0,4,18,10,6,4,6,6,2,10,12,14,4,6,17,9,10,10,6,8,8,16,14,12,12,11,16,19,20,21,16,12,10,18,13,8,18
SM-6836/B,Maz 2 1.5L 07-13 Fr Stru/M W/B,13-A-5-4,9346140028346,02 Gold,164,300,19,14,29,17,21,28,10,8,17,8,22,25,7,14,14,27,6,33,14,29,25,27,16,29,45,40,22,14,49,16,23,26,23,38,23,30
SM-6837/B,Transit VM 06-12 Front L/R SM,2-A-2-3,9346140025901,04 Bronze,44,0,0,0,2,0,4,0,2,0,0,2,0,0,0,2,2,0,1,0,0,2,0,-2,2,1,2,0,0,0,0,0,0,0,0,0,0,0
SM-6838B,"Cor ZRE152,Rav4 ACA33 Front SM",13-A-3-5,9346140024195,01 Platinum,130,1000,44,51,50,30,22,28,26,33,25,29,36,55,42,57,39,45,45,47,23,41,45,36,34,35,52,80,54,31,77,30,62,44,34,49,61,18
SM-6839RLH,"323 BJ, Laser 98-03 Rear LH",2-A-1-4,9346140024324,03 Silver,125,0,10,16,9,9,7,12,6,9,10,5,5,12,9,13,5,3,8,6,2,5,6,3,4,7,12,11,12,6,8,3,2,6,5,6,7,2
SM-6839RRH,"323 BJ, Laser 98-03 Rear RH",2-A-2-4,9346140024331,03 Silver,141,0,10,15,8,7,7,12,6,5,11,7,4,11,10,12,7,3,7,5,2,6,6,3,4,6,12,9,9,6,5,3,0,5,6,7,7,2
SM-6840B,Elan MD1.8L 11-15 Front Strut,2-A-3-4,9346140024539,04 Bronze,30,100,4,5,3,6,4,4,4,0,6,0,2,3,0,8,7,8,1,0,4,2,0,6,2,1,0,1,2,4,6,3,4,5,5,0,3,1
SM-6842/B,"Elan HD,i30 06-on Front SM WB",13-A-8-2,9346140025734,03 Silver,178,0,12,8,5,12,8,2,4,8,6,5,10,8,4,9,8,14,4,2,12,18,17,4,8,7,17,4,8,12,4,32,4,14,16,4,8,4
SM-6843/B,"Clio MK2,Kango X76 Front SM WB",2-A-5-4,9346140041376,04 Bronze,20,0,2,0,0,0,4,0,0,0,0,0,0,0,0,0,2,0,0,0,2,0,0,2,0,0,2,2,0,0,0,2,0,0,2,2,0,0
SM-6844K,"Prado GRJ,KDJ,KZJ120 Front S/M",2-B-1-1,9346140025093,04 Bronze,28,0,2,2,0,0,0,0,0,0,0,2,0,0,0,0,2,0,1,0,0,0,0,0,0,2,0,0,0,0,0,0,0,2,2,0,0,0
SM-6845/B,"Rav4 ACA38,GSA33 Front SM W/B",2-B-2-1,9346140026298,03 Silver,12,200,6,6,6,15,20,11,8,10,4,8,4,4,2,11,1,8,6,0,0,11,4,2,2,2,4,18,10,4,7,8,11,2,6,5,2,12
SM-6846/B,"Camry SDV,SXV10 95-98 Front SM",2-B-4-1,9346140025123,04 Bronze,27,0,0,0,2,0,0,0,0,0,0,0,0,0,0,0,2,2,0,0,0,0,0,0,0,0,2,0,2,2,2,-2,0,0,2,0,0,0
SM-6847LHB,Lanos 99-03 Front LH strut mt,36B-1-2,9346140025161,04 Bronze,3,0,2,0,1,0,0,0,0,0,0,0,0,0,0,0,0,0,0,0,0,0,0,0,1,0,0,0,0,0,0,0,0,0,0,0,1,0
SM-6847RHB,Lanos 99-03 Front RH strut mt,36B-1-2,9346140025178,05 No Sales FY25,4,0,2,0,1,0,0,0,0,0,0,0,0,0,0,0,0,0,0,0,0,0,0,0,0,0,0,0,0,0,0,0,0,0,0,0,1,0
SM-6848/B,Celi ST204 2.2L Front Strut mt,2-B-6-1,9346140025185,04 Bronze,36,0,0,2,2,0,0,0,0,0,1,0,3,4,2,0,4,0,0,0,0,2,0,2,0,2,2,0,2,3,0,0,0,2,0,1,3,3
SM-6849K,Triton ML 06-09 Front S/M kit,13-A-7-1,9346140025208,03 Silver,165,200,4,6,0,10,4,2,-2,7,22,7,2,20,10,30,10,10,13,10,6,8,20,12,8,20,20,24,4,15,6,5,4,6,20,10,4,7
SM-6850/B,Colt RG 1.5L 02-10 Front SM WB,2-B-8-1,9346140033326,04 Bronze,69,0,1,2,0,0,2,0,0,2,0,0,2,2,3,2,2,0,4,0,2,0,0,0,0,0,0,0,2,4,0,2,2,0,0,0,0,0
SM-6851/B,New Bari TK 03-11 Front Strut,13-A-7-2,9346140025369,03 Silver,112,0,14,14,21,8,16,11,12,12,20,10,2,26,23,41,13,10,10,5,6,8,7,6,12,4,11,16,14,12,12,12,6,8,7,9,2,12
SM-6852B,"Nim UF,Sonata,Mit RVR Strut mt",2-B-10-1,9346140025468,05 No Sales FY25,32,0,0,0,0,0,0,0,0,0,0,0,0,0,0,0,0,0,0,0,0,0,0,0,0,0,0,0,0,0,0,0,0,0,0,0,0,0
SM-6853/B,Civic FD 06-12 Front Strut mnt,2-B-3-2,9346140025956,03 Silver,118,0,9,3,8,4,15,10,5,7,7,9,9,2,6,4,5,1,7,14,4,14,6,13,7,4,8,11,10,13,0,1,3,16,3,9,9,16
SM-6853/FB,Civic FB 12-16 Front Strut mnt,2-B-1-2,9346140042816,04 Bronze,72,0,0,0,2,1,0,1,1,2,0,0,2,0,0,0,0,0,2,2,-2,0,0,2,0,0,0,3,0,0,0,0,0,2,0,1,0,4
SM-6854R,"BMW 3 E30,E36,E46 Rear L/R SM",2-B-4-2,9346140025963,04 Bronze,39,0,0,0,2,2,2,9,2,0,0,2,6,4,2,4,2,2,2,1,2,1,2,2,4,6,0,0,2,2,0,4,3,2,6,8,2,9
SM-6855B,"BMW 3 Ser E36, Z3, Z4 Front SM",2-B-5-2,9346140025970,04 Bronze,60,0,0,1,0,0,2,0,0,-2,2,2,2,0,0,6,2,2,2,0,2,0,0,6,2,1,2,2,-2,2,0,0,0,0,0,2,0,0
SM-6856B,"BMW 3 E46,E90,E91,X1,X3 Front",2-B-6-2,9346140025987,04 Bronze,9,60,0,2,6,11,3,2,2,2,2,6,4,-2,1,4,3,4,0,4,2,2,0,4,3,0,0,8,2,8,4,-1,2,0,0,6,10,2
SM-6857B,"BMW 3 E46,E90,E91,X1,X3 Front",2-B-7-2,9346140025994,04 Bronze,26,0,2,2,6,4,-5,0,0,0,0,2,2,0,0,2,2,2,2,0,2,0,-2,2,1,0,0,0,2,7,7,-2,4,-2,0,4,0,0
SM-6858,"BMW 530i,535i,540i 96-05 Front",2-B-8-2,9346140026007,04 Bronze,13,0,0,0,0,0,0,0,0,0,0,0,0,0,0,0,0,0,0,0,2,0,0,0,0,0,0,0,0,0,2,-2,0,0,0,0,0,0
SM-6859,"Merc S124, W124 Front Strut mt",2-B-9-2,9346140026014,04 Bronze,24,0,0,0,2,2,0,0,0,0,2,0,0,0,2,0,-2,2,0,0,2,4,4,0,2,0,2,4,0,2,0,4,3,0,0,0,3,0
SM-6860B,"SAAB 9000 2.0,2.3,3.0 Front SM",2-B-10-2,9346140026021,05 No Sales FY25,22,0,0,0,0,2,0,0,0,0,0,0,0,0,0,0,0,0,0,0,0,0,0,0,0,0,0,0,0,0,0,0,0,0,0,0,0,0
SM-6861B,"Volvo 240,244-45,262 Front SM",2-B-1-3,9346140026038,04 Bronze,28,0,0,2,2,-2,0,4,0,0,0,0,0,0,0,4,4,2,4,0,4,0,0,0,2,2,2,1,0,2,0,0,0,0,0,4,0,0
SM-6862/B,"Volvo 740,760,940,960 Front SM",2-B-2-3,9346140021699,04 Bronze,27,0,0,2,0,0,0,0,0,0,0,2,0,0,1,0,0,0,0,2,0,2,0,0,0,0,0,0,0,2,2,0,0,0,0,2,0,0
SM-6864R,"Volvo 850,C70,S70,V70 Rear SM",2-B-3-3,9346140026069,04 Bronze,14,30,4,0,0,0,4,0,2,0,2,1,0,0,0,2,0,4,0,0,0,2,0,4,0,0,0,0,0,2,2,0,0,0,0,0,0,2
SM-6866R,"Liberty,Outback 98-03 Rear S/M",2-B-4-3,9346140025604,04 Bronze,19,100,0,2,3,0,2,0,0,2,0,2,0,0,2,0,6,2,-2,0,0,0,0,2,0,2,2,2,0,0,2,6,0,0,0,-2,0,2
SM-6867B,"Foreste,Impreza 08-on Front SM",13-A-2-4,9346140025611,01 Platinum,179,300,22,43,37,42,35,23,30,33,30,19,39,30,22,31,37,28,44,17,24,30,43,41,33,43,51,57,63,19,40,45,44,30,31,42,44,39
SM-6868,"Landcruiser URJ202, VDJ200 S/M",2-B-7-3,9346140025635,04 Bronze,49,0,2,1,0,-2,2,0,2,2,0,1,0,2,0,2,2,8,0,0,0,0,0,0,0,0,0,0,0,0,4,0,0,4,2,1,1,0
SM-6869RLH,"323 BA,Laser KJ 94-98 Rear LH",2-B-9-3,9346140025666,04 Bronze,23,0,0,1,1,2,0,0,-1,1,0,0,2,0,1,2,0,1,0,1,0,1,0,0,0,0,0,0,0,0,2,0,0,1,1,0,0,0
SM-6869RRH,"323 BA,Laser KJ 94-98 Rear RH",2-B-8-3,9346140025673,04 Bronze,28,0,0,1,1,2,0,0,-1,1,0,0,2,0,1,2,0,1,0,1,0,1,0,0,0,0,0,0,0,0,1,0,1,0,1,0,0,0
SM-6870/B,Astra AH 04-07 Front Strut W/B,2-B-10-3,9346140025680,04 Bronze,86,0,0,2,4,7,10,1,6,-2,4,4,0,6,0,4,2,2,2,4,0,4,4,0,4,2,2,4,6,4,2,2,4,0,0,6,4,4
SM-6871RK,Puls N16 99-06 Rear LR SM Kit,2-B-1-4,9346140025697,04 Bronze,116,0,2,4,6,0,8,0,4,0,4,2,2,4,5,0,11,6,6,4,0,2,2,4,2,2,2,0,5,4,2,2,0,4,2,0,0,0
SM-6872B,Lancer EVO 7-9 Front SM W/B,2-B-2-4,9346140025710,04 Bronze,78,0,2,4,6,2,4,2,4,10,4,1,0,2,0,14,1,3,4,10,4,0,2,4,2,3,2,5,12,4,4,0,4,4,6,3,2,8
SM-6873R,"323,Las KF,KH 89-94 Rear LR SM",2-B-3-4,9346140025727,04 Bronze,8,30,0,2,0,0,0,2,0,2,0,4,2,-2,2,4,0,-2,0,0,0,0,2,0,0,2,0,0,1,0,0,0,0,0,0,0,0,0
SM-6873RK,"323,Las KF,KH 89-94 R L/R Kit",1-D-5-2,9346140048450,07 Not Classed,16,0,,,,,,,,,,,,,,,,,,,,,,,,,,,,,,,,,,,,
SM-6874RLH,X-Trail T30 00-07 Rear SM LH,2-B-4-4,9346140025741,04 Bronze,43,0,0,3,1,1,1,1,0,0,0,1,1,0,0,-1,1,-1,0,0,3,0,1,0,0,1,1,0,0,0,0,0,2,0,0,1,0,0
SM-6874RRH,X-Trail T30 00-07 Rear SM RH,2-B-5-4,9346140025758,04 Bronze,48,0,0,3,1,1,1,1,0,0,0,1,1,0,0,-1,1,-1,0,0,3,0,1,0,0,1,0,1,0,0,0,0,2,0,0,1,0,0
SM-6875,Lexus IS200-300 99-05 Front SM,2-B-6-4,9346140025765,04 Bronze,23,0,0,0,2,0,2,2,0,8,2,0,0,0,2,4,0,1,1,0,0,2,0,4,2,2,0,2,2,0,2,2,2,2,2,0,6,2
SM-6876/B,"Lan,Mirag CE 96-01 Front SM WB",2-B-7-4,9346140025772,04 Bronze,131,0,8,6,4,0,2,3,0,2,4,4,0,6,2,0,2,2,2,6,4,2,4,4,5,6,5,10,4,4,2,0,2,4,0,4,2,-2
SM-6877RK,"121, Festiva 90-97 Rear SM Kit",2-B-8-4,9346140025796,04 Bronze,14,100,6,4,3,0,2,2,0,2,0,4,2,2,2,6,0,0,2,4,6,0,0,3,0,4,2,2,0,0,6,2,0,9,0,0,4,0
SM-6878R,Starlet Paseo 91-96 Rear SM,2-B-9-4,9346140026175,04 Bronze,95,0,4,0,0,0,2,0,0,2,2,0,0,0,2,0,0,1,4,0,2,0,2,2,0,0,0,0,0,2,0,2,0,0,0,0,0,1
SM-6879,"G.Vitar SQ416,420,625 Front SM",2-B-10-4,9346140026304,04 Bronze,35,30,3,0,2,0,2,6,0,0,7,1,0,2,1,0,4,4,4,8,0,3,3,0,0,0,3,4,0,0,0,2,0,2,2,2,0,0
SM-6880/B,"Avensis ACM20,21 Front SM w/b",2-C-1-1,9346140026311,04 Bronze,13,30,0,0,2,0,5,0,0,4,0,0,2,2,0,4,0,4,2,0,3,0,0,-1,0,0,0,0,4,0,3,0,2,2,2,2,0,0
SM-6881,"Hilux GGN15,KUN16,TGN16  SM",2-C-2-1,9346140026328,04 Bronze,119,0,4,0,4,4,4,8,2,4,4,0,4,0,0,0,0,0,0,1,0,7,0,4,0,0,0,4,0,6,2,4,0,2,6,4,0,0
SM-6882B,"BMW E39 520i,523i,528i Frnt SM",2-C-3-1,9346140026335,07 Not Classed,27,0,,,,,,,,,,,,,,,,,,,,,,,,,,,,,,,,,,,,
SM-6883R,"323,Laser,Capri 81-89 Rear SM",2-C-4-1,9346140026342,04 Bronze,17,50,2,0,6,6,0,-2,2,2,2,8,2,0,0,3,5,2,2,0,0,2,6,0,0,2,7,8,0,4,0,0,0,2,0,8,0,2
SM-6883RK,"323,Laser,Capri 81-89 Rear Kit",1-D-5-2,9346140048498,06 First Sale in FY26,1,0,0,0,0,0,0,0,0,0,0,0,0,0,0,0,0,0,0,0,0,0,0,0,0,0,0,0,0,0,0,0,0,0,0,2,0,2
SM-6884B,"Cam SV11/Cor AE80,82 Front SM",2-C-5-1,9346140026359,04 Bronze,17,50,2,2,0,0,0,0,2,0,0,0,4,4,0,0,2,0,0,0,2,2,0,0,-2,0,0,0,0,4,0,2,3,2,0,2,2,0
SM-6885R,"Cam SV10,11/Cor AE80,82 Rear S",2-C-6-1,9346140026366,04 Bronze,13,0,2,0,0,0,0,0,0,0,2,0,2,2,0,2,0,0,0,0,0,0,0,0,0,0,0,0,4,2,0,0,0,0,0,4,0,0
SM-6886RLH,"Cor AE92,101,102 97-00 Rear LH",2-C-7-1,9346140026373,04 Bronze,27,0,0,3,1,0,0,2,1,1,2,2,0,0,1,2,2,0,3,1,0,3,0,3,3,0,2,1,0,0,1,0,3,1,0,2,1,3
SM-6886RRH,"Cor AE92,101,102 97-00 Rear RH",2-C-8-1,9346140027196,04 Bronze,28,0,0,3,1,0,0,2,1,1,2,2,0,0,1,2,2,0,3,1,0,3,0,3,3,0,2,1,0,0,1,0,3,1,0,2,1,3
SM-6887R,"Camry SV21,22 86-93 Rear SM",2-C-9-1,9346140026380,04 Bronze,41,30,0,0,0,2,0,0,2,0,0,0,0,0,0,4,0,0,2,0,0,2,0,0,2,0,0,0,0,0,0,0,0,0,0,0,4,0
SM-6888R,Murano Z51 3.5L 09-16 Rear SM,2-C-10-1,9346140026397,04 Bronze,52,0,0,0,0,0,0,-2,0,0,2,2,0,-2,0,0,0,2,0,0,0,0,0,0,0,4,0,0,0,0,2,2,0,0,0,0,0,0
SM-6889/B,"Tel AT,AV/626 GD 87-92 Front M",2-C-1-2,9346140026403,04 Bronze,9,0,0,0,0,2,0,0,0,0,0,0,0,0,0,0,0,0,0,0,0,0,0,0,0,0,2,0,0,0,0,0,0,0,0,0,0,0
SM-6890=SM-6890K,Tel AT AV/626 GD Front SM,2-C-2-2,9346140026410,07 Not Classed,0,,,,,,,,,,,,,,,,,,,,,,,,,,,,,,,,,,,,,
SM-6890K,Tel AT AV/626 GD Front SM Kit,1-D-6-2,0,05 No Sales FY25,14,0,0,0,0,0,0,0,0,0,0,0,0,0,0,0,0,0,0,0,0,0,0,0,0,0,0,0,0,0,0,0,2,-2,0,0,0,0
SM-6891R,"Tel AT,AV/626 GD 87-92 Rear SM",2-C-3-2,9346140026458,04 Bronze,22,0,0,0,0,0,0,0,0,0,0,0,0,0,0,0,2,0,0,-2,2,2,0,2,0,0,1,1,0,2,0,0,0,0,0,0,0,0
SM-6891RK,"Tel AT,AV/626 GD 87-92 Rr Kit",1-D-7-2,9346140048474,07 Not Classed,6,0,,,,,,,,,,,,,,,,,,,,,,,,,,,,,,,,,,,,
SM-6892RLH,"Tel AX,AY/626 GE Rear LH SM",2-C-4-2,9346140026465,04 Bronze,10,0,0,1,1,1,0,-1,0,0,0,0,0,0,0,1,0,0,0,0,0,0,0,0,0,0,0,0,0,0,0,0,0,1,0,0,0,0
SM-6892RRH,"Tel AX,AY/626 GE Rear RH SM",2-C-5-2,9346140026755,04 Bronze,11,0,0,0,1,1,0,-1,0,0,0,0,0,0,0,1,0,0,0,0,0,0,0,0,0,0,0,0,0,0,0,0,0,1,0,0,0,0
SM-6893RLH,626 GF 2.0L 1/00-on Rear LH SM,2-C-6-2,9346140026472,04 Bronze,9,0,1,0,0,0,0,0,0,0,1,0,0,0,0,0,0,0,0,1,0,0,0,0,0,0,0,1,0,0,1,0,0,0,0,0,1,-1
SM-6893RRH,626 GF 2.0L 1/00-on Rear RH SM,2-C-7-2,9346140026724,04 Bronze,9,0,1,0,0,0,0,0,0,0,1,0,0,0,0,0,0,0,0,1,0,0,0,0,0,0,0,1,0,0,1,0,0,0,0,0,1,-1
SM-6894RLH,626 GF 2.0L >12/99 Rear LH SM,2-C-8-2,9346140026489,04 Bronze,12,0,0,0,0,0,0,0,0,0,0,0,0,0,0,0,0,0,0,0,1,0,0,0,0,1,0,0,0,0,0,0,0,0,0,0,0,0
SM-6894RRH,626 GF 2.0L >12/99 Rear RH SM,2-C-9-2,9346140026717,04 Bronze,23,0,0,0,0,0,0,0,0,0,0,0,0,0,0,0,0,0,0,0,1,0,0,0,0,1,0,0,0,0,0,0,0,0,0,0,0,0
SM-6895RK,"Colt,Lan,Out 02-on Rear SM kit",13-A-10-3,9346140026496,02 Gold,321,0,6,2,12,14,10,6,9,8,18,11,3,8,9,10,18,21,10,29,4,19,18,26,23,17,0,18,23,41,28,9,27,10,21,14,14,24
SM-6896R,"Mon HA,HB,HC,HD,HE 2.0 Rear SM",36B-1-2,9346140026502,07 Not Classed,69,0,,,,,,,,,,,,,,,,,,,,,,,,,,,,,,,,,,,,
SM-6897RK,"Pul N15,Maxi A32 95-00 Rear SM",2-C-2-3,9346140026519,04 Bronze,26,0,4,0,2,2,0,0,2,0,2,6,2,0,0,0,0,2,4,4,2,0,0,0,0,0,0,2,0,2,4,0,4,4,0,0,2,0
SM-6898RLH,"Elan,Lant,Tibu 96- Rear LH SM",2-C-3-3,9346140026526,04 Bronze,36,0,1,3,1,0,0,0,0,0,0,-1,0,0,0,0,0,0,1,0,0,1,0,1,0,1,0,0,0,1,0,3,1,0,0,0,1,0
SM-6898RRH,"Elan,Lant,Tibu 96- Rear RH SM",2-C-4-3,9346140027202,04 Bronze,43,0,0,2,1,0,0,0,0,0,0,-1,0,0,0,0,0,0,1,0,0,1,0,1,0,1,0,0,0,1,0,3,1,0,0,0,1,0
SM-6899R,"Impr GC,GF/Libe BF,BG Rear SM",2-C-5-3,9346140026533,04 Bronze,36,0,0,2,0,0,0,-1,0,2,0,1,0,2,0,0,2,2,4,0,0,2,0,0,2,0,0,2,1,2,1,0,0,2,0,2,-2,1
SM-6900R,"Camry MCV20,36 SXV20 Rear S/M",13-C-2-5,9346140026540,03 Silver,175,0,16,17,13,10,12,12,8,17,4,2,11,8,2,14,11,4,10,12,2,8,4,10,11,3,10,12,20,8,11,4,12,7,4,10,8,22
SM-6901RK,Barina TK Rear strut Mount kit,2-C-8-3,9346140026557,04 Bronze,41,0,0,0,1,0,0,0,0,0,0,0,0,0,0,0,2,1,0,0,2,0,0,0,0,2,0,2,0,4,0,2,2,1,0,0,2,2
SM-6902/B,"Mega,Scenic 03-on Front SM W/B",2-C-8-3,9346140026564,04 Bronze,43,0,0,0,2,0,2,-2,0,0,0,0,0,4,1,0,4,2,0,-2,0,0,0,0,0,0,4,2,0,0,0,0,2,0,0,0,0,0
SM-6903/B,"Carn VQ,iload,SanFe 06-on F/SM",13-C-6-5,9346140026571,03 Silver,123,200,22,18,33,24,10,7,2,6,10,14,4,7,12,18,10,13,7,10,5,16,21,11,10,12,15,12,11,13,29,15,14,12,13,10,14,12
SM-6904B,Capri SA-SE 89-94 Front SM w/b,13-B-6-2,9346140026588,03 Silver,127,0,2,16,20,2,12,4,4,2,0,4,2,2,0,0,10,4,7,8,4,8,13,4,2,2,4,16,6,12,10,4,8,4,5,4,2,8
SM-6905K,"Hilux GGN25,KUN26 Frnt S/M Kit",13-A-6-2,9346140033340,02 Gold,329,0,6,6,8,0,8,4,6,12,27,10,7,1,12,18,12,15,25,62,9,20,18,2,6,13,12,8,18,14,13,6,17,7,21,25,21,12
SM-6906K,"Pajero NM,NP,NS,NT,NW Front SM",2-C-3-4,9346140029145,03 Silver,155,0,4,12,12,1,12,4,2,6,10,6,0,22,14,14,26,8,4,6,2,11,2,3,2,6,4,4,10,9,7,4,5,4,2,11,12,6
SM-6907,Mazda 6 GH 08-12 Front L/R SM,2-C-5-4,9346140026618,03 Silver,100,0,12,8,17,32,17,8,17,8,12,2,2,2,4,10,8,2,6,3,0,4,2,4,6,4,0,8,3,6,4,0,7,0,0,0,0,0
SM-6907/B,Mazda 6 GH 08-12 Front L/R SM,2-C-7-4,9346140043288,04 Bronze,108,100,0,0,0,0,0,0,0,6,6,4,0,0,4,0,2,8,5,4,9,2,4,3,-2,4,0,10,2,2,6,17,3,6,0,5,2,4
SM-6908K,"Acc CB, Odys RA 89-00 Front SM",2-C-8-4,9346140026625,05 No Sales FY25,50,0,0,0,0,0,0,-2,0,0,0,0,0,0,0,0,0,0,0,0,0,0,0,0,0,0,0,0,0,0,0,0,0,0,0,0,0,2
SM-6909RK,"Accord CB,CD 89-98 Rear SM Kit",2-C-8-4,9346140026632,04 Bronze,41,0,0,0,0,0,0,-2,0,0,0,0,0,0,0,0,0,0,0,2,0,0,2,0,0,0,0,4,0,0,0,0,0,0,0,0,0,0
SM-6910K,"Accord 2.3,3.0L 98-03 Frnt SM",2-C-9-4,9346140026649,04 Bronze,37,0,2,0,0,0,0,-2,4,0,0,0,0,2,0,0,0,0,1,2,2,0,0,2,0,2,0,2,0,0,2,0,0,0,0,0,0,2
SM-6911K,CRV RD 2.0L 95-01 Front SM kit,2-C-10-4,9346140027110,04 Bronze,15,30,1,0,0,4,4,-2,0,2,4,0,0,-2,0,2,6,-2,0,0,0,2,3,-5,0,2,2,4,2,0,2,-2,1,1,2,4,0,0
SM-6912K,"Accord CL,CM 02-08 Frnt SM Kit",13-C-2-2,9346140027127,03 Silver,199,0,8,8,6,2,9,6,2,4,9,10,6,6,3,10,15,4,4,10,7,12,7,6,12,3,5,6,13,13,20,7,8,8,19,12,7,12
SM-6913K,"Civ,CRV,Inte,S2000 87-01 Front",2-D-2-1,9346140027134,03 Silver,51,100,5,6,4,6,12,4,6,2,6,1,0,0,0,4,6,6,4,2,2,3,9,8,0,6,7,4,3,2,4,2,3,2,2,10,2,2
SM-6914RK,CRV RE 2.4L 06-12 Rear SM kit,2-D-3-1,9346140027141,04 Bronze,50,0,2,8,6,0,8,4,-2,6,0,2,8,0,4,0,0,6,2,4,0,2,0,0,6,2,4,4,14,-2,0,2,4,6,3,1,-2,8
SM-6915RK,Civic FD1/2 06-12 Rear SM kit,2-D-4-1,9346140027158,04 Bronze,50,0,2,2,0,0,0,2,2,2,0,0,2,-2,2,2,2,0,0,0,2,0,4,2,0,0,2,0,2,2,4,0,0,0,0,2,2,6
SM-6916/B,Mit.380 3.8L 05-08 Front SM WB,2-D-5-1,9346140029695,04 Bronze,77,0,4,0,0,0,0,2,0,6,0,2,0,0,0,0,2,0,2,4,0,2,2,2,0,0,0,4,2,4,2,0,0,0,0,0,0,-1
SM-6917R,"Aurion,Cam.ACV40 06 Rear LR SM",2-D-6-1,9346140032459,03 Silver,92,0,6,8,10,13,4,4,2,4,4,9,10,3,8,8,5,8,10,10,4,1,11,6,2,4,5,2,2,7,4,1,10,2,1,2,7,13
SM-6918RLH,Coro ZZE122/123 1.8L Rear LH,2-D-7-1,9346140027189,04 Bronze,43,0,0,0,1,1,0,1,2,2,0,0,0,0,1,1,1,1,2,1,2,0,4,-1,2,0,0,3,1,0,2,0,1,0,1,1,0,4
SM-6918RRH,Coro ZZE122/123 1.8L Rear RH,2-D-8-1,9346140028322,04 Bronze,24,0,0,0,1,1,0,1,2,2,0,0,0,1,1,1,1,1,2,1,2,0,4,0,2,0,0,2,1,0,2,0,1,0,1,1,0,4
SM-6919B,Coro AE82 1.6L 86-89 Front SM,2-D-9-1,9346140028070,05 No Sales FY25,5,30,0,0,0,0,0,0,0,0,0,0,0,0,0,0,0,0,0,0,0,0,0,0,0,0,0,4,0,0,0,2,2,0,0,0,2,0
SM-6920/B,"200SX,Silvia 84-88 Front SM WB",2-D-10-1,9346140028087,06 First Sale in FY26,9,0,0,0,0,0,0,0,0,0,0,0,0,0,0,0,0,0,0,0,0,0,0,0,0,0,0,0,2,0,0,0,0,0,0,0,0,0
SM-6921/B,300ZX 3.0L 84-89 Front SM W/B,2-D-1-2,9346140028094,04 Bronze,18,0,0,0,0,2,2,0,0,2,2,0,0,0,0,0,0,0,2,0,0,0,2,0,2,0,0,0,0,2,2,0,0,0,2,2,2,2
SM-6922,Matiz M100/150 99-04 Front SM,2-D-1-2,9346140028100,04 Bronze,29,0,0,0,0,0,2,0,0,0,0,2,0,4,0,0,0,2,0,0,2,0,0,-1,0,0,0,6,0,0,0,0,0,0,2,-1,0,2
SM-6923/B,Barina SB 94-02 Front SM WB,2-D-2-2,9346140028117,04 Bronze,52,0,0,0,0,0,0,0,0,0,0,-2,0,4,-2,0,0,0,0,0,0,0,4,-2,0,0,0,0,0,0,0,0,0,0,2,0,0,0
SM-6924R,Mag TE/F/H/J/K/L 96-04 Rear SM,2-D-2-2,9346140028124,04 Bronze,15,0,0,0,0,0,0,0,2,0,0,2,0,4,0,0,0,0,0,0,0,0,0,0,0,0,2,0,0,0,0,0,0,0,2,0,2,0
SM-6925B,Prius Hyb 1.5L 01-03 Front SM,2-D-4-Top,9346140028131,05 No Sales FY25,12,0,0,0,0,0,0,0,0,0,0,0,0,0,0,0,0,0,0,0,0,0,0,0,0,0,0,0,0,0,2,0,0,0,0,0,0,2
SM-6926RLH,Kluger GSU40/45 08- Rear LH SM,13-B-7-3,9346140028148,04 Bronze,68,0,3,2,6,2,0,4,3,0,4,2,2,3,2,0,4,4,12,0,-1,2,4,1,4,4,6,8,6,9,4,4,9,6,2,4,1,10
SM-6926RRH,Kluger GSU40/45 08- Rear RH SM,13-B-6-3,9346140029879,04 Bronze,81,0,3,2,6,2,0,3,3,0,4,1,2,3,2,1,4,3,12,0,-1,2,4,0,4,3,6,7,6,9,1,4,9,7,2,5,1,9
SM-6927K,"Audi A4,S4,A6,S6 Front SM",2-D-4-2,9346140028155,05 No Sales FY25,23,0,0,0,0,0,0,0,0,0,0,0,0,0,0,0,0,0,0,0,0,0,0,0,0,0,0,0,0,0,0,0,0,0,0,0,0,0
SM-6928K,350Z Z33 3.5L 02-09 Front SM,2-D-4-2,9346140028162,04 Bronze,78,0,2,0,2,2,0,4,4,-2,0,0,0,0,0,1,3,2,0,0,0,0,2,0,2,6,2,4,6,-2,0,0,0,0,0,2,0,0
SM-6929R,"Epica EP 2.0,2.5L 07- Rear SM",2-D-1-Top,9346140028179,04 Bronze,6,0,0,0,0,0,0,0,0,0,0,0,0,0,0,0,0,0,0,2,0,0,0,0,0,0,0,0,0,0,0,0,0,0,0,0,0,0
SM-6930RLH,"Fore,Impr,Libe 94-03 Rear L SM",2-D-5-2,9346140028186,04 Bronze,19,0,2,1,2,1,-1,0,0,1,2,0,1,1,2,0,1,1,0,0,1,0,0,1,0,1,1,0,2,1,0,1,2,2,0,0,2,0
SM-6930RRH,"Fore,Impr,Libe 94-03 Rear R SM",2-D-6-2,9346140029046,04 Bronze,19,0,2,1,2,1,-1,1,0,1,2,1,1,1,2,0,1,1,0,0,1,0,0,1,0,1,1,0,2,0,0,1,2,2,0,0,2,0
SM-6931R,"Fore,Impr,Libe 07-on Rear S/M",2-D-7-2,9346140028193,03 Silver,135,0,4,3,12,6,4,12,8,8,7,7,12,7,4,14,6,17,9,1,0,8,5,18,8,10,8,10,12,4,6,4,2,10,5,12,5,12
SM-6932B,Maz RX7 1.3L 86-91 Front SM WB,2-D-2-Top,9346140028209,04 Bronze,18,0,0,0,0,0,0,0,0,0,0,0,0,2,0,0,0,0,0,0,0,0,0,0,0,0,0,2,0,0,0,0,0,0,0,0,2,0
SM-6933K,"Maz BT50,Ran PX Front SM Kit",2-D-9-2,9346140028216,03 Silver,207,0,1,6,15,17,8,8,10,2,10,14,9,12,10,9,17,4,6,4,4,12,3,2,5,4,4,0,10,8,2,8,4,2,10,5,5,5
SM-6934R,"Accent MC, Rio JB Rear SM",2-D-1-3,9346140028223,04 Bronze,15,0,0,0,0,2,-2,0,0,0,0,0,0,0,0,0,0,0,0,0,0,0,0,0,0,0,2,0,3,2,0,0,0,1,2,0,2,0
SM-6935LH/B,"Magen,Optima 04-10 Front SM LH",2-D-1-3,9346140028230,04 Bronze,53,0,1,1,0,0,1,0,0,0,2,0,0,1,0,0,0,0,1,1,-1,0,0,0,1,-1,0,3,-1,0,0,0,0,0,0,0,0,0
SM-6935RH/B,"Magen,Optima 04-10 Front SM RH",2-D-2-3,9346140029855,04 Bronze,51,0,1,1,0,0,1,0,0,0,2,0,0,1,0,0,0,0,1,1,-1,0,0,0,1,-1,0,3,-1,0,1,0,0,0,0,0,0,0
SM-6936K,Chry 300C All 05-12 Front SM,2-D-2-3,9346140028247,04 Bronze,23,0,4,6,2,4,0,4,0,0,2,2,0,0,2,2,0,2,2,0,2,2,0,0,0,0,2,2,2,2,0,0,0,2,6,0,0,0
SM-6937/B,VW Polo 9N 00-10 Front SM W/B,2-D-3-Top,9346140028254,04 Bronze,33,0,0,0,0,0,0,0,0,4,0,0,0,2,0,0,0,0,0,0,0,0,2,2,0,0,0,0,0,2,0,-2,2,0,0,3,2,2
SM-6938,"Q7,Cayenn,Touareg 02-10 F&R SM",2-D-3-3,9346140028261,04 Bronze,15,50,1,0,2,0,0,0,2,0,0,2,2,0,0,2,0,0,0,0,2,0,2,8,0,0,2,0,0,0,0,6,4,0,0,2,1,2
SM-6939RK,"Maxi A33, Path R50 Rear SM Kit",2-D-3-3,9346140028278,04 Bronze,29,0,2,0,0,0,0,0,0,0,1,0,2,4,0,0,0,0,4,2,0,0,0,2,0,2,0,2,2,2,0,2,2,0,2,2,0,-2
SM-6940K,Peugeot 307 01-08 Front SM kit,2-D-4-3,9346140028285,04 Bronze,112,0,11,3,11,4,2,2,0,2,0,5,4,11,1,4,0,6,2,0,6,2,0,1,10,8,6,2,4,1,0,8,2,0,2,4,2,0
SM-6941B,Celica ZZT231 1.8L Front SM WB,2-D-5-3,9346140028292,04 Bronze,12,0,0,2,0,2,2,0,0,0,0,0,0,2,0,0,2,0,0,2,0,0,2,0,2,0,0,0,0,0,0,2,1,0,0,0,0,0
SM-6942LH/B,Peugeot 206 98-on Front LH SM,2-D-5-Top,9346140028308,04 Bronze,30,0,0,0,0,1,0,0,1,0,0,0,1,0,0,0,0,0,0,0,1,0,0,0,0,0,0,0,0,0,0,0,0,0,0,0,0,1
SM-6942RH/B,Peugeot 206 98-on Front RH SM,2-D-6-Top,9346140028759,04 Bronze,28,0,0,0,0,1,0,0,1,0,0,0,1,0,0,0,0,1,0,1,1,0,0,0,0,0,0,0,0,0,0,0,0,0,0,0,0,1
SM-6943B,"Vol S40,V40 97-99 Front SM WB",2-D-6-3,9346140028315,04 Bronze,32,0,0,0,0,0,0,0,0,0,0,0,0,0,3,2,-2,-2,0,0,0,0,0,0,0,0,0,0,0,0,0,0,0,0,0,0,0,0
SM-6944/B,"Vol S40,V40 00-04 Front SM WB",2-D-7-3,9346140028353,04 Bronze,57,0,0,0,4,0,0,0,1,0,0,2,2,0,3,2,2,0,0,0,0,0,0,0,0,0,4,0,0,0,4,0,0,0,0,0,0,0
SM-6945K,G.Cherokee WK 05-11 Front SM K,2-D-8-3,9346140028360,04 Bronze,57,0,2,0,0,0,0,0,8,1,-1,0,0,0,0,0,2,0,2,0,2,0,0,2,0,0,6,0,0,2,0,0,2,2,4,4,-2,0
SM-6946B,"Excel 1,Colt RD 86-89 Front SM",2-D-9-4,9346140028377,04 Bronze,20,0,0,0,0,4,0,0,0,0,0,0,0,0,0,0,0,0,0,0,0,0,0,2,0,0,0,0,0,0,0,0,0,0,0,0,0,0
SM-6947/B,"Accent MC,Kia Rio JB Front SM",2-D-9-3,9346140028384,04 Bronze,43,100,0,6,4,2,2,4,4,0,8,2,2,6,2,2,2,4,6,4,2,9,2,2,2,4,4,6,4,3,2,4,2,4,4,6,0,8
SM-6948R,"Acc LC,Char G200,Exc X3 Rear",2-D-10-3,9346140028391,04 Bronze,56,0,0,6,0,2,6,0,0,2,0,0,2,-2,0,0,2,2,0,0,2,2,0,0,6,4,2,4,6,2,0,6,2,2,4,2,0,3
SM-6949K,"NavD40,PathR51 05-14 Front SM",13-C-4-5,9346140028407,03 Silver,308,0,6,2,5,19,16,8,9,9,26,21,4,9,9,22,12,6,17,8,11,11,5,4,7,9,4,12,10,7,9,8,9,4,8,10,0,9
SM-6950R,Maz2 DE 1.5L 07-13 Rear S/M,2-D-3-4,9346140028414,04 Bronze,52,0,2,3,0,0,0,2,2,0,4,0,0,0,0,0,8,6,0,0,0,2,0,0,0,0,0,2,2,2,8,2,2,0,0,0,4,2
SM-6951K,"Prado GRJ,JDJ.KJZ120 Front SM",2-D-3-4,9346140028421,04 Bronze,98,0,0,2,0,4,1,0,0,2,0,2,0,0,0,0,0,0,2,2,0,0,3,4,8,2,2,4,0,0,0,8,0,0,2,5,5,6
SM-6952,"Sprinter,Crafter 06-on Frnt SM",2-D-4-4,9346140028438,04 Bronze,36,100,2,0,2,4,4,8,2,4,8,-1,5,6,4,3,0,2,7,2,2,2,0,4,4,3,0,14,8,0,9,7,5,4,0,4,2,2
SM-6953K,"D-Max,Rodeo RA 03-08 Frnt SM K",13-A-4-4,9346140028445,01 Platinum,317,0,2,9,8,7,12,10,10,4,14,26,35,23,34,16,14,10,24,17,25,16,24,48,33,40,22,7,12,20,16,32,24,29,17,25,26,18
SM-6954B,"MR2 SW20, ZZW30 89-06 Front SM",2-D-7-4,9346140028452,04 Bronze,35,0,0,0,2,8,2,2,0,0,2,0,0,0,0,0,2,0,0,0,0,0,0,0,0,0,0,2,-2,2,4,0,0,0,0,0,0,0
SM-6955B,"S60,S80,V70,XC70,XC90 Front SM",2-D-8-4,9346140028469,04 Bronze,49,0,12,2,10,4,6,3,6,0,2,0,2,0,0,0,6,2,0,0,0,2,0,2,-2,0,0,0,2,0,0,0,0,0,1,-2,0,0
SM-6955BK,"S60-80,XC70-90 Front Up/Low SM",13-A-6-4,9346140042588,02 Gold,146,100,21,12,24,22,12,10,6,10,8,16,15,15,15,27,24,14,20,14,14,19,14,3,13,11,25,13,19,15,12,10,7,8,1,9,11,6
SM-6956R,Viva JF 1.8L 05-09 Rear S/M,26-A-1-1,9346140028476,04 Bronze,36,0,0,2,0,0,0,0,0,2,0,0,2,0,0,2,0,0,0,0,2,0,0,0,0,0,0,0,0,0,0,-2,2,0,0,0,0,0
SM-6957R,"RX330-350,Kluger MCU28 Rear SM",13-B-9-1,9346140028483,04 Bronze,70,0,2,4,3,4,0,5,4,4,2,-2,4,2,1,2,2,0,2,0,0,0,3,2,10,4,1,6,0,6,2,0,2,2,2,2,0,2
SM-6958RK,Accord CP 08-13 Rear SM Kit,13-B-5-4,9346140028490,04 Bronze,48,0,8,2,0,0,6,2,2,4,3,0,0,9,4,2,0,6,0,4,-2,2,2,1,4,2,2,4,0,4,6,0,6,2,2,4,2,2
SM-6959/B,Captiva CG 11-on Front SM W/B,26-A-2-1,9346140028858,04 Bronze,123,0,6,2,5,0,2,2,1,0,1,1,0,0,0,1,-1,0,1,2,0,0,0,2,0,0,0,2,0,0,0,0,0,-2,0,0,0,0
SM-6960B,"Barina MJ,TM 10-on Front S/M",13-A-5-5,9346140031636,01 Platinum,326,0,54,42,36,28,21,23,21,18,24,22,24,34,29,42,17,33,36,33,22,27,21,30,31,21,29,21,33,38,27,29,14,29,21,16,22,37
SM-6960R,Barina MJ 1.2L 10-16 Rear SM K,26-A-3-1,9346140045411,04 Bronze,40,0,0,0,0,0,0,0,0,0,0,0,0,0,0,0,0,0,0,0,0,0,0,0,0,0,2,0,0,0,0,4,0,4,0,0,0,0
SM-6961/B,Suz SX4 RW420 06-on Front SM,13-B-4-5,9346140028957,03 Silver,156,0,7,8,2,16,6,6,4,0,6,4,4,1,4,6,10,4,6,4,4,12,7,0,12,4,17,19,17,16,8,12,7,4,2,18,4,6
SM-6962/B,"VW Cara,Tran T5 04-on Front SM",13-A-6-5,9346140029138,02 Gold,201,0,18,9,2,17,16,30,18,24,22,21,15,6,11,20,11,24,15,15,24,20,18,19,16,18,10,6,15,25,29,18,28,12,19,23,12,12
SM-6963/B,Maxi J32 3.5L 09-14 S/M w/b,26-A-4-1,9346140029602,04 Bronze,59,0,4,0,0,0,0,0,0,0,0,0,0,0,2,2,0,0,0,0,0,0,0,0,0,0,0,0,2,2,0,0,0,0,0,0,0,0
SM-6964R,"Magna TR,TS 92-96 Rear SM",26-A-5-1,9346140029619,04 Bronze,22,0,0,0,0,0,0,0,0,0,0,0,0,0,0,0,0,0,2,0,0,2,0,0,0,0,0,0,0,0,0,2,0,0,0,0,0,0
SM-6965/B,"Vol S60/80,V60,XC60/70 Fnt W/B",13-C-3-3,9346140032688,04 Bronze,50,0,2,4,12,0,6,3,4,6,7,3,2,3,0,3,4,6,-2,0,2,4,7,4,2,1,3,6,3,0,4,4,7,2,2,0,3,2
SM-6966/B,"X5 E53 3.0,4.4,4.6 01-07 Fr SM",26-A-6-1,9346140029633,04 Bronze,38,0,1,2,0,0,0,2,0,0,0,0,0,0,0,2,0,0,0,0,0,0,0,0,0,0,0,0,0,2,1,1,0,2,0,0,0,0
SM-6967R,"X5 E53 3.0,4.4,4.6 01-07 Rear",26-A-7-1,9346140029640,07 Not Classed,15,0,,,,,,,,,,,,,,,,,,,,,,,,,,,,,,,,,,,,
SM-6968LHK,"Acc CP,CU 08-13 Front L/SM Kit",13-B-6-5,9346140029657,04 Bronze,77,0,3,0,4,2,2,1,1,2,5,2,3,3,7,3,3,2,4,3,11,2,7,1,3,3,2,6,-1,3,10,0,3,2,5,0,5,7
SM-6968RHK,"Acc CP,CU 08-13 Front R/SM Kit",13-B-5-5,9346140032701,04 Bronze,77,0,3,1,4,2,1,1,1,2,5,2,3,2,8,4,2,2,5,2,11,2,7,1,4,3,2,6,-1,3,11,1,2,2,5,0,5,7
SM-6970B,"Sub DL,GL 1.8L 84-95 Front SM",26-A-8-1,9346140029671,04 Bronze,43,0,2,5,0,4,-2,0,0,0,0,2,2,0,0,4,2,0,0,0,0,4,0,2,2,0,2,0,0,0,4,0,2,0,2,2,2,2
SM-6971RK,"Civic, CRV 01-06 Rear S/M kit",13-B-7-5,9346140029688,03 Silver,89,0,2,0,4,2,10,8,0,10,0,0,0,5,10,7,6,10,8,6,6,3,4,10,6,2,2,8,6,14,7,7,-1,2,12,4,1,3
SM-6972/B,"Tel AR-AS,626 GC Front SM W/B",26-A-9-1,9346140031278,04 Bronze,22,0,0,0,0,0,2,0,0,0,0,0,2,0,0,0,0,1,0,0,0,0,0,2,0,-1,0,2,0,2,0,0,4,0,2,0,0,0
SM-6972/BK,"Tel AR-AS,626 GC Fr SM W/KI",1-D-8-2,9346140048467,07 Not Classed,10,0,,,,,,,,,,,,,,,,,,,,,,,,,,,,,,,,,,,,
SM-6973RLH,"Tel AR-AS,626 GC Rear LH SM",2-D-1-4,9346140031285,05 No Sales FY25,8,0,1,0,0,0,0,0,0,0,0,0,0,0,0,0,0,0,0,0,0,0,0,0,0,0,0,1,0,0,0,0,1,0,0,0,0,1
SM-6973RRH,"Tel AR-AS,626 GC Rear RH SM",2-D-2-4,9346140031902,05 No Sales FY25,8,0,1,0,0,0,0,0,0,0,0,0,0,0,0,0,0,0,0,0,0,0,0,0,0,0,0,1,0,0,0,0,1,0,0,0,0,1
SM-6974RK,"Civ,CRV,Inte,S2000 87-01 Rear",26-A-10-1,9346140031292,04 Bronze,26,100,3,2,4,2,8,4,0,4,0,4,2,0,2,0,6,0,4,0,0,4,4,6,3,2,2,2,0,0,2,2,0,0,0,2,4,1
SM-6975LH/B,"Dual J10,X-Trail T31 Front LH",13-A-2-3,9346140031964,03 Silver,143,0,7,6,10,11,7,9,3,9,5,7,6,6,9,14,17,11,10,9,7,18,8,10,7,9,9,11,15,8,13,18,6,12,12,17,7,14
SM-6975RH/B,"Dual J10,X-Trail T31 Front RH",13-A-1-3,9346140031308,03 Silver,140,0,7,6,10,10,7,8,4,11,5,8,7,9,10,12,16,10,10,9,7,14,8,10,8,9,10,10,15,10,11,17,8,12,14,15,6,14
SM-6976R,Cam SDV10/SXV10 93-98 Rear SM,26-A-11-1,9346140031315,04 Bronze,34,0,6,0,0,2,0,0,0,0,0,2,2,2,0,0,0,0,0,2,0,0,0,0,4,0,4,2,0,0,2,0,0,0,2,0,0,0
SM-6977R,"BMW 730,735,740i E38 Rear SM",26-A-12-1,9346140031322,05 No Sales FY25,7,0,0,0,0,0,0,0,0,0,0,0,0,0,0,0,0,0,0,0,0,0,0,0,0,0,0,0,0,0,0,0,0,0,0,0,0,0
SM-6978LHB,"BMW M3, Z3 3.2L E36 Front LH",26-A-1-2,9346140031339,04 Bronze,10,0,0,1,0,0,0,0,0,0,0,1,0,0,0,0,0,2,0,0,0,1,0,0,0,0,0,0,0,0,1,2,0,1,0,0,2,3
SM-6978RHB,"BMW M3, Z3 3.2L E36 Front RH",26-A-2-2,9346140032718,04 Bronze,11,0,0,1,0,0,0,0,0,0,0,1,0,0,0,0,0,2,0,0,0,1,0,0,0,0,0,0,0,0,0,2,0,1,0,0,2,3
SM-6979RLH,"Lib BC,BD FWD 94-98 Rear LH SM",26-A-3-2,9346140031346,07 Not Classed,8,0,,,,,,,,,,,,,,,,,,,,,,,,,,,,,,,,,,,,
SM-6979RRH,"Lib BC,BD FWD 94-98 Rear RH SM",26-A-4-2,9346140032725,07 Not Classed,6,0,,,,,,,,,,,,,,,,,,,,,,,,,,,,,,,,,,,,
SM-6980K,Sonata NF 05-08 Front SM Kit,26-A-5-2,9346140032732,04 Bronze,21,30,0,0,6,0,0,0,0,0,0,2,4,2,2,-2,2,0,2,0,0,0,0,0,2,2,4,2,0,0,2,0,0,0,0,4,0,2
SM-6981RK,"Accord CG,CK 97-03 Rear SM Kit",26-A-6-2,9346140032749,07 Not Classed,13,0,,,,,,,,,,,,,,,,,,,,,,,,,,,,,,,,,,,,
SM-6982RLH,"Tucs JM,Sport KM Rear LH SM",26-A-7-2,9346140032756,04 Bronze,13,0,1,1,0,0,0,0,0,0,0,0,0,0,1,1,0,0,0,0,1,0,0,0,1,0,0,1,0,0,0,0,0,0,0,0,1,0
SM-6982RRH,"Tucs JM,Sport KM Rear RH SM",26-A-8-2,9346140032763,04 Bronze,14,0,1,1,0,0,0,0,0,0,0,0,0,0,1,1,0,0,0,0,1,0,0,0,1,0,0,1,0,0,0,0,0,0,0,0,1,0
SM-6983K,Sorrento BL 03-09 Front SM kit,26-A-9-2,9346140032770,04 Bronze,61,0,2,0,0,0,0,0,0,0,0,0,0,0,0,0,0,0,0,2,0,0,0,0,0,0,2,0,0,0,0,0,0,0,0,0,0,2
SM-6984R,"A3,Bora,Golf,Beet,Polo Rear SM",13-B-7-2,9346140032787,04 Bronze,41,0,2,0,2,0,0,2,0,2,0,2,2,0,2,0,0,0,0,2,2,0,2,2,0,0,0,6,4,2,2,2,0,3,3,2,1,3
SM-6985/B,Comp/Pat MK 07-on Front SM W/B,2-A-3-5,9346140032794,03 Silver,282,0,13,17,25,10,10,4,10,12,1,4,13,10,6,15,11,4,8,10,8,7,12,6,6,2,4,9,2,10,7,11,6,4,12,3,0,8
SM-6986RK,Focus LR 02-04 Rear SM,26-A-10-2,9346140032800,05 No Sales FY25,14,0,0,0,0,0,0,0,0,0,2,0,0,0,0,0,0,0,0,0,0,0,0,0,0,0,0,0,0,2,0,2,2,0,0,0,0,0
SM-6987/B,"Maz3/6, CX5 12-17 Front SM W/B",13-A-10-5,9346140032817,02 Gold,270,0,7,1,13,14,11,11,9,13,10,17,11,21,14,17,6,9,13,15,10,15,17,20,25,18,11,20,8,22,40,14,19,9,16,13,9,11
SM-6988K,G.Cherokee WK 11-on Front SM K,2-A-5-5,9346140032824,03 Silver,125,100,8,12,12,0,16,22,15,3,3,10,7,4,12,4,11,5,12,6,8,9,9,8,7,6,6,10,15,27,9,11,4,2,5,5,6,7
SM-6988R,G.Cherokee WK 11-on Rear SM K,13-B-10-5,9346140041802,03 Silver,148,0,2,0,0,4,0,4,0,-2,6,2,2,0,4,0,2,4,4,12,6,14,4,14,26,8,8,6,2,2,2,4,4,-1,6,2,6,4
SM-6989LHK,Chero KJ 01-08 Front LH SM Kit,26-A-11-2,9346140032831,04 Bronze,40,0,1,1,0,1,1,-1,1,2,1,0,0,0,0,0,1,0,0,0,0,0,0,0,0,0,0,0,0,0,0,0,0,0,0,0,0,0
SM-6989RHK,Chero KJ 01-08 Front RH SM Kit,26-A-12-2,9346140032848,04 Bronze,41,0,1,1,0,1,1,-1,1,2,1,0,0,0,0,1,1,0,0,0,0,0,0,0,0,0,0,0,0,0,0,0,0,0,0,0,0,0
SM-6990/B,Odyss RB 04-14 Front SM W/B,26-A-13-2,9346140032855,05 No Sales FY25,54,0,0,0,0,0,0,0,0,0,0,0,0,0,0,0,0,0,0,0,0,0,0,0,0,0,0,0,0,0,0,0,0,0,0,0,0,0
SM-6991/B,"Vectra ZC,Saab 9-3 Front SM WB",26-A-14-2,9346140032862,04 Bronze,38,0,2,0,2,0,0,0,0,2,0,2,0,0,0,0,0,2,0,0,2,2,0,4,0,0,0,4,0,0,0,0,0,0,0,0,0,0
SM-6992RK,Celi ZZT231 1.8L 99-06 Rear SM,26-A-1-3,9346140032879,04 Bronze,7,30,0,2,0,0,0,0,0,0,0,0,0,2,0,0,0,0,1,0,0,0,0,0,2,0,0,2,0,0,0,2,0,0,0,0,0,0
SM-6993/B,G.Voyager RT 08-on Front SM WB,26-A-2-3,9346140033005,04 Bronze,34,0,2,3,0,0,0,0,0,3,0,0,2,2,2,0,2,0,0,0,0,0,0,0,0,2,0,2,0,0,0,0,0,2,0,0,0,1
SM-6994RK,"Fore SG,Imp GD 02-08 Rear SM K",13-C-2-4,9346140033012,03 Silver,97,100,1,4,5,5,1,1,0,0,9,4,2,2,6,2,10,8,6,3,0,4,6,2,6,2,8,-2,6,6,11,7,4,4,12,8,4,0
SM-6995/B,PT Cruiser 00-10 Front SM W/B,26-A-3-3,9346140033029,04 Bronze,17,0,2,0,2,0,0,0,0,0,0,0,0,0,0,0,0,1,0,0,0,0,0,0,0,0,0,2,0,0,1,0,0,0,0,0,0,0
SM-6996B,MiniCooper/D/S/JCW Front SM WB,26-A-4-3,9346140033036,04 Bronze,35,0,0,2,0,0,0,1,0,0,2,0,2,3,0,2,2,0,0,0,0,0,0,0,2,0,4,-2,0,0,0,2,0,0,2,4,-2,0
SM-6997B,Cooper R50-53 1.6L 02-09 Front,13-C-9-4,9346140033043,04 Bronze,58,0,0,4,2,0,4,8,2,0,2,3,2,0,6,3,2,7,0,1,2,0,4,2,2,2,1,6,4,0,2,0,2,3,2,2,0,0
SM-6998RK,Mini Cooper/D/S/JCW Rear L/R,26-A-5-3,9346140042823,04 Bronze,139,0,0,0,0,0,0,0,0,0,0,0,0,2,2,0,6,2,0,0,0,0,8,2,0,2,1,4,0,2,0,0,0,0,0,6,0,2
SM-6998RLH,Mini Cooper/D/S/JCW Rear LH SM,26-A-6-3,9346140033050,04 Bronze,41,0,2,4,3,4,3,3,0,3,0,2,1,1,3,1,2,1,0,0,0,0,0,0,0,0,0,0,0,2,1,3,0,4,1,7,4,0
SM-6998RRH,Mini Cooper/D/S/JCW Rear RH SM,26-A-7-3,9346140033357,04 Bronze,44,0,2,4,3,4,3,2,0,3,0,2,1,1,3,1,0,1,0,0,0,0,0,0,0,0,0,0,1,2,1,3,0,4,1,8,3,0
SM-6999,Amarok 2H 2.0L Front Strut Mt,13-B-7-1,9346140033067,03 Silver,94,100,4,6,6,0,3,4,0,1,10,20,24,11,8,10,12,24,0,4,2,6,3,4,4,6,10,6,7,3,4,6,4,4,4,11,9,2
SM-7000/B,Max J30 3.0L 90-95 Front SM WB,26-A-8-3,9346140033074,05 No Sales FY25,27,0,0,0,0,0,0,0,0,0,0,0,0,0,0,0,0,0,0,0,0,0,0,0,0,0,0,0,0,0,2,0,0,0,0,0,0,0
SM-7001RLH,Max J30 3.0L 90-95 Rear LH SM,26-A-9-3,9346140033081,07 Not Classed,10,0,,,,,,,,,,,,,,,,,,,,,,,,,,,,,,,,,,,,
SM-7001RRH,Max J30 3.0L 90-95 Rear RH SM,26-A-10-3,9346140033098,07 Not Classed,10,0,,,,,,,,,,,,,,,,,,,,,,,,,,,,,,,,,,,,
SM-7002R,Maxi J32 3.5L 09-14 Rear S/M,26-A-11-3,9346140036228,05 No Sales FY25,22,0,0,0,0,0,0,0,0,0,0,0,0,0,0,0,0,0,0,0,0,0,0,0,0,0,0,0,0,0,2,0,0,0,0,2,0,0
SM-7003/B,"iX35 LM,Sport SL 10-15 F/SM WB",13-C-1-5,9346140036235,03 Silver,86,100,13,0,4,14,9,6,2,6,9,13,21,13,4,4,4,5,17,11,2,20,7,16,20,7,8,2,4,6,4,10,5,7,13,17,5,9
SM-7004/B,"i40 VF,Optima TF 11-on F/SM WB",26-A-12-3,9346140036242,04 Bronze,23,0,1,3,3,3,0,0,2,2,0,0,2,0,3,4,0,3,0,0,0,0,2,0,0,2,0,2,0,0,0,0,0,1,0,2,0,2
SM-7005/B,"Santa CM,Sore XM 09-15 F/SM WB",13-C-1-3,9346140036259,03 Silver,122,0,10,4,10,12,8,8,3,7,12,2,12,6,6,6,4,6,4,5,5,5,6,9,7,2,6,5,4,8,0,5,4,0,11,4,6,2
SM-7006/B,"i20,Acc RB,Soul 09-14 Front SM",2-B-6-3,9346140036266,03 Silver,189,100,11,15,15,10,7,14,12,19,3,9,11,6,7,19,14,5,8,7,8,8,14,18,12,14,12,22,8,13,10,7,9,17,11,17,10,10
SM-7007/B,Picanto 1.3L 11-17 Front SM WB,26-A-13-3,9346140036945,04 Bronze,60,0,1,0,-1,0,0,0,0,0,0,1,2,0,0,0,0,0,0,0,0,2,3,0,0,0,0,0,0,0,4,-2,0,0,1,-1,0,4
SM-7008/B,Merc W204 C180-C350 Front SM,2-C-2-2,9346140036952,04 Bronze,101,0,0,2,4,6,4,1,1,0,4,2,4,8,2,10,4,2,2,1,2,0,2,4,6,6,2,5,2,2,5,2,0,2,2,5,-1,9
SM-7008R,Merc W204 C180-C350 Rear SM,26-B-1-1,9346140043707,04 Bronze,17,0,0,0,0,0,0,0,0,0,0,0,0,0,0,0,0,0,0,4,1,0,0,0,0,2,0,2,0,0,0,0,0,0,0,0,2,0
SM-7009/B,X-trail T32 14-on Front SM W/B,13-A-7-5,9346140036969,02 Gold,290,0,2,11,27,14,7,21,12,10,19,19,11,13,13,9,18,16,17,13,15,46,23,22,29,18,20,20,18,18,20,24,22,18,26,21,19,7
SM-7010R,"Echo NCP12,NCP13 Rear SM kit",26-B-2-1,9346140036976,04 Bronze,57,0,0,0,0,0,0,0,0,0,2,0,0,0,0,2,0,0,0,0,0,2,0,0,0,0,0,2,4,0,0,0,0,0,2,1,0,0
SM-7011R,Yaris NCP90-NCP131 Rear SM kit,26-B-3-1,9346140036983,04 Bronze,25,0,0,4,0,0,0,0,0,0,0,2,0,2,0,2,0,0,1,2,-2,2,0,0,2,0,2,2,0,0,0,4,2,0,2,4,0,0
SM-7012R,MR2 ZZW30 2.0L 00-06 Rear SM,26-B-4-1,9346140036990,05 No Sales FY25,13,0,0,0,0,0,0,0,0,1,2,2,0,0,0,0,0,0,0,0,0,0,0,0,0,0,0,2,0,0,0,0,0,0,0,0,0,0
SM-7013/B,"Micra K13 1.3,1.5L Front SM WB",2-C-1-3,9346140037164,04 Bronze,43,100,4,2,0,0,6,0,0,0,2,0,0,4,0,2,0,2,0,2,0,4,4,4,8,2,6,6,4,6,0,0,2,2,4,2,9,2
SM-7015/B,Kizashi FR 2.4L 10-16 Front SM,26-B-5-1,9346140037188,04 Bronze,36,0,0,0,0,0,0,0,0,0,0,0,0,0,0,0,0,0,2,0,0,0,2,0,5,0,0,0,0,0,1,0,0,0,0,0,0,0
SM-7016/B,"i30 GD,Cerato YD 12-on Frnt SM",13-A-8-5,9346140037195,02 Gold,101,100,9,8,10,11,9,12,10,11,16,7,5,12,35,23,20,27,15,18,20,27,16,14,8,28,16,14,3,24,29,16,15,27,15,17,10,12
SM-7017/BK,"Focus LW,LZ 11-on Front SM Kit",13-B-8-5,9346140042892,03 Silver,186,0,3,4,0,0,0,4,2,0,2,1,4,1,2,11,5,17,3,6,7,2,10,8,10,11,9,12,6,7,5,4,2,13,5,11,9,18
SM-7018/B,Kluger GSU50 14-on Front SM WB,13-B-1-5,9346140037218,03 Silver,133,100,1,8,5,5,0,4,1,8,8,11,8,0,2,13,3,7,14,8,12,6,8,18,16,13,3,6,20,14,19,19,10,13,16,11,23,10
SM-7019K,"IS250,IS350 05-13 Front SM Kit",13-B-9-5,9346140037225,03 Silver,111,0,7,3,8,10,2,4,0,2,2,2,10,2,2,5,0,4,10,3,2,6,10,7,5,9,0,6,3,6,16,8,1,4,4,12,4,5
SM-7020K,LS430 UCF30 4.3L V8 Front SM,26-B-6-1,9346140037232,04 Bronze,32,0,2,4,0,0,0,0,0,2,0,0,0,2,0,0,2,0,2,2,0,0,0,0,0,0,0,2,2,0,0,0,0,0,0,0,0,0
SM-7021/B,"Mur Z51,Path R52 3.5L 13-17 Fr",2-B-5-5,9346140037249,03 Silver,122,100,10,10,6,11,13,19,8,4,16,12,9,15,6,18,8,10,17,10,4,14,20,9,8,10,2,4,15,12,9,4,5,7,9,8,7,1
SM-7022LH/B,"Juk F15,Pul C12 1.6L F LH SM",13-B-3-5,9346140037256,03 Silver,75,100,7,8,11,7,10,7,8,11,3,5,11,7,6,10,4,5,12,6,5,16,6,8,11,7,7,6,10,14,9,5,7,2,11,8,7,8
SM-7022RH/B,"Juk F15,Pul C12 1.6L F RH SM",13-B-2-5,9346140040119,03 Silver,75,100,10,8,12,6,10,8,8,11,5,5,9,6,6,10,3,5,11,7,5,17,8,10,12,7,7,7,10,11,9,6,6,3,6,8,8,7
SM-7023B,Rio BC 1.5L 00-02 Front SM WB,26-B-7-1,9346140039878,04 Bronze,25,0,0,0,0,0,0,2,0,2,0,0,0,0,0,0,0,0,0,0,0,2,0,0,0,0,0,2,2,0,0,0,0,0,0,0,0,2
SM-7024/B,"San FE DM,Sore XM 12-15 Fr SM",13-B-5-3,9346140040126,03 Silver,112,0,4,0,8,2,6,2,4,2,9,0,4,4,0,10,2,4,10,6,10,-2,8,4,6,6,12,4,10,6,11,4,8,8,12,-2,8,10
SM-7025RK,"Lex UX200-250H,C-HR Rear SM Kt",26-B-8-1,9346140040133,04 Bronze,52,0,0,2,-2,0,0,0,0,0,3,0,0,0,0,0,0,0,0,0,0,2,0,0,0,0,0,0,0,2,0,0,0,0,0,-1,0,2
SM-7026/B,"Sport QL,Tucs TLE Front SM W/B",13-B-3-1,9346140040140,04 Bronze,40,100,2,0,0,4,0,2,4,2,-1,5,2,7,-1,0,0,8,1,4,0,7,0,9,4,-1,4,10,6,6,8,5,5,4,4,8,2,2
SM-7027/B,Noah ZRR70-80 Front SM W/B,26-B-9-1,9346140040157,04 Bronze,16,0,0,0,0,0,0,0,0,0,0,0,0,0,0,0,0,0,0,0,2,0,0,0,0,0,0,0,0,0,2,0,0,0,0,0,0,0
SM-7028/B,"Civ FC6,FK4,FK5 1.5L Fr SM W/B",26-B-10-1,9346140040164,04 Bronze,30,30,2,0,2,2,0,0,0,0,0,0,2,0,0,4,0,0,0,0,0,0,0,0,3,2,0,4,-2,0,0,4,0,4,1,2,6,-1
SM-7028R,CIVIC FC1 1.5   2016- REAR S/M,26-B-11-1,9346140023631,04 Bronze,51,0,0,0,0,0,0,0,0,0,0,0,0,0,0,0,0,0,0,0,0,0,0,0,2,0,0,2,0,2,4,0,0,0,2,3,2,2
SM-7029/B,Journey JC 08-on Front SM W/B,2-C-6-3,9346140040171,04 Bronze,133,0,6,4,0,-2,3,4,0,2,8,5,1,2,4,4,2,3,2,8,2,2,4,8,2,0,0,4,2,2,0,0,4,2,1,2,3,3
SM-7030RK,"Aven,Cali,Jour,Com Rear SM Kit",25-A-1-1,9346140040188,04 Bronze,120,0,2,0,4,0,2,2,2,2,0,0,0,2,0,4,2,2,2,2,2,0,2,4,4,0,4,2,2,2,2,0,0,0,0,5,0,2
SM-7031RK,Journey JC 3.6L 12-on Rear SM,25-A-2-1,9346140040195,04 Bronze,38,0,0,0,0,0,0,0,0,0,0,0,0,0,0,2,0,0,0,0,0,2,0,0,0,0,0,0,4,2,0,0,0,0,2,0,0,0
SM-7032/B,"Mustang FM,FN 14-on Front SM B",25-A-3-1,9346140040201,04 Bronze,53,0,0,0,0,0,0,0,0,0,0,0,3,0,0,2,0,0,0,0,0,0,0,0,3,2,0,0,0,0,1,2,4,0,2,2,0,3
SM-7033BK,"BMW X5 E70,X6 E71 Front SM Kit",13-C-3-5,9346140043301,03 Silver,96,100,0,0,12,4,14,6,5,4,6,13,5,4,11,11,9,4,4,6,9,8,8,8,12,6,14,3,4,8,6,4,7,4,15,4,8,8
SM-7033RK,"BMW X5 E70,X6 E71 Rear SM Kit",25-A-4-1,9346140045626,04 Bronze,35,0,0,0,0,0,0,0,0,0,0,0,0,0,0,0,0,0,0,0,0,0,2,0,4,0,0,4,0,0,0,2,4,4,2,0,4,0
SM-7034/B,Camry AXVH71 2.5L Front SM WB,13-C-1-2,9346140040751,04 Bronze,85,0,0,1,6,0,3,-2,1,0,3,4,4,3,4,2,0,0,0,0,4,2,8,4,5,2,1,2,3,12,1,7,4,-2,1,2,3,3
SM-7035RK,CRV RM1 2.0L 12-17 Rear SM Kit,25-A-5-1,9346140040768,04 Bronze,15,20,0,0,0,1,0,0,0,0,2,0,0,0,0,0,0,0,0,0,0,0,0,0,0,1,0,0,4,0,0,0,0,2,2,-1,2,0
SM-7036/B,"Swift FZ 1.4,1.6L Front SM W/B",13-A-9-5,9346140040775,02 Gold,187,200,13,28,32,46,23,22,15,12,20,25,17,24,46,27,14,10,28,13,10,11,17,12,12,23,22,21,17,26,24,13,16,3,15,9,20,17
SM-7037R,"Fiesta WP,WQ/Mazd 2 DY Rear SM",25-A-6-1,9346140040782,04 Bronze,32,0,0,0,0,0,2,0,0,0,0,0,0,3,0,0,2,0,0,0,4,-2,0,2,0,0,2,0,0,0,2,2,2,2,0,2,2,0
SM-7038/B,"CX3 DK,Maz 2 DJ,DL Front SM WB",2-C-7-3,9346140040799,03 Silver,91,0,0,8,0,2,5,0,2,7,6,4,0,2,0,0,7,3,2,4,3,2,6,6,14,5,1,0,0,4,6,0,2,3,9,4,10,4
SM-7039/B,"Civi FK2,FN2 06-12 Front SM WB",13-C-4-1,9346140040805,04 Bronze,23,100,6,2,2,0,2,4,2,0,0,2,2,4,0,0,2,2,2,1,0,2,3,4,4,4,5,8,3,0,5,2,4,7,6,4,7,6
SM-7040/B,"Rav4 ALA,ASA,ZSA Front SM WB",13-C-3-1,9346140040812,03 Silver,70,0,2,4,9,4,7,1,0,4,4,3,0,5,4,8,5,8,1,8,3,0,4,4,4,4,1,1,2,5,4,1,2,2,6,7,8,13
SM-7041/B,"Disco,Freel,Evoqu Front SM WB",25-A-7-1,9346140040829,04 Bronze,46,0,0,0,0,0,0,0,0,0,0,0,0,0,2,0,0,2,0,2,0,0,0,0,0,0,1,0,0,0,0,0,2,2,0,0,0,2
SM-7041R,"Disco,Freeland,Evoque Rear SM",25-A-8-1,9346140046692,06 First Sale in FY26,18,0,0,0,0,0,0,0,0,0,0,0,0,0,0,0,0,0,0,0,0,0,0,0,0,0,0,0,0,0,0,0,0,0,0,0,2,0
SM-7042/B,"CX-5 KF,CX-9 TC Front SM W/B",13-B-9-3,9346140040836,03 Silver,144,0,3,2,7,5,6,5,0,2,2,2,2,2,4,12,7,0,16,8,4,4,2,1,0,7,9,2,13,18,11,2,3,12,17,14,3,8
SM-7042R,"CX-5 KF,CX-9 TC Rear SM",13-B-8-4,9346140042458,04 Bronze,113,0,0,0,0,0,0,0,0,0,0,0,0,0,4,1,2,-1,4,2,2,7,8,2,6,2,0,2,10,7,8,1,12,5,9,5,2,5
SM-7043K,Ranger PX3 18-on Front SM Kit,13-C-4-2,9346140040843,04 Bronze,31,100,2,0,0,2,0,0,2,2,2,0,0,0,0,0,0,0,0,0,0,0,0,2,0,0,6,0,2,6,8,0,2,4,4,0,4,0
SM-7044,MX5 NA Front & Rear Strut mnt,25-A-9-1,9346140041673,04 Bronze,17,50,0,0,0,0,1,0,0,0,0,0,0,0,4,0,0,0,0,4,0,0,2,0,2,0,2,0,0,0,2,0,0,0,8,0,0,0
SM-7045/B,"Lex UX200-250H,C-HR Front SM",25-A-10-1,9346140041680,04 Bronze,31,0,0,2,-2,0,0,0,0,2,0,0,0,0,5,-2,2,1,1,1,-1,2,3,1,2,2,0,0,0,2,2,3,0,1,1,0,3,1
SM-7045/BK,"Lex UX200-250H,C-HR Fnt w/boot",25-A-11-1,9346140043684,06 First Sale in FY26,42,0,0,0,0,0,0,0,0,0,0,0,0,0,0,0,0,0,0,0,0,0,0,0,0,0,0,2,0,0,0,0,1,1,2,0,0,0
SM-7046/B,"Odyssey RB,RC Front SM",13-A-10-2,9346140041697,03 Silver,191,200,3,5,9,7,17,6,2,2,5,10,4,12,8,11,14,19,9,6,6,12,16,17,26,23,14,26,15,10,19,23,18,5,24,15,18,12
SM-7047LH/B,Chero KL All 14-on Front LH SM,25-A-1-2,9346140041703,04 Bronze,82,0,0,0,0,0,0,0,0,0,0,0,0,0,0,0,0,0,0,0,2,0,3,1,0,2,2,2,1,4,0,4,1,2,3,0,1,6
SM-7047RH/B,Chero KL All 14-on Front RH SM,25-A-2-2,9346140043875,04 Bronze,80,0,0,0,0,0,0,0,0,0,0,0,0,0,0,0,0,0,0,0,3,0,3,1,0,3,2,2,1,5,0,3,2,1,3,0,1,6
SM-7048RLH,Chero KL All 14-on Rear LH SM,25-A-3-2,9346140041710,04 Bronze,17,0,0,0,0,0,0,0,0,0,0,0,0,0,0,0,0,0,0,0,0,0,0,0,1,0,0,0,0,0,0,0,0,0,1,0,0,1
SM-7048RRH,Chero KL All 14-on Rear RH SM,25-A-4-2,9346140043882,06 First Sale in FY26,18,0,0,0,0,0,0,0,0,0,0,0,0,0,0,0,0,0,0,0,0,0,0,0,0,0,0,0,0,0,0,0,0,0,1,0,0,1
SM-7049,"BMX X5,X6 F15 13-19 Front SM",25-A-5-2,9346140041727,04 Bronze,63,0,0,0,0,0,0,0,0,0,0,0,0,0,0,0,0,0,0,0,0,0,0,0,0,0,2,0,0,0,0,0,0,0,0,2,0,2
SM-7051K,"520i-550i,640i-740i Front S/M",25-A-6-2,9346140041741,05 No Sales FY25,46,0,0,0,0,0,0,0,0,0,0,0,0,0,2,0,0,0,0,0,0,0,0,0,0,0,0,0,0,0,0,0,0,0,0,0,0,2
SM-7052F,"A4 8K2 1.8,3.0L 07-15 Front SM",13-C-5-2,9346140041758,04 Bronze,115,0,4,0,2,2,0,0,6,4,-3,4,0,6,1,0,0,2,2,0,0,0,4,0,2,0,2,6,10,6,2,3,0,0,2,2,0,6
SM-7052R,"A4 8K2 1.8,3.0L 07-15 Rear SM",25-A-7-2,9346140042182,04 Bronze,77,0,0,0,0,0,0,0,0,0,0,0,0,0,0,2,0,2,0,0,0,0,0,0,2,0,0,0,2,2,0,0,-2,0,0,2,0,0
SM-7053/B,"A3,TT,Q2-3,Golf,Tigua Front SM",13-A-9-1,9346140041765,03 Silver,191,300,5,0,4,5,5,2,11,10,6,4,11,12,0,16,12,11,23,8,18,15,12,28,8,19,6,14,12,25,25,9,12,18,17,41,23,22
SM-7053R,"A3,TT,Q2-3,Golf,Tigua Rear SM",25-A-8-2,9346140043196,04 Bronze,51,0,0,0,0,0,0,0,0,0,0,0,0,0,0,0,2,0,2,0,0,2,6,2,2,2,2,4,-1,4,0,0,0,8,2,6,4,-2
SM-7054F,"Odyssey RB1,RB3 2.4L Front SM",25-A-9-2,9346140041772,04 Bronze,67,0,0,2,4,0,2,2,4,4,-2,-2,2,4,0,2,0,2,2,7,0,2,4,3,2,0,4,2,2,-2,4,0,2,2,2,0,4,1
SM-7054FK,"Odys RB1,RB3 2.4L Front SM Kit",25-A-10-2,9346140046838,06 First Sale in FY26,41,0,0,0,0,0,0,0,0,0,0,0,0,0,0,0,0,0,0,0,0,0,0,0,0,0,0,0,0,0,0,2,0,4,0,0,3,0
SM-7054R,Integra DC1 1.6L 93-00 Rear SM,25-A-11-2,9346140042205,04 Bronze,74,0,0,0,0,0,0,0,0,2,0,0,0,4,0,0,0,0,0,0,2,2,-2,-2,0,0,2,-2,0,0,0,0,0,0,0,0,0,0
SM-7055/B,Master X62 2.3TD 13-on Frnt WB,25-A-12-2,9346140047361,06 First Sale in FY26,40,0,0,0,0,0,0,0,0,0,0,0,0,0,0,0,0,0,0,0,0,0,0,0,0,0,0,0,0,0,0,0,0,0,0,2,4,2
SM-7056/B,Sorento UM 15-20 Front SM W/B,25-A-1-3,9346140044315,04 Bronze,118,0,0,0,0,0,0,0,0,0,0,0,0,0,0,0,0,0,2,0,0,2,0,0,1,0,2,0,2,2,0,1,2,2,0,4,0,6
SM-7058/B,"Accord, CRV 2.4 Front SM W/B",25-A-3-3,9346140042229,04 Bronze,26,0,0,0,0,0,0,0,0,2,0,0,0,0,0,0,2,0,2,-2,0,0,0,0,0,0,0,2,0,-2,0,0,0,0,0,0,0,0
SM-7059/B,Sirion 98-13 Frnt SM w/bearing,13-C-5-1,9346140042236,04 Bronze,124,0,0,0,5,0,1,2,2,3,1,2,0,4,2,0,2,0,2,4,0,5,4,0,2,2,0,8,0,4,0,2,3,0,0,0,0,4
SM-7060/B,Vito W638 98-04 Front SM W/B,25-A-4-3,9346140042243,05 No Sales FY25,88,0,0,0,0,0,0,0,0,0,0,0,0,0,2,0,0,0,0,0,0,0,0,0,0,0,0,0,0,0,0,0,0,0,0,0,0,0
SM-7061FR,"Merc C,E-Class,GLC 14-on Front",25-A-5-3,9346140044612,04 Bronze,21,0,0,0,0,0,0,0,0,0,0,0,0,0,0,0,0,0,0,0,0,0,2,0,0,0,3,0,4,0,0,0,0,0,0,0,0,0
SM-7062/B,"E-Class S212,W212 Front SM/B",25-A-6-3,9346140042267,04 Bronze,57,0,0,0,0,0,0,0,0,0,0,0,0,0,0,0,0,0,0,0,0,0,2,1,0,0,0,0,0,0,0,0,0,0,0,0,0,0
SM-7063F/B,"Merc A(W169),B(W245) Front SM",13-C-2-1,9346140042274,06 First Sale in FY26,97,0,0,0,0,0,0,0,0,0,0,0,0,0,0,0,0,0,0,0,0,0,0,0,0,0,0,0,0,2,7,4,6,2,10,4,2,2
SM-7064F/B,Merc A/B/CLA180-250 12-19 F SM,25-A-7-3,9346140042281,04 Bronze,25,50,0,0,0,0,0,0,0,0,0,0,0,0,0,0,0,0,0,0,0,2,3,0,1,0,0,0,3,0,0,2,2,4,4,3,3,2
SM-7064R,Merc A/B/CLA180-250 12-19 Rear,25-A-8-3,9346140042298,04 Bronze,30,0,0,0,0,0,0,0,0,0,0,0,0,0,0,0,0,0,2,0,2,0,0,0,0,0,0,0,0,0,2,0,2,2,4,4,0,0
SM-7065/B,Ignis MF 1.2L 16-on Front SM/B,2-C-1-4,9346140044124,04 Bronze,103,0,0,0,0,0,0,0,0,0,0,0,0,0,0,0,0,0,2,0,0,0,0,0,0,0,2,2,4,7,4,0,2,0,0,4,0,4
SM-7066F,"Sprint W903/4, VW LT35,46 F SM",25-A-9-3,9346140044452,04 Bronze,28,0,0,0,0,0,0,0,0,0,0,0,0,0,0,0,0,0,0,0,0,0,0,0,0,2,0,0,0,0,0,0,0,0,0,0,0,0
SM-7067F/B,Merc C-Class 00-09 Front SM WB,25-A-10-3,9346140044469,04 Bronze,72,0,0,0,0,0,0,0,0,0,0,0,0,0,0,0,0,0,0,0,0,0,2,0,0,4,2,0,5,2,2,2,0,0,0,0,5,0
SM-7070F/B,"500X,Compass,Renegade Front SM",25-B-1-1,9346140045442,06 First Sale in FY26,41,0,0,0,0,0,0,0,0,0,0,0,0,0,0,0,0,0,0,0,0,0,0,0,0,0,0,0,0,0,0,0,0,2,2,3,2,0
SM-7071RLH,"500X,Compass,Renegade Rear LH",25-B-3-1,9346140045466,07 Not Classed,20,0,,,,,,,,,,,,,,,,,,,,,,,,,,,,,,,,,,,,
SM-7071RRH,"500X,Compass,Renegade Rear RH",25-B-2-1,9346140045473,07 Not Classed,20,0,,,,,,,,,,,,,,,,,,,,,,,,,,,,,,,,,,,,
SM-7072R,"Libe,Out 2.5,3.0L 14-20 RearSM",13-C-3-2,9346140045480,04 Bronze,76,0,0,0,0,0,0,0,0,0,0,0,0,0,0,0,0,0,0,0,0,0,0,0,0,2,6,2,4,2,2,4,6,0,0,2,2,6
SM-7073RE,"Volvo S60,S80 01-09 Rear SM",25-B-4-1,9346140045503,07 Not Classed,20,0,,,,,,,,,,,,,,,,,,,,,,,,,,,,,,,,,,,,
SM-7074F/B,Cerato TD 2.0L 09-13 Front SM,25-B-5-1,9346140045510,04 Bronze,33,0,0,0,0,0,0,0,0,0,0,0,0,0,0,0,0,0,0,0,0,0,0,0,0,4,2,2,2,0,0,0,-2,0,3,0,4,2
SM-7075/B,"Via,Vito W639 04-15 Front SM/B",25-B-6-1,9346140045435,06 First Sale in FY26,40,0,0,0,0,0,0,0,0,0,0,0,0,0,0,0,0,0,0,0,0,0,0,0,0,0,0,1,0,0,2,2,0,0,0,2,0,0
SM-7076R,"XC90 2.4,2.5,3.2 03-15 Rear SM",25-B-7-1,9346140045497,07 Not Classed,40,0,,,,,,,,,,,,,,,,,,,,,,,,,,,,,,,,,,,,
SM-7077R,"Tribeca 3.0,3.6L 06-14 Rear SM",25-B-8-1,9346140045558,04 Bronze,50,0,0,0,0,0,0,0,0,0,0,0,0,0,0,0,0,0,0,0,0,2,2,0,0,2,0,2,0,2,0,0,0,0,0,0,0,0
SM-7078/B,"Via,Vito W639 04-15 Front SM/B",25-B-9-1,9346140045459,06 First Sale in FY26,24,0,0,0,0,0,0,0,0,0,0,0,0,0,0,0,0,0,0,0,0,0,0,0,0,0,0,2,0,0,0,0,0,0,2,0,0,0
SM-7080F/B,"BMW 1,2,3,4 1161-440i Front M8",13-C-1-1,9346140045978,06 First Sale in FY26,40,0,0,0,0,0,0,0,0,0,0,0,0,0,0,0,0,0,0,0,0,0,0,0,0,0,0,0,0,7,5,2,3,0,2,4,-1,6
SM-7081F/B,"BMW X3,X4 xDrive F25,26 Front",25-B-10-1,9346140045985,06 First Sale in FY26,16,50,0,0,0,0,0,0,0,0,0,0,0,0,0,0,0,0,0,0,0,0,0,0,0,0,0,0,0,0,0,0,2,0,2,3,4,2
SM-7082F/B,"Ast BK 1.4,1.6L 16-20 Front SM",25-B-1-2,9346140046326,06 First Sale in FY26,77,0,0,0,0,0,0,0,0,0,0,0,0,0,0,0,0,0,0,0,0,0,0,0,0,0,0,0,0,0,2,2,2,4,2,0,1,0
SM-7083/BK,"Trafic X82,X83 15-22 Front SM",25-B-2-2,9346140048191,06 First Sale in FY26,50,100,0,0,0,0,0,0,0,0,0,0,0,0,0,0,0,0,0,0,0,0,0,0,0,0,0,0,0,0,0,0,0,0,0,2,8,1
SM-7085B,"Coro ZRE142,144 06-12 Front SM",25-B-2-2,9346140046821,07 Not Classed,100,0,,,,,,,,,,,,,,,,,,,,,,,,,,,,,,,,,,,,
SM-7086/B,"Carn YP 2.2TD,3.3L 15-20 Front",25-B-3-2,9346140046869,06 First Sale in FY26,67,0,0,0,0,0,0,0,0,0,0,0,0,0,0,0,0,0,0,0,0,0,0,0,0,0,0,0,0,0,0,4,4,0,8,2,2,11
SM-7087/B,"Fore,Impr,WRX,XV 16-on Fro SM",13-B-10-1,9346140047255,06 First Sale in FY26,18,100,0,0,0,0,0,0,0,0,0,0,0,0,0,0,0,0,0,0,0,0,0,0,0,0,0,0,0,0,0,5,7,7,2,16,7,6
SM-7087R,"Fore,Impr,WRX,XV 16-on Rear SM",25-B-4-2,9346140047262,06 First Sale in FY26,28,0,0,0,0,0,0,0,0,0,0,0,0,0,0,0,0,0,0,0,0,0,0,0,0,0,0,0,0,0,0,0,2,0,0,0,0,0
SM-7089/B,Cerato TD 2.0L 09-13 Front SM,25-B-6-2,9346140047194,06 First Sale in FY26,8,100,0,0,0,0,0,0,0,0,0,0,0,0,0,0,0,0,0,0,0,0,0,0,0,0,0,0,2,2,3,3,0,2,8,2,0,6
SM-7090/B,"Vita LY 1.4,1.6L 15-on F SM WB",13-C-1-4,9346140048405,06 First Sale in FY26,46,0,0,0,0,0,0,0,0,0,0,0,0,0,0,0,0,0,0,0,0,0,0,0,0,0,0,0,0,0,0,0,0,0,0,0,0,4
AH-516,Hilux RN50-60 83-89 Air C/hose,28-A-3-1,9346140000052,06 First Sale in FY26,42,0,0,0,0,0,0,0,0,0,0,0,0,0,0,0,0,0,0,0,0,0,0,0,0,0,0,1,0,0,0,0,0,0,0,0,0,0
Em-6215H,Rav4 MXAA54 2.0L 19-on RH Hydr,22-B-7-3,9346140046098,06 First Sale in FY26,26,0,0,0,0,0,0,0,0,0,0,0,0,0,0,0,0,0,0,0,0,0,0,0,0,0,0,0,0,0,1,0,0,0,0,1,0,0
EM-6214LH,Rav4 MXAA54 2.0L 19-on LH,22-B-6-3,9346140047002,07 Not Classed,20,0,,,,,,,,,,,,,,,,,,,,,,,,,,,,,,,,,,,,
Em-6234H,"Scenic, Kangoo, Megane RH",22-B-6-1,9346140046968,06 First Sale in FY26,37,0,0,0,0,0,0,0,0,0,0,0,0,0,0,0,0,0,0,0,0,0,0,0,0,0,0,0,2,0,0,0,0,0,0,0,0,1
Em-6213RH,"BMW 520i,530i,630i 16-23 F/RH",22-B-5-3,9346140045848,04 Bronze,39,0,0,0,0,0,0,0,0,0,0,0,0,0,0,0,0,0,0,0,0,0,0,0,0,0,2,1,0,1,1,3,0,2,0,0,0,0
Em-6233,Malibu EM 2.4L 13-17 RH mnt,22-B-5-1,9346140046951,07 Not Classed,20,0,,,,,,,,,,,,,,,,,,,,,,,,,,,,,,,,,,,,
Em-6207,CX5 KF 2.5L/T 17-on Rear AWD,22-B-4-4,9346140045633,06 First Sale in FY26,70,0,0,0,0,0,0,0,0,0,0,0,0,0,0,0,0,0,0,0,0,0,0,0,0,0,0,2,0,2,3,-1,0,0,1,2,1,0
Em-6213LH,"BMW 520i,530i,630i 16-23 F/LH",22-B-4-3,9346140045893,06 First Sale in FY26,43,0,0,0,0,0,0,0,0,0,0,0,0,0,0,0,0,0,0,0,0,0,0,0,0,0,0,1,1,1,1,0,0,2,0,0,0,0
Em-6219H,"Lex ES250,Cam AXVH70 2.5 Front",22-B-4-2,9346140046371,06 First Sale in FY26,43,0,0,0,0,0,0,0,0,0,0,0,0,0,0,0,0,0,0,0,0,0,0,0,0,0,0,0,0,0,2,0,0,0,3,1,1,0
Em-6221H,"Disc,Evoq SD4,TD4 2.2TD RH Hyd",22-B-4-2,9346140046456,06 First Sale in FY26,22,0,0,0,0,0,0,0,0,0,0,0,0,0,0,0,0,0,0,0,0,0,0,0,0,0,0,0,2,0,1,1,1,0,1,2,0,0
Em-6232,Malibu EM 2.4L 13-17 LH mnt,22-B-4-1,9346140046944,07 Not Classed,20,0,,,,,,,,,,,,,,,,,,,,,,,,,,,,,,,,,,,,
Em-6222,"TT 8J,Q3 8U,F3,Tig 5N Rear SB",22-B-3-2,9346140046494,06 First Sale in FY26,38,0,0,0,0,0,0,0,0,0,0,0,0,0,0,0,0,0,0,0,0,0,0,0,0,0,0,0,2,0,0,0,1,1,1,0,4,1
Em-6231H,"Peu307,308,3008,5008 2.0HDi RH",22-B-3-1,9346140046920,06 First Sale in FY26,9,30,0,0,0,0,0,0,0,0,0,0,0,0,0,0,0,0,0,0,0,0,0,0,0,0,0,0,0,1,2,2,0,4,1,3,1,0
Em-6223,"TT 8J, Tiguan 5N 07-16 Rear M",22-B-2-2,9346140046500,07 Not Classed,30,0,,,,,,,,,,,,,,,,,,,,,,,,,,,,,,,,,,,,
Em-6228,"500X,Rene 1.4L 15-on RearLower",22-B-2-1,9346140046784,06 First Sale in FY26,26,0,0,0,0,0,0,0,0,0,0,0,0,0,0,0,0,0,0,0,0,0,0,0,0,0,0,0,0,0,0,0,0,0,1,0,0,1
Em-6224H,"Cit C3,C4,Peo 207,208,2008 RH",22-B-1-2,9346140046517,06 First Sale in FY26,16,0,0,0,0,0,0,0,0,0,0,0,0,0,0,0,0,0,0,0,0,0,0,0,0,0,0,0,0,0,1,0,0,1,0,0,0,0
Em-6227,CX5 KF 2.0.2.5L 17-on Rear A,22-B-1-1,9346140046760,06 First Sale in FY26,22,0,0,0,0,0,0,0,0,0,0,0,0,0,0,0,0,0,0,0,0,0,0,0,0,0,0,0,0,0,0,0,1,1,0,0,2,3
Em-6235,"NX250,Rav4 AXXA54R 19-24 RH A",22-A-3-1,9346140047019,07 Not Classed,20,0,,,,,,,,,,,,,,,,,,,,,,,,,,,,,,,,,,,,
Em-6249,"A1 GB, Polo AW 1.0L 19-on LH",22-A-2-1,9346140045992,06 First Sale in FY26,30,0,0,0,0,0,0,0,0,0,0,0,0,0,0,0,0,0,0,0,0,0,0,0,0,0,0,0,0,0,0,0,0,0,0,0,0,0
Em-6250H,Cruze JH 2.0TD 11-15 RH Hydro,22-A-1-1,9346140047576,07 Not Classed,19,0,,,,,,,,,,,,,,,,,,,,,,,,,,,,,,,,,,,,
BB-7595,"Sport KM,Tucs JM Rear X/Mem Fr",15-D-2-10,9346140046166,07 Not Classed,28,0,0,0,0,0,0,0,0,0,0,0,0,0,0,0,0,0,0,0,0,0,0,0,0,0,0,0,0,0,0,0,0,0,0,0,0,2
